"","sci.name","lat","long","altitude","treatment"
"1","Albizia amara","13.83854918","78.41062857",509.2296753,"CAFA"
"2","Acacia chundra","13.89258037","78.41393356",433,"CPFA"
"3","Acacia chundra","14.11626597","78.34036942",400.512207,"CAFA"
"4","Premna tomentosa","14.00862278","78.32078662",508.2138672,"CAFA"
"5","Chloroxylon swietenia","13.82823689","78.41299543",466.6804199,"Control"
"6","Chloroxylon swietenia","14.05083","78.32462333333334",577.5,"CAFA"
"7","Acacia chundra","13.89427909","78.41307833",433.71521,"CAFA"
"8","Dolichandrone atrovirens","13.85041415","78.44364852",486.6148071,"CPFA"
"9","Chloroxylon swietenia","13.82797396","78.41312501",463.7039185,"Control"
"10","Acacia chundra","13.89436792","78.41309852",429.7231445,"CAFA"
"11","Dolichandrone atrovirens","13.84878474","78.42887722",457,"CAFA"
"12","Dolichandrone atrovirens","13.81436862","78.41909819",448.112915,"CPFA"
"13","Wrightia tinctoria","13.80485887","78.4140766",502.9812622,"CAFA"
"14","Dolichandrone atrovirens","13.85290966","78.44287443",498.2650146,"Control"
"15","Dolichandrone atrovirens","13.85285745","78.4430988",490.7625122,"Control"
"16","Dolichandrone atrovirens","13.86943859","78.41782078",419.3275146,"Control"
"17","Acacia chundra","13.85314888","78.44343009",508.0626221,"Control"
"18","Chloroxylon swietenia","14.050971666666666","78.32478333333333",577.1,"CAFA"
"19","Chloroxylon swietenia","14.051026666666667","78.32470833333333",612.4,"CAFA"
"20","Chloroxylon swietenia","14.050896666666665","78.32466166666667",580.1,"CAFA"
"21","Dolichandrone atrovirens","13.81484379","78.41885363",449.6091309,"CPFA"
"22","Annona squamosa","14.069881666666667","78.318305",554,"CAFA"
"23","Acacia chundra","13.89417284","78.41325793",433.293457,"CAFA"
"24","Chloroxylon swietenia","14.050848333333333","78.32467166666667",576.2,"CAFA"
"25","Acacia chundra","13.82879849","78.41297814",443.362915,"CAFA"
"26","Dolichandrone atrovirens","13.93969688","78.49325261",463,"CAFA"
"27","Acacia chundra","13.85039357","78.4437867",503.470459,"CPFA"
"28","Dolichandrone atrovirens","14.11820992","78.33499569",417.7387085,"CAFA"
"29","Dolichandrone atrovirens","14.11804803","78.33334396",392.491333,"CPFA"
"30","Dolichandrone atrovirens","13.82876857","78.41301368",450.9958496,"CAFA"
"31","Wrightia tinctoria","13.81440616","78.41906531",451.7733154,"CPFA"
"32","Dolichandrone atrovirens","13.93981397","78.49371608",466,"CAFA"
"33","Acacia chundra","13.85035228","78.44377532",503.5070801,"CPFA"
"34","Dolichandrone atrovirens","14.11816252","78.3335273",393.6987305,"CPFA"
"35","Acacia chundra","13.84578222","78.44874165",514.9238892,"CPFA"
"36","Dolichandrone atrovirens","14.1185286","78.33474729",410.0886841,"CAFA"
"37","Wrightia tinctoria","14.064646666666667","78.3197",533,"CAFA"
"38","Acacia chundra","13.89259261","78.41367279",424,"CPFA"
"39","Chloroxylon swietenia","14.050988333333331","78.32476333333334",553.4,"CAFA"
"40","Chloroxylon swietenia","13.9429603","78.50781456",402,"CPFA"
"41","Tectona grandis","13.84885622","78.42865609",453,"CAFA"
"42","Acacia chundra","13.82816881","78.41302805",457.6098633,"Control"
"43","Acacia chundra","13.89257826","78.41369359",421,"CPFA"
"44","Chloroxylon swietenia","13.827943","78.41315171",464.0305786,"Control"
"45","Dolichandrone atrovirens","13.84578011","78.44865076",518.6365967,"CPFA"
"46","Chloroxylon swietenia","13.82822893","78.4129917",468.9816895,"Control"
"47","Wrightia tinctoria","14.0085842","78.32100089",508.6052246,"CAFA"
"48","Dalbergia paniculata","13.87383017","78.52806262",432,"CAFA"
"49","Chloroxylon swietenia","14.050931666666667","78.32475500000001",553.5,"CAFA"
"50","Tectona grandis","13.89217722","78.48074591",459,"CPFA"
"51","Acacia chundra","13.85034774","78.44376958",499.8048706,"CPFA"
"52","Acacia chundra","13.89375902","78.41328801",438.1040649,"CAFA"
"53","Dolichandrone atrovirens","13.94029685","78.49542394",465,"CAFA"
"54","Acacia chundra","14.11815193","78.33377573",397.0795898,"CPFA"
"55","Dolichandrone atrovirens","13.85276864","78.44247787",473.8406982,"Control"
"56","Wrightia tinctoria","14.07263248","78.36363974",409,"CPFA"
"57","Holoptelia intergrifolia","14.0302022","78.38464939",401,"CAFA"
"58","Dolichandrone atrovirens","13.94021201","78.49544936",474,"CAFA"
"59","Dolichandrone atrovirens","14.11824334","78.33376724",392.4125977,"CPFA"
"60","Dolichandrone atrovirens","13.85300688","78.44266937",502.2700195,"Control"
"61","Tectona grandis","13.89542321","78.47717073",424,"CAFA"
"62","Dolichandrone atrovirens","13.93970242","78.49313342",459,"CAFA"
"63","Dolichandrone atrovirens","14.1181866","78.33391041",384.5213013,"CPFA"
"64","Dolichandrone atrovirens","13.83766606","78.41065047",505.4089355,"Control"
"65","Dolichandrone atrovirens","13.93949778","78.49320559",473,"CAFA"
"66","Dolichandrone atrovirens","13.85298664","78.44304528",500.4345703,"Control"
"67","Dolichandrone atrovirens","13.94040239","78.49545898",468,"CAFA"
"68","Dolichandrone atrovirens","13.94021302","78.49536349",471,"CAFA"
"69","Wrightia tinctoria","14.01898639","78.3825757",436,"CAFA"
"70","Dolichandrone atrovirens","13.93971062","78.49360617",473,"CAFA"
"71","Cassia fistula","14.02234942","78.38155426",448,"CAFA"
"72","Dolichandrone atrovirens","13.93988839","78.4938573",467,"CAFA"
"73","Premna tomentosa","14.00860273","78.32078378",506.6862793,"CAFA"
"74","Acacia chundra","13.89434758","78.41321076",439.7043457,"CAFA"
"75","Tectona grandis","13.8955708","78.47727534",455,"CAFA"
"76","Dolichandrone atrovirens","13.93983946","78.49351139",471,"CAFA"
"77","Dolichandrone atrovirens","13.85291772","78.44290593",488.6346436,"Control"
"78","Morinda pubescens","13.84587448","78.44886549",521.3051758,"CPFA"
"79","Chloroxylon swietenia","14.069851666666667","78.31818666666666",553,"CAFA"
"80","Dolichandrone atrovirens","13.83899995","78.41063278",539.1990967,"CAFA"
"81","Chloroxylon swietenia","13.94282253","78.50777491",407,"CPFA"
"82","Dolichandrone atrovirens","13.82899405","78.41245602",453.880127,"CAFA"
"83","Premna tomentosa","14.00875475","78.32053347",514.0558472,"CAFA"
"84","Cassia fistula","14.065053333333333","78.31969333333333",532.8,"CAFA"
"85","Chloroxylon swietenia","13.9429074","78.50772105",403,"CPFA"
"86","Carissa carandas","14.055478333333333","78.34324166666667",484.2,"CAFA"
"87","Chloroxylon swietenia","14.051396666666669","78.32464666666667",587.6,"CAFA"
"88","Dalbergia paniculata","14.050916666666668","78.32474833333335",579.4,"CAFA"
"89","Acacia chundra","13.89395341","78.41318874",430.5831909,"CAFA"
"90","Chloroxylon swietenia","13.94262823","78.50769513",420,"CPFA"
"91","Acacia chundra","13.82871194","78.41309773",438.1207275,"CAFA"
"92","Acacia chundra","13.89265728","78.41410058",433,"CPFA"
"93","Acacia chundra","14.11851089","78.33448425",404.3614502,"CAFA"
"94","Acacia chundra","13.84582723","78.4486189",513.8408813,"CPFA"
"95","Dolichandrone atrovirens","13.94004819","78.49549252",483,"CAFA"
"96","Wrightia tinctoria","13.81443612","78.41897068",437.2445068,"CPFA"
"97","Dolichandrone atrovirens","13.939785","78.4934499",468,"CAFA"
"98","Dolichandrone atrovirens","13.93970212","78.49325577",466,"CAFA"
"99","Dolichandrone atrovirens","13.85298634","78.44303384",502.5352783,"Control"
"100","Dolichandrone atrovirens","13.9402106","78.49537329",473,"CAFA"
"101","Chloroxylon swietenia","14.050766666666668","78.32465",576.5,"CAFA"
"102","Acacia chundra","13.82888405","78.41301234",452.7797852,"CAFA"
"103","Dalbergia paniculata","14.051021666666667","78.32465666666667",579.1,"CAFA"
"104","Dalbergia paniculata","14.064921666666665","78.31985333333334",532.2,"CAFA"
"105","Dolichandrone atrovirens","13.8374886","78.41062673",512.4124756,"Control"
"106","Dolichandrone atrovirens","13.83877813","78.41066476",523.9465332,"CAFA"
"107","Wrightia tinctoria","14.0726159","78.3636446",407,"CPFA"
"108","Premna tomentosa","13.81401939","78.41900453",457.5512695,"CPFA"
"109","Tectona grandis","13.89586589","78.47724823",457,"CAFA"
"110","Chloroxylon swietenia","13.9428231","78.50780164",407,"CPFA"
"111","Dolichandrone atrovirens","13.93975443","78.49343248",469,"CAFA"
"112","Dolichandrone atrovirens","13.93971573","78.49321304",471,"CAFA"
"113","Acacia chundra","13.89443352","78.41320931",432.9449463,"CAFA"
"114","Erythroxylum monogynum","13.85041904","78.44319609",496.6599121,"CPFA"
"115","Acacia chundra","14.11815324","78.33500675",411.3215332,"CAFA"
"116","Acacia chundra","14.11858368","78.33462986",411.7050781,"CAFA"
"117","Dalbergia paniculata","14.050743333333333","78.32432",576.5,"CAFA"
"118","Dalbergia paniculata","14.00922384","78.31995571",516.7915649,"CPFA"
"119","Acacia chundra","13.89263164","78.4140239",425,"CPFA"
"120","Acacia chundra","13.89263316","78.41390697",430,"CPFA"
"121","Cassia fistula","14.04126564","78.31801239",525.1789551,"Control"
"122","Acacia chundra","14.11846435","78.33477259",409.3668213,"CAFA"
"123","Albizia amara","13.83851855","78.41066318",532.413208,"CAFA"
"124","Albizia amara","13.83854464","78.41062505",536.2237549,"CAFA"
"125","Acacia chundra","13.89256617","78.41343909",431,"CPFA"
"126","Acacia chundra","13.89419024","78.41318288",413.0551758,"CAFA"
"127","Chloroxylon swietenia","13.82793416","78.41316349",466.9602051,"Control"
"128","Dolichandrone atrovirens","14.11853046","78.33467922",406.9956055,"CAFA"
"129","Dolichandrone atrovirens","13.83856975","78.41075959",526.0534668,"CAFA"
"130","Acacia chundra","13.89266041","78.41412364",434,"CPFA"
"131","Dolichandrone atrovirens","13.84578962","78.44849967",505.3372803,"CPFA"
"132","Soymida febrifuga","14.058586666666667","78.33758166666667",528.7,"CPFA"
"133","Pongamia pinnata","13.9057002","78.50209719",428,"CAFA"
"134","Dolichandrone atrovirens","13.82759297","78.41307402",452.2659302,"Control"
"135","Pongamia pinnata","13.90443525","78.50448054",432,"CAFA"
"136","Dolichandrone atrovirens","13.84350762","78.4210874",479.6376953,"CAFA"
"137","Dolichandrone atrovirens","14.11669141","78.3404928",401.2816162,"CAFA"
"138","Dalbergia paniculata","14.04070131","78.31737249",542.0400391,"CAFA"
"139","Tectona grandis","13.90510754","78.50433372",418,"CAFA"
"140","Dolichandrone atrovirens","13.93966257","78.49321183",461,"CAFA"
"141","Dolichandrone atrovirens","13.93997823","78.49543398",484,"CAFA"
"142","Cassia fistula","14.11815925","78.33352043",393.3590088,"CPFA"
"143","Dolichandrone atrovirens","13.80524418","78.41421944",500.2840576,"CAFA"
"144","Dolichandrone atrovirens","14.0214642","78.37985804",447,"CPFA"
"145","Dolichandrone atrovirens","13.93985281","78.49360308",468,"CAFA"
"146","Dolichandrone atrovirens","13.93985109","78.49349186",469,"CAFA"
"147","Dalbergia paniculata","13.87338377","78.52913245",443,"CAFA"
"148","Acacia chundra","13.85056793","78.44295377",479.2530518,"CPFA"
"149","Dolichandrone atrovirens","13.80560001","78.41427046",492.866394,"CAFA"
"150","Dolichandrone atrovirens","13.9398333","78.49349354",469,"CAFA"
"151","Dolichandrone atrovirens","13.94097922","78.49459352",451,"Control"
"152","Chloroxylon swietenia","13.94239967","78.50770299",424,"CPFA"
"153","Cassia fistula","13.86514153","78.39845394",406.612793,"CAFA"
"154","Acacia chundra","14.11849072","78.334596",400.1636963,"CAFA"
"155","Acacia chundra","14.069560000000001","78.31835333333333",551.8,"CAFA"
"156","Acacia chundra","13.85040527","78.44363961",487.8723755,"CPFA"
"157","Chloroxylon swietenia","13.82792729","78.41317348",466.0488281,"Control"
"158","Dolichandrone atrovirens","13.84873331","78.42895372",453,"CAFA"
"159","Dalbergia paniculata","14.04112573","78.31750118",537.9123535,"Control"
"160","Acacia chundra","14.11624642","78.34040341",400.0860596,"CAFA"
"161","Acacia chundra","13.89268361","78.41400076",434,"CPFA"
"162","Acacia chundra","14.11842301","78.33484978",415.8515625,"CAFA"
"163","Acacia chundra","13.89262556","78.41360368",442,"CPFA"
"164","Tectona grandis","13.89230365","78.48086009",466,"CPFA"
"165","Dolichandrone atrovirens","13.8277156","78.41313019",471.0770264,"Control"
"166","Azadirachata indica","13.8736408","78.52798604",437,"CAFA"
"167","Dalbergia paniculata","14.00858663","78.32090533",502.0343018,"CAFA"
"168","Acacia chundra","13.8457769","78.44873106",513.9482422,"CPFA"
"169","Tectona grandis","13.8957328","78.47726137",456,"CAFA"
"170","Dolichandrone atrovirens","13.80565286","78.4143081",493.5618896,"CAFA"
"171","Dolichandrone atrovirens","13.94086456","78.49468241",448,"Control"
"172","Dolichandrone atrovirens","13.93984293","78.4935286",468,"CAFA"
"173","Dolichandrone atrovirens","13.94013447","78.4953247",468,"CAFA"
"174","Dolichandrone atrovirens","13.85309101","78.4429928",509.6796265,"Control"
"175","Acacia chundra","13.84582202","78.44861895",517.7339478,"CPFA"
"176","Dolichandrone atrovirens","13.94031049","78.49542175",456,"CAFA"
"177","Gyrocarpus americanus","14.078581666666667","78.32950666666667",500.1,"CAFA"
"178","Dalbergia paniculata","14.065013333333331","78.31961666666666",532.2,"CAFA"
"179","Acacia chundra","14.11815821","78.33499921",408.043335,"CAFA"
"180","Chloroxylon swietenia","14.050863333333332","78.32469666666665",579.1,"CAFA"
"181","Chloroxylon swietenia","13.94265534","78.50767421",409,"CPFA"
"182","Chloroxylon swietenia","13.82766194","78.41316721",480.6459351,"Control"
"183","Dolichandrone atrovirens","13.93970634","78.4931544",459,"CAFA"
"184","Dolichandrone atrovirens","14.11840846","78.33469764",398.3145752,"CAFA"
"185","Dolichandrone atrovirens","13.93973756","78.49338449",471,"CAFA"
"186","Dolichandrone atrovirens","13.93959538","78.4932692",475,"CAFA"
"187","Dolichandrone atrovirens","13.93961093","78.49329068",474,"CAFA"
"188","Dolichandrone atrovirens","13.94088377","78.49461135",452,"Control"
"189","Dolichandrone atrovirens","13.9396831","78.49328979",466,"CAFA"
"190","Dolichandrone atrovirens","13.93968062","78.49324316",475,"CAFA"
"191","Tamarindus indica","13.87383074","78.52805846",433,"CAFA"
"192","Cassia fistula","14.073023333333333","78.32021333333334",548.8,"Control"
"193","Dalbergia paniculata","14.064996666666666","78.319715",532.4,"CAFA"
"194","Chloroxylon swietenia","14.051588333333333","78.32454833333333",588.8,"CAFA"
"195","Acacia chundra","13.84584642","78.44860163",517.9237061,"CPFA"
"196","Dalbergia paniculata","14.064886666666666","78.319725",533.4,"CAFA"
"197","Dolichandrone atrovirens","13.93984055","78.49356348",465,"CAFA"
"198","Limonia acidissima","13.87329593","78.52937046",446,"CAFA"
"199","Carissa carandas","14.02779541","78.37591848",412,"Control"
"200","Dolichandrone atrovirens","13.84348678","78.42113938",487.6100464,"CAFA"
"201","Dolichandrone atrovirens","13.93984491","78.49358452",465,"CAFA"
"202","Dolichandrone atrovirens","13.93964617","78.49324239",472,"CAFA"
"203","Dolichandrone atrovirens","13.84576371","78.44836632",506.4486084,"CPFA"
"204","Chloroxylon swietenia","14.02249063","78.38123701",451,"CAFA"
"205","Dolichandrone atrovirens","13.94074466","78.49432419",443,"Control"
"206","Dolichandrone atrovirens","13.93974409","78.49352855",464,"CAFA"
"207","Dolichandrone atrovirens","13.94070121","78.49421453",424,"Control"
"208","Acacia chundra","14.11835814","78.33471955",402.8436279,"CAFA"
"209","Azadirachata indica","14.058341666666669","78.33714333333334",529,"CPFA"
"210","Dalbergia paniculata","14.00868839","78.32076852",505.0006104,"CAFA"
"211","Cassia fistula","14.04136397","78.31833475",538.0395508,"Control"
"212","Acacia chundra","14.11625782","78.34030917",402.5698242,"CAFA"
"213","Chloroxylon swietenia","14.050683333333332","78.32430500000001",576.6,"CAFA"
"214","Acacia chundra","13.8942374","78.41322109",437.4665527,"CAFA"
"215","Acacia chundra","13.89256814","78.41369749",410,"CPFA"
"216","Acacia chundra","13.84580003","78.44847847",508.7994385,"CPFA"
"217","Cassia fistula","14.064858333333332","78.31972999999999",532.4,"CAFA"
"218","Acacia chundra","13.89261315","78.41358809",430,"CPFA"
"219","Acacia chundra","13.84576802","78.44838235",502.9470215,"CPFA"
"220","Wrightia tinctoria","14.064705","78.31954333333333",532.4,"CAFA"
"221","Acacia chundra","13.86531825","78.39845262",422.2953491,"CAFA"
"222","Wrightia tinctoria","13.86488088","78.39869167",422.9866333,"CAFA"
"223","Chloroxylon swietenia","13.82882083","78.41307557",440.3088989,"CAFA"
"224","Azadirachata indica","14.04040686","78.31747679",545.6171875,"CAFA"
"225","Wrightia tinctoria","13.86527626","78.39830979",421.2874756,"CAFA"
"226","Wrightia tinctoria","13.89368693","78.41345407",439.8873291,"CAFA"
"227","Acacia chundra","13.89424258","78.41321195",437.902832,"CAFA"
"228","Acacia chundra","13.89264979","78.41409174",434,"CPFA"
"229","Chloroxylon swietenia","13.82803554","78.41311241",464.0291138,"Control"
"230","Dolichandrone atrovirens","14.11834731","78.33489264",404.4110107,"CAFA"
"231","Acacia chundra","13.85048124","78.44356292",488.4768066,"CPFA"
"232","Dolichandrone atrovirens","13.85036603","78.44358455",487.8633423,"CPFA"
"233","Acacia chundra","13.89430432","78.41321656",430.3834229,"CAFA"
"234","Chloroxylon swietenia","13.87323193","78.52811394",452,"CAFA"
"235","Dolichandrone atrovirens","13.81480318","78.41887704",447.4458008,"CPFA"
"236","Chloroxylon swietenia","14.05089","78.32474833333335",577.2,"CAFA"
"237","Wrightia tinctoria","14.07237513","78.36364221",407,"CPFA"
"238","Acacia chundra","13.89266699","78.41403509",429,"CPFA"
"239","Dolichandrone atrovirens","13.80535613","78.41413805",489.0562744,"CAFA"
"240","Acacia chundra","13.85044732","78.4428908",484.4133301,"CPFA"
"241","Dolichandrone atrovirens","13.94005134","78.49524796",474,"CAFA"
"242","Dolichandrone atrovirens","13.94021399","78.4954272",470,"CAFA"
"243","Dolichandrone atrovirens","13.93987319","78.49363149",467,"CAFA"
"244","Dolichandrone atrovirens","13.86993715","78.41804973",433.2333984,"Control"
"245","Cassia fistula","14.11854338","78.33438339",408.871582,"CAFA"
"246","Acacia chundra","13.8457647","78.44845487",506.6036377,"CPFA"
"247","Acacia chundra","13.86194849","78.4334496",448.8086548,"Control"
"248","Cassia fistula","14.06486","78.31964500000001",532.4,"CAFA"
"249","Acacia chundra","14.11821795","78.3350133",422.6325684,"CAFA"
"250","Dalbergia paniculata","13.89513792","78.47731169",442,"CAFA"
"251","Dalbergia paniculata","14.00862586","78.32089424",487.5647583,"CAFA"
"252","Dalbergia paniculata","14.00884163","78.32025668",546.8468018,"CAFA"
"253","Dolichandrone atrovirens","13.83867807","78.41078401",528.704834,"CAFA"
"254","Premna tomentosa","13.80557358","78.41426365",491.137085,"CAFA"
"255","Dolichandrone atrovirens","13.8435665","78.42083989",464.0689697,"CAFA"
"256","Wrightia tinctoria","14.07236","78.36359375",400,"CPFA"
"257","Acacia chundra","13.89434298","78.41317732",410.605896,"CAFA"
"258","Dolichandrone atrovirens","13.84348048","78.42181466",470.6339111,"CAFA"
"259","Dolichandrone atrovirens","13.84351289","78.4210447",473.9798584,"CAFA"
"260","Dolichandrone atrovirens","13.93972914","78.49322892",466,"CAFA"
"261","Dolichandrone atrovirens","13.93983532","78.4936894",464,"CAFA"
"262","Dolichandrone atrovirens","14.02166734","78.37978911",454,"CPFA"
"263","Azadirachata indica","13.82792196","78.41317413",464.8465576,"Control"
"264","Pongamia pinnata","13.87353197","78.52802219",445,"CAFA"
"265","Dolichandrone atrovirens","13.80532923","78.41402541",505.8345947,"CAFA"
"266","Dolichandrone atrovirens","13.93973563","78.49327719",469,"CAFA"
"267","Dolichandrone atrovirens","13.93970768","78.49313961",456,"CAFA"
"268","Dolichandrone atrovirens","14.061548333333333","78.34231",564.3,"Control"
"269","Dolichandrone atrovirens","13.8435632","78.42139856",484.8971558,"CAFA"
"270","Dolichandrone atrovirens","13.93970171","78.493149",460,"CAFA"
"271","Acacia chundra","14.11628876","78.34033768",395.1466064,"CAFA"
"272","Acacia chundra","14.1185134","78.33443341",403.1229858,"CAFA"
"273","Erythroxylum monogynum","14.00914552","78.32014771",521.1751099,"CPFA"
"274","Dalbergia paniculata","14.073386666666666","78.32057",544.4,"Control"
"275","Acacia chundra","13.82874895","78.41306176",468.998291,"CAFA"
"276","Acacia chundra","13.89253436","78.41353992",443,"CPFA"
"277","Chloroxylon swietenia","14.051364999999999","78.32454",589,"CAFA"
"278","Dolichandrone atrovirens","13.83892338","78.41071902",529.7615967,"CAFA"
"279","Tectona grandis","13.8488444","78.42894411",452,"CAFA"
"280","Chloroxylon swietenia","13.94239443","78.50765322",410,"CPFA"
"281","Ziziphus mauritiana","14.06352383","78.35492269",427,"CAFA"
"282","Dolichandrone atrovirens","13.83706505","78.41067833",511.654541,"Control"
"283","Cassia fistula","13.94282288","78.50789166",408,"CPFA"
"284","Chloroxylon swietenia","13.94281189","78.50777818",407,"CPFA"
"285","Dolichandrone atrovirens","13.86998764","78.4179282",435.8178711,"Control"
"286","Tectona grandis","13.89504245","78.47712338",449,"CAFA"
"287","Dolichandrone atrovirens","13.9404125","78.49550574",465,"CAFA"
"288","Dolichandrone atrovirens","13.84877941","78.4288614",455,"CAFA"
"289","Pongamia pinnata","13.87327726","78.52938291",449,"CAFA"
"290","Azadirachata indica","13.82791636","78.41316684",465.8650513,"Control"
"291","Acacia chundra","13.89432723","78.41316922",435.8460693,"CAFA"
"292","Cassia fistula","14.058573333333333","78.34402666666666",555.5,"CPFA"
"293","Dolichandrone atrovirens","13.93970983","78.49326506",462,"CAFA"
"294","Dolichandrone atrovirens","13.93966481","78.49321736",461,"CAFA"
"295","Chloroxylon swietenia","14.051201666666667","78.32468999999999",589.1,"CAFA"
"296","Pongamia pinnata","14.058556666666668","78.337525",529.2,"CPFA"
"297","Wrightia tinctoria","14.11843151","78.33479258",402.208374,"CAFA"
"298","Azadirachata indica","14.00880895","78.32046932",530.9885254,"CAFA"
"299","Dalbergia paniculata","14.069179999999998","78.31814833333333",552.5,"CAFA"
"300","Dolichandrone atrovirens","13.80536709","78.41414809",489.1959229,"CAFA"
"301","Dolichandrone atrovirens","14.11825393","78.33402277",402.1884766,"CPFA"
"302","Dolichandrone atrovirens","13.94038619","78.49544768",500,"CAFA"
"303","Cassia fistula","13.8732266","78.5281177",457,"CAFA"
"304","Dalbergia paniculata","14.069366666666667","78.31827833333334",552.1,"CAFA"
"305","Dolichandrone atrovirens","13.9396551","78.4931966",459,"CAFA"
"306","Acacia chundra","13.8619765","78.43266102",454.515625,"Control"
"307","Albizia lebbeck","13.81481473","78.41885467",449.5847168,"CPFA"
"308","Dolichandrone atrovirens","13.93977413","78.49535237",474,"CAFA"
"309","Wrightia tinctoria","14.073006666666666","78.32036833333333",554.5,"Control"
"310","Acacia chundra","14.11829478","78.33382101",387.7120361,"CPFA"
"311","Dalbergia paniculata","14.00870468","78.32072303",504.7241211,"CAFA"
"312","Dalbergia paniculata","14.00872816","78.32065671",500.7401123,"CAFA"
"313","Erythroxylum monogynum","13.85034436","78.44375361",494.3773804,"CPFA"
"314","Acacia chundra","13.89257807","78.41392014",430,"CPFA"
"315","Erythroxylum monogynum","13.85038605","78.44346417",477.6759033,"CPFA"
"316","Acacia chundra","13.89261768","78.41359412",429,"CPFA"
"317","Acacia chundra","13.89258597","78.41361988",431,"CPFA"
"318","Erythroxylum monogynum","14.04051446","78.31728956",539.140625,"CAFA"
"319","Acacia chundra","14.11814161","78.33499775",411.2944336,"CAFA"
"320","Dolichandrone atrovirens","13.83878877","78.41061682",524.8681641,"CAFA"
"321","Acacia chundra","13.89438346","78.41311123",415.9261475,"CAFA"
"322","Acacia chundra","13.89385199","78.41333671",446.104126,"CAFA"
"323","Acacia chundra","13.89261763","78.41359733",429,"CPFA"
"324","Dalbergia paniculata","13.89516173","78.47735184",441,"CAFA"
"325","Dalbergia paniculata","13.93993022","78.49538711",477,"CAFA"
"326","Premna tomentosa","14.11651099","78.34046322",404.434082,"CAFA"
"327","Dolichandrone atrovirens","13.83841402","78.41049992",519.7314453,"CAFA"
"328","Dolichandrone atrovirens","13.84585646","78.44844006",522.0407104,"CPFA"
"329","Dolichandrone atrovirens","14.11856741","78.33435108",415.2107544,"CAFA"
"330","Dolichandrone atrovirens","13.83875635","78.41072326",526.8193359,"CAFA"
"331","Chloroxylon swietenia","13.82752389","78.41306304",458.3244629,"Control"
"332","Acacia chundra","13.89373895","78.41339842",445.7299805,"CAFA"
"333","Dolichandrone atrovirens","13.82789975","78.41305557",469.7514648,"Control"
"334","Wrightia tinctoria","13.80483216","78.41403465",499.3552246,"CAFA"
"335","Dolichandrone atrovirens","13.93970823","78.49314012",457,"CAFA"
"336","Dolichandrone atrovirens","14.058495","78.33704666666667",542.6,"CPFA"
"337","Acacia chundra","13.84571518","78.44894838",504.7456665,"CPFA"
"338","Dolichandrone atrovirens","13.8051894","78.41411308",510.7154541,"CAFA"
"339","Dolichandrone atrovirens","14.01922239","78.38247536",441,"CAFA"
"340","Dolichandrone atrovirens","13.93967035","78.49342205",479,"CAFA"
"341","Wrightia tinctoria","14.07277262","78.36366415",412,"CPFA"
"342","Wrightia tinctoria","14.11658183","78.34054314",398.1914063,"CAFA"
"343","Dolichandrone atrovirens","13.94024471","78.4953977",459,"CAFA"
"344","Dolichandrone atrovirens","13.93993757","78.49541331",481,"CAFA"
"345","Dolichandrone atrovirens","13.85284371","78.44293489",486.4718018,"Control"
"346","Carissa carandas","14.058294999999998","78.33690333333334",529.9,"CPFA"
"347","Azadirachata indica","13.87382962","78.5280688",433,"CAFA"
"348","Dolichandrone atrovirens","14.02150373","78.38101421",457,"CAFA"
"349","Dolichandrone atrovirens","14.058601666666668","78.33742000000001",539.3,"CPFA"
"350","Chloroxylon swietenia","14.050960000000002","78.32475333333333",580.4,"CAFA"
"351","Dolichandrone atrovirens","13.93966309","78.49324683",464,"CAFA"
"352","Tectona grandis","13.905569","78.50212089",443,"CAFA"
"353","Diospyros melanoxylon","13.84885058","78.42887641",465.0855713,"CAFA"
"354","Dolichandrone atrovirens","13.86998646","78.41789695",435.1911621,"Control"
"355","Dalbergia paniculata","14.051126666666669","78.32475500000001",578.9,"CAFA"
"356","Acacia chundra","13.89433838","78.41314892",415.5033569,"CAFA"
"357","Acacia chundra","13.84577964","78.44875077",516.0797119,"CPFA"
"358","Pongamia pinnata","13.9399372","78.49539628",476,"CAFA"
"359","Limonia acidissima","13.87345934","78.52887796",446,"CAFA"
"360","Dolichandrone atrovirens","14.055346666666667","78.343015",486.9,"CAFA"
"361","Dolichandrone atrovirens","14.0217653","78.38094361",467,"CAFA"
"362","Dolichandrone atrovirens","13.94022882","78.49540559",462,"CAFA"
"363","Chloroxylon swietenia","13.82824215","78.41299774",470.3259888,"Control"
"364","Dolichandrone atrovirens","13.93986582","78.49362528",466,"CAFA"
"365","Dolichandrone atrovirens","13.84350834","78.42166727",479.1044922,"CAFA"
"366","Dolichandrone atrovirens","13.84886145","78.42892564",466.9056396,"CAFA"
"367","Acacia leucophloea","14.078524999999997","78.32983333333333",532.5,"CAFA"
"368","Dalbergia paniculata","13.83809032","78.41066845",506.9510498,"CAFA"
"369","Wrightia tinctoria","14.073350000000001","78.32039666666667",543.6,"Control"
"370","Chloroxylon swietenia","14.02245639","78.38138464",460,"CAFA"
"371","Dolichandrone atrovirens","13.8435148","78.42176348",482.3696289,"CAFA"
"372","Gyrocarpus americanus","14.078488333333333","78.32986166666666",531.7,"CAFA"
"373","Dolichandrone atrovirens","13.94031382","78.49543213",460,"CAFA"
"374","Acacia chundra","13.8281177","78.41296374",473.5197754,"Control"
"375","Acacia chundra","14.11805823","78.33342224",391.0299072,"CPFA"
"376","Pongamia pinnata","13.90656354","78.50230237",434,"CPFA"
"377","Chloroxylon swietenia","14.051653333333336","78.32457500000001",587.8,"CAFA"
"378","Dolichandrone atrovirens","13.8699789","78.4179454",428.8713379,"Control"
"379","Dolichandrone atrovirens","14.059303333333332","78.34465166666668",548.3,"CPFA"
"380","Dolichandrone atrovirens","14.01921318","78.3824823",438,"CAFA"
"381","Dalbergia paniculata","14.065043333333332","78.31978166666666",532.9,"CAFA"
"382","Dolichandrone atrovirens","14.058711666666666","78.33784",543.2,"CPFA"
"383","Wrightia tinctoria","14.078579999999999","78.32951833333333",499.3,"CAFA"
"384","Dolichandrone atrovirens","14.073306666666667","78.32037166666667",548.4,"Control"
"385","Dolichandrone atrovirens","13.93977422","78.49341509",466,"CAFA"
"386","Diospyros montana","13.89550874","78.47708568",446,"CAFA"
"387","Dolichandrone atrovirens","13.93971595","78.49323792",461,"CAFA"
"388","Dalbergia paniculata","14.064366666666668","78.31949166666666",532,"CAFA"
"389","Dolichandrone atrovirens","13.93969435","78.49317564",460,"CAFA"
"390","Dolichandrone atrovirens","13.93971025","78.49321091",471,"CAFA"
"391","Acacia chundra","13.861926","78.43341626",453.0769043,"Control"
"392","Dalbergia paniculata","14.055575","78.34330166666668",484.3,"CAFA"
"393","Dolichandrone atrovirens","14.11835609","78.33488667",402.0587158,"CAFA"
"394","Cassia fistula","13.83711542","78.41061651",513.6152344,"Control"
"395","Dolichandrone atrovirens","13.83881873","78.41065038",528.0065918,"CAFA"
"396","Chloroxylon swietenia","13.94244098","78.50767233",419,"CPFA"
"397","Dolichandrone atrovirens","14.059206666666666","78.344685",568.9,"CPFA"
"398","Dolichandrone atrovirens","14.11808889","78.33340304",393.947937,"CPFA"
"399","Dolichandrone atrovirens","13.83719178","78.41072816",502.9216309,"Control"
"400","Dolichandrone atrovirens","13.94020801","78.49534524",472,"CAFA"
"401","Wrightia tinctoria","14.11611593","78.34026868",415.2769775,"CAFA"
"402","Tectona grandis","13.90557151","78.5020972",432,"CAFA"
"403","Dalbergia paniculata","14.064743333333334","78.31955333333333",532.6,"CAFA"
"404","Dalbergia paniculata","14.055343333333333","78.343025",486.2,"CAFA"
"405","Dolichandrone atrovirens","13.93973334","78.49338436",472,"CAFA"
"406","Dolichandrone atrovirens","13.82890791","78.41249266",444.6125488,"CAFA"
"407","Dolichandrone atrovirens","13.94037324","78.49543329",467,"CAFA"
"408","Dolichandrone atrovirens","13.93966108","78.49325079",472,"CAFA"
"409","Dolichandrone atrovirens","13.85048318","78.44316699",481.2315063,"CPFA"
"410","Cassia fistula","13.87338007","78.52914288",444,"CAFA"
"411","Annona squamosa","13.82893759","78.41266062",462.5592041,"CAFA"
"412","Dolichandrone atrovirens","13.84586178","78.44887412",503.1585083,"CPFA"
"413","Dolichandrone atrovirens","13.94014121","78.49540094",466,"CAFA"
"414","Dolichandrone atrovirens","13.9396381","78.49323112",479,"CAFA"
"415","Dolichandrone atrovirens","13.94087929","78.49465079",443,"Control"
"416","Dolichandrone atrovirens","13.85295352","78.44291148",493.3344116,"Control"
"417","Dolichandrone atrovirens","13.93970691","78.49317075",463,"CAFA"
"418","Pongamia pinnata","14.03045511","78.38387144",421,"CAFA"
"419","Dolichandrone atrovirens","14.01948589","78.3823669",449,"CAFA"
"420","Chloroxylon swietenia","13.82799831","78.41312235",462.2971191,"Control"
"421","Dolichandrone atrovirens","14.11683197","78.34063141",406.8069458,"CAFA"
"422","Dolichandrone atrovirens","14.01953656","78.38234733",442,"CAFA"
"423","Dolichandrone atrovirens","13.93970112","78.49325017",474,"CAFA"
"424","Dolichandrone atrovirens","13.93976354","78.49342684",469,"CAFA"
"425","Acacia chundra","13.89253892","78.41349425",427,"CPFA"
"426","Dolichandrone atrovirens","13.84872761","78.42896418",457,"CAFA"
"427","Cassia fistula","14.04129939","78.31787329",518.303833,"Control"
"428","Wrightia tinctoria","14.0411747","78.31808796",509.6964722,"Control"
"429","Dolichandrone atrovirens","14.01923718","78.38258789",436,"CAFA"
"430","Syzygium cumini","13.9395934","78.49528715",486,"CAFA"
"431","Chloroxylon swietenia","13.94263133","78.50765514",409,"CPFA"
"432","Dolichandrone atrovirens","13.84874164","78.42893571",453,"CAFA"
"433","Dolichandrone atrovirens","13.93971056","78.49323103",469,"CAFA"
"434","Pongamia pinnata","13.94001665","78.49389788",459,"CAFA"
"435","Dolichandrone atrovirens","13.93970813","78.49326199",461,"CAFA"
"436","Pongamia pinnata","13.87355982","78.52859291",448,"CAFA"
"437","Dolichandrone atrovirens","13.93971258","78.4932629",463,"CAFA"
"438","Azadirachata indica","14.041067","78.31761792",528.4986572,"Control"
"439","Azadirachata indica","14.04037476","78.31744476",554.5153809,"CAFA"
"440","Tectona grandis","13.84876974","78.428826",457,"CAFA"
"441","Unknown","13.86468235","78.39882539",427.0701904,"CAFA"
"442","Azadirachata indica","14.04120854","78.31777265",513.8259277,"Control"
"443","Unknown","14.04034959","78.3174402",564.7926025,"CAFA"
"444","Acacia chundra","14.11851152","78.33449888",413.0351563,"CAFA"
"445","Dalbergia paniculata","14.00876522","78.32051069",504.7181396,"CAFA"
"446","Dalbergia paniculata","14.00860776","78.32090511",500.4468994,"CAFA"
"447","Cassia fistula","14.04134243","78.31786111",506.2724609,"Control"
"448","Cassia fistula","13.86478931","78.39867168",417.9176025,"CAFA"
"449","Cassia fistula","13.86194187","78.43284613",461.9684448,"Control"
"450","Premna tomentosa","14.00865589","78.32075735",504.4242554,"CAFA"
"451","Dolichandrone atrovirens","13.83707505","78.41080005",517.2111206,"Control"
"452","Dolichandrone atrovirens","13.83761214","78.41064093",496.857605,"Control"
"453","Cassia fistula","13.86496985","78.3987289",417.8797607,"CAFA"
"454","Acacia chundra","13.89264738","78.41420032",419,"CPFA"
"455","Acacia chundra","13.89259936","78.41359348",437,"CPFA"
"456","Dalbergia paniculata","14.055656666666668","78.34359500000001",579.7,"CAFA"
"457","Chloroxylon swietenia","14.05122","78.32465666666667",589.1,"CAFA"
"458","Wrightia tinctoria","13.86505937","78.39852903",409.1625977,"CAFA"
"459","Dolichandrone atrovirens","13.83854163","78.41062276",535.8237305,"CAFA"
"460","Acacia chundra","13.85049013","78.4432228",492.2976074,"CPFA"
"461","Cassia fistula","13.86469693","78.39893926",426.9810791,"CAFA"
"462","Dolichandrone atrovirens","13.83706059","78.41068411",514.8053589,"Control"
"463","Dolichandrone atrovirens","13.83882067","78.41070261",540.7697754,"CAFA"
"464","Limonia acidissima","13.87341824","78.52935401",453,"CAFA"
"465","Dolichandrone atrovirens","14.06126","78.34246833333333",564.6,"Control"
"466","Dolichandrone atrovirens","13.94012363","78.49540818",467,"CAFA"
"467","Dolichandrone atrovirens","13.93971697","78.49329565",460,"CAFA"
"468","Dolichandrone atrovirens","13.83855867","78.41059989",518.5087891,"CAFA"
"469","Tectona grandis","13.90440827","78.5044983",429,"CAFA"
"470","Dolichandrone atrovirens","13.94001405","78.495465",481,"CAFA"
"471","Dolichandrone atrovirens","13.93977092","78.493445",464,"CAFA"
"472","Dolichandrone atrovirens","13.85317244","78.4431928",512.2839966,"Control"
"473","Dolichandrone atrovirens","13.93986089","78.49362246",467,"CAFA"
"474","Acacia chundra","13.86202067","78.43344195",448.0018921,"Control"
"475","Tamarindus indica","13.87386286","78.52804618",441,"CAFA"
"476","Tamarindus indica","13.87386531","78.52808804",442,"CAFA"
"477","Wrightia tinctoria","14.03026695","78.38415748",406,"CAFA"
"478","Tectona grandis","14.02158178","78.37982347",438,"CPFA"
"479","Cassia fistula","13.845866","78.44880888",519.2919922,"CPFA"
"480","Wrightia tinctoria","14.051516666666664","78.32455333333334",587.6,"CAFA"
"481","Eucalyptus globulus","14.059304999999998","78.34471",548.4,"CPFA"
"482","Dolichandrone atrovirens","13.93966241","78.49316764",471,"CAFA"
"483","Dolichandrone atrovirens","13.80521551","78.41419605",502.109375,"CAFA"
"484","Dolichandrone atrovirens","13.94020784","78.49533064",472,"CAFA"
"485","Dolichandrone atrovirens","14.01929942","78.38069604",436,"CPFA"
"486","Tamarindus indica","13.87336944","78.52817928",462,"CAFA"
"487","Dolichandrone atrovirens","14.02158876","78.37982953",443,"CPFA"
"488","Dolichandrone atrovirens","13.8371954","78.41061167",498.2686157,"Control"
"489","Dolichandrone atrovirens","13.83704413","78.41067863",503.1069336,"Control"
"490","Chloroxylon swietenia","13.94235342","78.50764213",413,"CPFA"
"491","Acacia chundra","14.069643333333334","78.318185",552.6,"CAFA"
"492","Dalbergia paniculata","14.055394999999999","78.34303666666666",486,"CAFA"
"493","Unknown","13.87342043","78.52890744",446,"CAFA"
"494","Dolichandrone atrovirens","14.02158696","78.37986531",451,"CPFA"
"495","Holoptelia intergrifolia","13.84890053","78.42854749",457.6252441,"CAFA"
"496","Dalbergia paniculata","14.069374999999999","78.3183",551.9,"CAFA"
"497","Dolichandrone atrovirens","13.93988781","78.49363477",468,"CAFA"
"498","Wrightia tinctoria","14.069363333333335","78.31831166666666",551.9,"CAFA"
"499","Dalbergia paniculata","14.069785000000001","78.31825833333333",552.9,"CAFA"
"500","Dolichandrone atrovirens","13.93972922","78.49343574",469,"CAFA"
"501","Dolichandrone atrovirens","13.8386354","78.41075981",534.1523438,"CAFA"
"502","Limonia acidissima","13.8734706","78.52903226",451,"CAFA"
"503","Dolichandrone atrovirens","14.01898413","78.38261274",435,"CAFA"
"504","Pongamia pinnata","13.90643736","78.50195204",431,"CPFA"
"505","Chloroxylon swietenia","13.94269061","78.50765833",405,"CPFA"
"506","Dolichandrone atrovirens","14.059315","78.3447",548.4,"CPFA"
"507","Dolichandrone atrovirens","13.9397528","78.4933224",470,"CAFA"
"508","Dolichandrone atrovirens","13.93970856","78.49324691",471,"CAFA"
"509","Dolichandrone atrovirens","13.9398803","78.49351141",468,"CAFA"
"510","Sapindus emarginatus","13.87329672","78.52918732",441,"CAFA"
"511","Dolichandrone atrovirens","14.02130498","78.37982083",446,"CPFA"
"512","Wrightia tinctoria","14.073393333333335","78.32038166666666",544.5,"Control"
"513","Cassia fistula","14.06472","78.319585",532.5,"CAFA"
"514","Cassia fistula","14.027672","78.37564959",423,"Control"
"515","Chloroxylon swietenia","13.82878797","78.41313573",447.9676514,"CAFA"
"516","Holoptelia intergrifolia","13.90501528","78.50179524",410,"CAFA"
"517","Dolichandrone atrovirens","13.85295499","78.44257389",500.2781982,"Control"
"518","Dolichandrone atrovirens","13.93973318","78.49345974",461,"CAFA"
"519","Dolichandrone atrovirens","13.9396982","78.49313357",456,"CAFA"
"520","Tectona grandis","13.84884285","78.42859926",457,"CAFA"
"521","Dalbergia sissoo","13.83757623","78.41066805",521.7565308,"Control"
"522","Albizia amara","14.11614723","78.34026755",405.3840332,"CAFA"
"523","Dalbergia paniculata","13.87362489","78.5280334",443,"CAFA"
"524","Acacia chundra","13.89261951","78.41359558",429,"CPFA"
"525","Dolichandrone atrovirens","13.84227217","78.42809894",464.4934082,"Control"
"526","Dolichandrone atrovirens","14.02187476","78.38090218",476,"CAFA"
"527","Acacia chundra","13.89415165","78.41317955",427.5776367,"CAFA"
"528","Tectona grandis","13.89541179","78.47735199",438,"CAFA"
"529","Dolichandrone atrovirens","13.84221663","78.42840432",470.5811768,"Control"
"530","Dolichandrone atrovirens","13.85046409","78.44352732",508.2833862,"CPFA"
"531","Dolichandrone atrovirens","13.82894454","78.41257051",453.1020508,"CAFA"
"532","Dolichandrone atrovirens","13.93993042","78.49542676",489,"CAFA"
"533","Dolichandrone atrovirens","13.8385539","78.41080807",529.161499,"CAFA"
"534","Wrightia tinctoria","13.8646367","78.39892805",418.6350098,"CAFA"
"535","Pongamia pinnata","13.90664924","78.50226173",428,"CPFA"
"536","Tectona grandis","13.89552309","78.47729047",458,"CAFA"
"537","Dolichandrone atrovirens","13.82793844","78.41301122",473.9952393,"Control"
"538","Dolichandrone atrovirens","13.83706189","78.41069018",511.309021,"Control"
"539","Pongamia pinnata","13.90655215","78.50215657",448,"CPFA"
"540","Dolichandrone atrovirens","13.94016005","78.49539977",463,"CAFA"
"541","Wrightia tinctoria","14.04112487","78.31749891",536.503418,"Control"
"542","Dolichandrone atrovirens","14.01927066","78.3808254",431,"CPFA"
"543","Dolichandrone atrovirens","14.01920122","78.38252644",441,"CAFA"
"544","Dalbergia paniculata","14.06936166666667","78.31832666666666",551.9,"CAFA"
"545","Tectona grandis","13.89552673","78.47728568",455,"CAFA"
"546","Tectona grandis","13.9055726","78.50210538",433,"CAFA"
"547","Dolichandrone atrovirens","13.93992664","78.49372583",465,"CAFA"
"548","Dolichandrone atrovirens","13.83715431","78.41075574",507.137146,"Control"
"549","Pongamia pinnata","13.90662621","78.50250817",444,"CPFA"
"550","Chloroxylon swietenia","13.82798865","78.41311278",457.5916748,"Control"
"551","Dolichandrone atrovirens","14.0218105","78.37972073",440,"CPFA"
"552","Chloroxylon swietenia","14.051681666666665","78.32454166666666",586.7,"CAFA"
"553","Limonia acidissima","13.87346769","78.52888778",447,"CAFA"
"554","Ziziphus mauritiana","14.02251234","78.38130385",452,"CAFA"
"555","Limonia acidissima","13.87348523","78.52896343",446,"CAFA"
"556","Tectona grandis","13.86471626","78.39890519",427.0041504,"CAFA"
"557","Dolichandrone atrovirens","13.80555934","78.4143084",483.428772,"CAFA"
"558","Dolichandrone atrovirens","13.93993488","78.49541019",480,"CAFA"
"559","Dolichandrone atrovirens","13.93970745","78.49318425",466,"CAFA"
"560","Dolichandrone atrovirens","13.93975939","78.49339414",468,"CAFA"
"561","Dolichandrone atrovirens","13.93965191","78.49324192",467,"CAFA"
"562","Dolichandrone atrovirens","13.93970674","78.49324162",472,"CAFA"
"563","Dolichandrone atrovirens","13.9396774","78.49324139",473,"CAFA"
"564","Dolichandrone atrovirens","14.055241666666666","78.34297",483.8,"CAFA"
"565","Dolichandrone atrovirens","13.80536196","78.41416892",494.8048096,"CAFA"
"566","Dolichandrone atrovirens","13.85311727","78.44331258",505.2784424,"Control"
"567","Azadirachata indica","14.069395000000002","78.31820166666667",552.6,"CAFA"
"568","Dalbergia paniculata","14.00919816","78.3200484",502.5698242,"CPFA"
"569","Dalbergia paniculata","14.00908532","78.32029892",513.2385864,"CPFA"
"570","Dalbergia paniculata","14.069906666666668","78.31842833333333",553.2,"CAFA"
"571","Pongamia pinnata","13.90646965","78.50193189",436,"CPFA"
"572","Dolichandrone atrovirens","13.9409628","78.49458477",443,"Control"
"573","Dalbergia paniculata","13.87351232","78.52803685",454,"CAFA"
"574","Dolichandrone atrovirens","13.80540868","78.41424135",499.9295654,"CAFA"
"575","Dolichandrone atrovirens","13.93965912","78.49320936",461,"CAFA"
"576","Pongamia pinnata","13.90655849","78.50215663",447,"CPFA"
"577","Dolichandrone atrovirens","13.93977752","78.49344505",466,"CAFA"
"578","Dolichandrone atrovirens","13.93966185","78.49322528",460,"CAFA"
"579","Dolichandrone atrovirens","13.93973575","78.49318548",470,"CAFA"
"580","Dalbergia paniculata","14.04113049","78.31752146",522.1976318,"Control"
"581","Dolichandrone atrovirens","13.9396527","78.49319438",471,"CAFA"
"582","Tectona grandis","13.90663721","78.50244402",440,"CPFA"
"583","Dolichandrone atrovirens","13.93970114","78.49322089",473,"CAFA"
"584","Acacia leucophloea","14.03177139","78.37961441",418,"Control"
"585","Acacia chundra","13.86188182","78.4328561",458.394165,"Control"
"586","Azadirachata indica","13.81417649","78.41904041",454.3720703,"CPFA"
"587","Chloroxylon swietenia","13.94236147","78.50764529",414,"CPFA"
"588","Wrightia tinctoria","14.11628771","78.34035702",398.0246582,"CAFA"
"589","Acacia chundra","14.07862","78.32986333333334",531.8,"CAFA"
"590","Acacia chundra","13.86188843","78.43341058",454.1898193,"Control"
"591","Acacia chundra","13.86197665","78.43265486",453.7467041,"Control"
"592","Wrightia tinctoria","14.072841666666667","78.32017333333333",549.1,"Control"
"593","Cassia fistula","14.04119108","78.31771619",498.2635498,"Control"
"594","Acacia chundra","14.11643401","78.34040063",394.9771729,"CAFA"
"595","Wrightia tinctoria","14.00888866","78.3202856",511.0255127,"CAFA"
"596","Acacia chundra","13.89391139","78.41323302",429.6540527,"CAFA"
"597","Acacia chundra","13.89262758","78.41390436",430,"CPFA"
"598","Chloroxylon swietenia","13.94240845","78.50769471",428,"CPFA"
"599","Premna tomentosa","14.11669708","78.34049486",400.78125,"CAFA"
"600","Chloroxylon swietenia","14.051396666666669","78.32469666666665",587.7,"CAFA"
"601","Erythroxylum monogynum","13.85050889","78.44298143",482.9716797,"CPFA"
"602","Cassia fistula","14.11842642","78.33477101",404.8996582,"CAFA"
"603","Dolichandrone atrovirens","14.061416666666666","78.34244833333334",564.5,"Control"
"604","Wrightia tinctoria","14.00936557","78.32015936",515.0789795,"CPFA"
"605","Wrightia tinctoria","14.0092038","78.32007435",507.5115967,"CPFA"
"606","Dalbergia paniculata","14.00910292","78.32032842",488.1813965,"CPFA"
"607","Syzygium cumini","13.84885605","78.42887551",460.6690063,"CAFA"
"608","Wrightia tinctoria","13.8649837","78.39881451",413.8688965,"CAFA"
"609","Dolichandrone atrovirens","13.86196754","78.43265383",453.1751709,"Control"
"610","Dolichandrone atrovirens","13.84219121","78.4283082",467.7666016,"Control"
"611","Dolichandrone atrovirens","13.83888786","78.41080075",526.6647949,"CAFA"
"612","Dolichandrone atrovirens","14.01907289","78.38257068",428,"CAFA"
"613","Dolichandrone atrovirens","14.11836075","78.33488489",402.9884033,"CAFA"
"614","Diospyros montana","14.06363103","78.35507535",435,"CAFA"
"615","Dolichandrone atrovirens","13.83853045","78.4107163",528.9433594,"CAFA"
"616","Wrightia tinctoria","13.80495957","78.41397846",508.3696289,"CAFA"
"617","Dolichandrone atrovirens","13.80531246","78.41410338",485.6578979,"CAFA"
"618","Pongamia pinnata","13.87346084","78.52888451",450,"CAFA"
"619","Pongamia pinnata","13.87356335","78.52862319",452,"CAFA"
"620","Tectona grandis","13.90515812","78.50189456",418,"CAFA"
"621","Dolichandrone atrovirens","13.93993674","78.49539015",481,"CAFA"
"622","Chloroxylon swietenia","14.050753333333335","78.32466833333334",580.2,"CAFA"
"623","Tectona grandis","13.90558075","78.50211431",431,"CAFA"
"624","Dolichandrone atrovirens","14.061238333333332","78.342535",564.5,"Control"
"625","Dolichandrone atrovirens","13.85042879","78.44314222",503.5921021,"CPFA"
"626","Dolichandrone atrovirens","13.93969061","78.49318493",469,"CAFA"
"627","Dolichandrone atrovirens","13.93973093","78.4934084",470,"CAFA"
"628","Dolichandrone atrovirens","13.93975251","78.49342033",469,"CAFA"
"629","Acacia chundra","13.85293296","78.44300353",486.3590088,"Control"
"630","Azadirachata indica","14.00890776","78.32033855",506.1677246,"CAFA"
"631","Tamarindus indica","13.87385388","78.52804817",436,"CAFA"
"632","Dolichandrone atrovirens","14.01929704","78.38073829",428,"CPFA"
"633","Acacia chundra","13.86189574","78.4329012",458.1671143,"Control"
"634","Dolichandrone atrovirens","13.83850257","78.41071694",527.7410889,"CAFA"
"635","Dolichandrone atrovirens","14.0192218","78.38249698",443,"CAFA"
"636","Dolichandrone atrovirens","13.93969234","78.49322546",459,"CAFA"
"637","Carissa carandas","14.078528333333335","78.32908",496.8,"CAFA"
"638","Chloroxylon swietenia","13.82897781","78.41315974",442.7015381,"CAFA"
"639","Butea monosperma","14.06729253","78.34890159",419,"CAFA"
"640","Dalbergia paniculata","14.00870551","78.32066083",503.4611816,"CAFA"
"641","Holoptelia intergrifolia","13.84884957","78.42861319",457,"CAFA"
"642","Dolichandrone atrovirens","13.83783882","78.4106369",521.2526855,"Control"
"643","Dalbergia paniculata","14.055595000000002","78.34366166666668",580.2,"CAFA"
"644","Dolichandrone atrovirens","13.83866816","78.41077556",538.5251465,"CAFA"
"645","Dolichandrone atrovirens","13.9399595","78.49537865",454,"CAFA"
"646","Limonia acidissima","13.87344522","78.52906367",451,"CAFA"
"647","Tectona grandis","13.8488533","78.42861963",457,"CAFA"
"648","Dolichandrone atrovirens","13.87304222","78.52490228",434,"CAFA"
"649","Pongamia pinnata","13.87357158","78.52859367",449,"CAFA"
"650","Dolichandrone atrovirens","13.93981712","78.4931587",456,"CAFA"
"651","Dolichandrone atrovirens","14.02127973","78.3810785",466,"CAFA"
"652","Wrightia tinctoria","13.86475595","78.39874495",415.0196533,"CAFA"
"653","Dolichandrone atrovirens","13.93964219","78.49330166",463,"CAFA"
"654","Dolichandrone atrovirens","13.94002713","78.49544174",468,"CAFA"
"655","Dolichandrone atrovirens","13.93971412","78.49326608",460,"CAFA"
"656","Dolichandrone atrovirens","13.93964783","78.49328437",469,"CAFA"
"657","Dolichandrone atrovirens","13.93964398","78.49325214",472,"CAFA"
"658","Dolichandrone atrovirens","13.93970218","78.49317467",460,"CAFA"
"659","Dolichandrone atrovirens","13.9396712","78.49321799",469,"CAFA"
"660","Dolichandrone atrovirens","13.93971351","78.49325985",470,"CAFA"
"661","Dolichandrone atrovirens","13.93997959","78.49392303",469,"CAFA"
"662","Dolichandrone atrovirens","13.83795781","78.41067653",525.1867676,"Control"
"663","Wrightia tinctoria","13.86932595","78.41774651",425.2219238,"Control"
"664","Chloroxylon swietenia","13.82886475","78.41304586",445.3710327,"CAFA"
"665","Limonia acidissima","13.8734287","78.52888001",446,"CAFA"
"666","Dolichandrone atrovirens","13.94071709","78.49428108",445,"Control"
"667","Azadirachata indica","14.11614544","78.34027908",401.666687,"CAFA"
"668","Dolichandrone atrovirens","13.8620127","78.43276528",460.1176758,"Control"
"669","Dolichandrone atrovirens","14.059313333333334","78.34456333333333",568.3,"CPFA"
"670","Tectona grandis","13.84896196","78.42845477",462.9293213,"CAFA"
"671","Dolichandrone atrovirens","13.84219206","78.42812122",474.94104,"Control"
"672","Dolichandrone atrovirens","13.93966732","78.49322154",457,"CAFA"
"673","Dolichandrone atrovirens","13.93971423","78.49326292",464,"CAFA"
"674","Pongamia pinnata","13.8922949","78.48076157",440,"CPFA"
"675","Dolichandrone atrovirens","13.9397089","78.49323799",469,"CAFA"
"676","Dolichandrone atrovirens","13.83710512","78.41075329",499.2133179,"Control"
"677","Dolichandrone atrovirens","13.8694728","78.41780261",420.1600952,"Control"
"678","Chloroxylon swietenia","13.94237199","78.50764275",413,"CPFA"
"679","Tamarindus indica","13.87357787","78.52803151",447,"CAFA"
"680","Acacia chundra","13.84581355","78.44862753",516.2875977,"CPFA"
"681","Dolichandrone atrovirens","14.02169852","78.38093085",467,"CAFA"
"682","Acacia chundra","13.85045936","78.44356861",476.3969727,"CPFA"
"683","Dolichandrone atrovirens","14.11815154","78.334998",408.5330811,"CAFA"
"684","Dolichandrone atrovirens","14.055608333333332","78.34357666666666",579.8,"CAFA"
"685","Dolichandrone atrovirens","13.84878098","78.42873294",458,"CAFA"
"686","Dolichandrone atrovirens","13.93967902","78.49320302",471,"CAFA"
"687","Dolichandrone atrovirens","13.82788199","78.41305999",469.3503418,"Control"
"688","Dolichandrone atrovirens","13.94081092","78.49442085",464,"Control"
"689","Pongamia pinnata","13.87354077","78.5285824",457,"CAFA"
"690","Dolichandrone atrovirens","13.84897019","78.42850062",465,"CAFA"
"691","Dolichandrone atrovirens","13.82741736","78.41316885",462.3851318,"Control"
"692","Acacia chundra","13.86197057","78.43288855",451.0341797,"Control"
"693","Azadirachata indica","14.00874856","78.32047407",499.4667358,"CAFA"
"694","Dolichandrone atrovirens","14.0212575","78.37987602",458,"CPFA"
"695","Chloroxylon swietenia","13.82895606","78.41249911",441.4442139,"CAFA"
"696","Limonia acidissima","13.87347944","78.52896591",449,"CAFA"
"697","Dalbergia paniculata","14.04118964","78.3179492",516.7058716,"Control"
"698","Acacia chundra","14.0782","78.32971666666667",532.5,"CAFA"
"699","Dolichandrone atrovirens","13.83703525","78.41075072",522.3480225,"Control"
"700","Chloroxylon swietenia","13.82874206","78.41314091",445.7207031,"CAFA"
"701","Wrightia tinctoria","14.00915887","78.32011113",533.041626,"CPFA"
"702","Dolichandrone atrovirens","13.86197276","78.43266088",453.0116577,"Control"
"703","Dolichandrone atrovirens","13.83708752","78.4106275",510.5392456,"Control"
"704","Dolichandrone atrovirens","13.83747489","78.4107507",505.0996094,"Control"
"705","Dolichandrone atrovirens","13.84222121","78.42866072",484.3927002,"Control"
"706","Chloroxylon swietenia","14.02244641","78.38139643",453,"CAFA"
"707","Acacia chundra","13.86197312","78.43348972",447.4119873,"Control"
"708","Gardenia gummifera","13.8950453","78.47712263",447,"CAFA"
"709","Acacia chundra","13.85047245","78.44337459",475.5281372,"CPFA"
"710","Dolichandrone atrovirens","13.84355999","78.42113219",478.2539063,"CAFA"
"711","Dolichandrone atrovirens","13.93976843","78.49539556",481,"CAFA"
"712","Dolichandrone atrovirens","13.94043902","78.49550364",462,"CAFA"
"713","Dolichandrone atrovirens","13.94027769","78.49541028",467,"CAFA"
"714","Dolichandrone atrovirens","13.94002271","78.49390385",463,"CAFA"
"715","Dolichandrone atrovirens","13.93992653","78.49545285",488,"CAFA"
"716","Chloroxylon swietenia","14.050925","78.32462833333334",578.2,"CAFA"
"717","Pongamia pinnata","14.06461","78.31959",532.6,"CAFA"
"718","Dolichandrone atrovirens","14.05927","78.34465833333334",568.4,"CPFA"
"719","Wrightia tinctoria","13.80482338","78.41402952",499.3362427,"CAFA"
"720","Dolichandrone atrovirens","14.061650000000002","78.34216833333333",564.2,"Control"
"721","Dolichandrone atrovirens","13.83715053","78.41060814",514.0310669,"Control"
"722","Dolichandrone atrovirens","13.80505109","78.41417404",498.2965088,"CAFA"
"723","Dolichandrone atrovirens","14.059033333333332","78.34409833333333",565.6,"CPFA"
"724","Dolichandrone atrovirens","13.83761394","78.41062271",502.8453369,"Control"
"725","Chloroxylon swietenia","13.82870928","78.41305365",443.2523193,"CAFA"
"726","Chloroxylon swietenia","13.82880863","78.41316181",446.4396973,"CAFA"
"727","Chloroxylon swietenia","13.94238377","78.50767735",414,"CPFA"
"728","Tamarindus indica","13.87365332","78.52808688",442,"CAFA"
"729","Dalbergia paniculata","13.87344891","78.52907836",453,"CAFA"
"730","Azadirachata indica","14.00870523","78.32072569",505.9423828,"CAFA"
"731","Dolichandrone atrovirens","14.01930683","78.3807284",428,"CPFA"
"732","Wrightia tinctoria","13.89229395","78.48015109",440,"CPFA"
"733","Azadirachata indica","13.80481667","78.41402649",499.3900146,"CAFA"
"734","Wrightia tinctoria","14.07237672","78.36365948",411,"CPFA"
"735","Dolichandrone atrovirens","14.055670000000001","78.34367333333333",484.5,"CAFA"
"736","Chloroxylon swietenia","14.02251337","78.38131386",454,"CAFA"
"737","Chloroxylon swietenia","13.94277655","78.50776434",393,"CPFA"
"738","Dolichandrone atrovirens","14.01962705","78.38231096",439,"CAFA"
"739","Acacia chundra","13.8504181","78.4432344",488.5404053,"CPFA"
"740","Dolichandrone atrovirens","14.058798333333334","78.33759333333334",536.4,"CPFA"
"741","Dolichandrone atrovirens","13.93971838","78.49315444",456,"CAFA"
"742","Dolichandrone atrovirens","14.02127668","78.38103635",460,"CAFA"
"743","Pongamia pinnata","13.87341012","78.52879485",448,"CAFA"
"744","Tectona grandis","13.84891261","78.42852504",450.0592651,"CAFA"
"745","Tectona grandis","13.8489584","78.42847294",454.512207,"CAFA"
"746","Acacia chundra","13.86194697","78.43362689",473.2145996,"Control"
"747","Pongamia pinnata","13.87349041","78.52861296",459,"CAFA"
"748","Cassia fistula","14.06330799","78.35485558",433,"CAFA"
"749","Diospyros montana","14.063541","78.3549778",425,"CAFA"
"750","Dolichandrone atrovirens","13.82893671","78.41257469",448.472229,"CAFA"
"751","Dolichandrone atrovirens","14.055186666666668","78.34384166666668",483.6,"CAFA"
"752","Dalbergia paniculata","13.8289346","78.41290728",443.5025635,"CAFA"
"753","Pongamia pinnata","13.87342028","78.5288654",446,"CAFA"
"754","Dolichandrone atrovirens","13.93990846","78.49537963",471,"CAFA"
"755","Dolichandrone atrovirens","14.059353333333336","78.34465833333334",568.2,"CPFA"
"756","Acacia chundra","13.84584603","78.44878228",518.4725342,"CPFA"
"757","Wrightia tinctoria","14.07234535","78.36358823",400,"CPFA"
"758","Dolichandrone atrovirens","14.061363333333334","78.342085",564.4,"Control"
"759","Dolichandrone atrovirens","14.01930037","78.38074472",430,"CPFA"
"760","Dolichandrone atrovirens","13.80519907","78.41412759",517.757019,"CAFA"
"761","Pongamia pinnata","13.87355464","78.52860687",446,"CAFA"
"762","Dolichandrone atrovirens","13.90497645","78.50432757",431,"CAFA"
"763","Dolichandrone atrovirens","13.82873788","78.41311892",439.4881592,"CAFA"
"764","Pongamia pinnata","13.87341602","78.52914722",443,"CAFA"
"765","Dalbergia paniculata","14.04117159","78.3176313",542.6243896,"Control"
"766","Cassia fistula","14.04131545","78.31787548",515.3812866,"Control"
"767","Acacia chundra","13.86198534","78.43291317",451.46521,"Control"
"768","Dalbergia paniculata","14.069920000000002","78.31840000000001",553.2,"CAFA"
"769","Dalbergia paniculata","14.04121973","78.31823629",535.310791,"Control"
"770","Dolichandrone atrovirens","14.061126666666667","78.342635",564.6,"Control"
"771","Dolichandrone atrovirens","14.061446666666665","78.34214",564.5,"Control"
"772","Cassia fistula","14.03207711","78.37957447",415,"Control"
"773","Azadirachata indica","14.02254536","78.38081652",451,"CAFA"
"774","Acacia chundra","13.86200635","78.43362965",446.9330444,"Control"
"775","Pongamia pinnata","13.87337741","78.52882004",449,"CAFA"
"776","Acacia nilotica","14.06393633","78.35521188",436,"CAFA"
"777","Albizia amara","13.86470093","78.39897632",429.2662964,"CAFA"
"778","Dolichandrone atrovirens","13.83763737","78.41063694",514.3239136,"Control"
"779","Cassia fistula","13.83834096","78.41064426",514.6013794,"CAFA"
"780","Dolichandrone atrovirens","13.8290433","78.41243121",453.8453369,"CAFA"
"781","Azadirachata indica","13.80556347","78.41419318",502.550293,"CAFA"
"782","Dalbergia paniculata","14.055666666666665","78.34358333333333",579.7,"CAFA"
"783","Dolichandrone atrovirens","14.00857485","78.32103658",517.3681641,"CAFA"
"784","Dolichandrone atrovirens","14.01926823","78.38087502",432,"CPFA"
"785","Dolichandrone atrovirens","13.83704702","78.41071055",517.1864624,"Control"
"786","Chloroxylon swietenia","13.82880983","78.41313193",448.6282959,"CAFA"
"787","Dolichandrone atrovirens","14.11628889","78.34031858",390.0157471,"CAFA"
"788","Dolichandrone atrovirens","14.01929399","78.38067377",427,"CPFA"
"789","Dolichandrone atrovirens","13.85298441","78.4426727",494.3674316,"Control"
"790","Acacia chundra","13.85058981","78.44295276",498.1213379,"CPFA"
"791","Dolichandrone atrovirens","13.85049814","78.44326906",475.5596924,"CPFA"
"792","Dolichandrone atrovirens","13.83710182","78.41075887",497.9246826,"Control"
"793","Dolichandrone atrovirens","13.93994042","78.49539524",478,"CAFA"
"794","Cassia fistula","13.86484553","78.39871542",431.1989746,"CAFA"
"795","Dolichandrone atrovirens","13.80554991","78.41427772",480.3602295,"CAFA"
"796","Dolichandrone atrovirens","13.93994149","78.49550763",468,"CAFA"
"797","Dolichandrone atrovirens","13.82771263","78.41313075",464.0762939,"Control"
"798","Dolichandrone atrovirens","13.84888457","78.42866949",474.3586426,"CAFA"
"799","Dolichandrone atrovirens","13.93988158","78.49363455",469,"CAFA"
"800","Tectona grandis","13.84889416","78.42887914",463.6590576,"CAFA"
"801","Dolichandrone atrovirens","13.93998521","78.49384744",463,"CAFA"
"802","Chloroxylon swietenia","13.94257205","78.50762547",415,"CPFA"
"803","Unknown","14.058583333333335","78.33743666666666",539.2,"CPFA"
"804","Butea monosperma","14.0674254","78.34835151",429,"CAFA"
"805","Pongamia pinnata","14.0194922","78.38237513",450,"CAFA"
"806","Hardwickia binata","13.90662986","78.50225455",435,"CPFA"
"807","Dolichandrone atrovirens","13.84220307","78.42871183",475.6654053,"Control"
"808","Cassia fistula","14.059136666666666","78.34443833333333",568.3,"CPFA"
"809","Dolichandrone atrovirens","14.02131921","78.38098701",449,"CAFA"
"810","Dolichandrone atrovirens","14.0213171","78.38099671",453,"CAFA"
"811","Dolichandrone atrovirens","13.8421228","78.42829837",469.878418,"Control"
"812","Dolichandrone atrovirens","14.059281666666667","78.34474166666668",547.5,"CPFA"
"813","Dalbergia paniculata","14.05536","78.34289166666667",484.5,"CAFA"
"814","Dalbergia paniculata","14.04115565","78.31762358",534.8867188,"Control"
"815","Cassia fistula","13.86527908","78.39831274",422.8455811,"CAFA"
"816","Dalbergia paniculata","14.069239999999999","78.31816",552.7,"CAFA"
"817","Butea monosperma","14.06741944","78.34838799",403,"CAFA"
"818","Cassia fistula","13.86521991","78.39834748",417.2878418,"CAFA"
"819","Butea monosperma","14.06742391","78.34835379",429,"CAFA"
"820","Cassia fistula","13.86522001","78.39841164",418.1156006,"CAFA"
"821","Hardwickia binata","13.90665266","78.50257962",445,"CPFA"
"822","Dolichandrone atrovirens","13.8730292","78.52512017",423,"Control"
"823","Unknown","14.05856","78.33760166666666",528.3,"CPFA"
"824","Dolichandrone atrovirens","13.86194567","78.43286217",456.057251,"Control"
"825","Dolichandrone atrovirens","13.83713273","78.41077108",507.498291,"Control"
"826","Dolichandrone atrovirens","13.82823077","78.4130129",461.4575195,"Control"
"827","Dolichandrone atrovirens","13.82899689","78.41247827",449.6258545,"CAFA"
"828","Cassia fistula","13.86506249","78.39845009",412.1484985,"CAFA"
"829","Dolichandrone atrovirens","14.11830613","78.33491902",406.3450928,"CAFA"
"830","Dolichandrone atrovirens","13.93982101","78.49534587",476,"CAFA"
"831","Dolichandrone atrovirens","13.90572773","78.5021697",428,"CAFA"
"832","Tectona grandis","13.84900271","78.42840611",453.2762451,"CAFA"
"833","Dolichandrone atrovirens","13.84355308","78.42141778",479.5137939,"CAFA"
"834","Dalbergia paniculata","14.069198333333334","78.3181",552.6,"CAFA"
"835","Dolichandrone atrovirens","13.84347523","78.42124086",483.1906128,"CAFA"
"836","Dalbergia paniculata","14.04132691","78.31829728",536.8059082,"Control"
"837","Chloroxylon swietenia","14.02242421","78.38139123",453,"CAFA"
"838","Dolichandrone atrovirens","13.83786398","78.41066757",523.5377197,"Control"
"839","Dalbergia paniculata","14.051003333333332","78.324675",576.8,"CAFA"
"840","Dolichandrone atrovirens","14.01931925","78.38073805",432,"CPFA"
"841","Dolichandrone atrovirens","13.84358652","78.42165721",465.1799316,"CAFA"
"842","Dolichandrone atrovirens","13.93969146","78.49317848",462,"CAFA"
"843","Chloroxylon swietenia","14.022418","78.38139347",455,"CAFA"
"844","Pongamia pinnata","14.03044741","78.38383714",407,"CAFA"
"845","Dolichandrone atrovirens","13.87318526","78.52530953",436,"Control"
"846","Limonia acidissima","13.87345747","78.52932565",451,"CAFA"
"847","Limonia acidissima","13.87340247","78.52891737",448,"CAFA"
"848","Dolichandrone atrovirens","13.86201752","78.43345838",444.1398926,"Control"
"849","Dolichandrone atrovirens","13.86200729","78.43272146",461.1191406,"Control"
"850","Dolichandrone atrovirens","13.8698533","78.4180387",432.1207275,"Control"
"851","Hardwickia binata","13.90660322","78.50223327",435,"CPFA"
"852","Cassia fistula","14.04124132","78.31792823",541.0913086,"Control"
"853","Cassia fistula","13.86482383","78.39866625",419.4237061,"CAFA"
"854","Dolichandrone atrovirens","13.82824842","78.41299501",452.6348877,"Control"
"855","Dolichandrone atrovirens","13.94079215","78.49435768",457,"Control"
"856","Chloroxylon swietenia","13.94266776","78.50766451",408,"CPFA"
"857","Butea monosperma","14.01943398","78.38238643",442,"CAFA"
"858","Dolichandrone atrovirens","13.87312764","78.52534496",446,"Control"
"859","Limonia acidissima","13.87347197","78.52899962",444,"CAFA"
"860","Dolichandrone atrovirens","14.01947519","78.38240712",448,"CAFA"
"861","Tectona grandis","13.83815702","78.41054117",524.5324707,"CAFA"
"862","Dolichandrone atrovirens","13.8287439","78.41309222",440.8671265,"CAFA"
"863","Dolichandrone atrovirens","14.055268333333334","78.34302833333332",483.9,"CAFA"
"864","Tectona grandis","13.8488428","78.42864724",453,"CAFA"
"865","Tectona grandis","13.83843552","78.41060411",557.4008789,"CAFA"
"866","Dolichandrone atrovirens","13.84350888","78.42128456",482.874939,"CAFA"
"867","Limonia acidissima","13.87348488","78.5289478",446,"CAFA"
"868","Dolichandrone atrovirens","13.85046361","78.44347591",487.5449219,"CPFA"
"869","Acacia chundra","13.86188657","78.43303245",438.2875366,"Control"
"870","Syzygium cumini","13.84878716","78.42878139",450,"CAFA"
"871","Ziziphus mauritiana","13.84874545","78.42896504",455,"CAFA"
"872","Dolichandrone atrovirens","13.94067621","78.4940046",464,"Control"
"873","Dolichandrone atrovirens","14.061533333333333","78.34220166666667",564.3,"Control"
"874","Wrightia tinctoria","14.078551666666666","78.32972333333333",532.8,"CAFA"
"875","Dolichandrone atrovirens","13.84219224","78.42821284",475.3728027,"Control"
"876","Azadirachata indica","13.87363971","78.52808993",442,"CAFA"
"877","Butea monosperma","14.06726729","78.34901074",428,"CAFA"
"878","Dolichandrone atrovirens","14.061163333333331","78.34254166666666",564.5,"Control"
"879","Dolichandrone atrovirens","13.86987408","78.41802737",419.6608887,"Control"
"880","Chloroxylon swietenia","13.94264383","78.50766168",406,"CPFA"
"881","Gyrocarpus americanus","14.078489999999999","78.32951",500.1,"CAFA"
"882","Dalbergia paniculata","14.00869941","78.32071383",505.7606201,"CAFA"
"883","Acacia chundra","13.86201211","78.4327455",460.5149536,"Control"
"884","Dolichandrone atrovirens","13.86986543","78.41795945",425.4764404,"Control"
"885","Dolichandrone atrovirens","14.059259999999998","78.34461833333333",569,"CPFA"
"886","Holoptelia intergrifolia","13.84890358","78.42854147",456.0697021,"CAFA"
"887","Dolichandrone atrovirens","13.86200382","78.43291998",452.654541,"Control"
"888","Tectona grandis","13.90468298","78.50441449",420,"CAFA"
"889","Dolichandrone atrovirens","13.86191804","78.43270601",459.366272,"Control"
"890","Dolichandrone atrovirens","13.80537016","78.41416431",494.581665,"CAFA"
"891","Gyrocarpus americanus","14.078480000000003","78.32989333333333",532.7,"CAFA"
"892","Chloroxylon swietenia","14.02237415","78.38153209",453,"CAFA"
"893","Hardwickia binata","13.90643161","78.5020095",439,"CPFA"
"894","Dalbergia paniculata","14.064816666666665","78.31983166666667",532.3,"CAFA"
"895","Chloroxylon swietenia","14.051585","78.324615",587.7,"CAFA"
"896","Butea monosperma","14.01971125","78.38230633",438,"CAFA"
"897","Dolichandrone atrovirens","13.86186767","78.43287245",451.2773438,"Control"
"898","Syzygium cumini","13.87355665","78.52860551",446,"CAFA"
"899","Diospyros melanoxylon","13.84885243","78.42888226",464.9127197,"CAFA"
"900","Wrightia tinctoria","14.11668437","78.34049782",399.4920654,"CAFA"
"901","Dolichandrone atrovirens","13.93963563","78.49525546",484,"CAFA"
"902","Dolichandrone atrovirens","13.83707804","78.41078974",510.7431641,"Control"
"903","Dolichandrone atrovirens","13.8054706","78.41427856",492.2390137,"CAFA"
"904","Hardwickia binata","13.90643385","78.50197643",449,"CPFA"
"905","Chloroxylon swietenia","13.94268644","78.50766584",407,"CPFA"
"906","Dolichandrone atrovirens","13.82890515","78.41250482",446.2686768,"CAFA"
"907","Tectona grandis","13.86507688","78.39853504",411.8286743,"CAFA"
"908","Tectona grandis","13.84890723","78.42842632",442,"CAFA"
"909","Tectona grandis","13.8487818","78.42871228",464,"CAFA"
"910","Tectona grandis","13.84900315","78.42841787",456.8018188,"CAFA"
"911","Dalbergia paniculata","14.04115398","78.31764704",538.5137939,"Control"
"912","Azadirachata indica","14.04076302","78.31733907",541.3913574,"CAFA"
"913","Ziziphus mauritiana","14.06726713","78.34903229",424,"CAFA"
"914","Cassia fistula","14.02767818","78.37569791",423,"Control"
"915","Cassia fistula","14.0275136","78.37551852",426,"Control"
"916","Acacia chundra","13.86513915","78.39851454",404.3690186,"CAFA"
"917","Cassia fistula","13.83820847","78.41056192",519.0078735,"CAFA"
"918","Wrightia tinctoria","13.89370779","78.41336568",421.9342651,"CAFA"
"919","Azadirachata indica","13.82894428","78.41257679",447.5522461,"CAFA"
"920","Wrightia tinctoria","13.87319924","78.52823957",459,"CAFA"
"921","Azadirachata indica","14.078560000000001","78.32918333333333",496.8,"CAFA"
"922","Butea monosperma","14.06727953","78.34882763",402,"CAFA"
"923","Butea monosperma","14.01965192","78.38232459",437,"CAFA"
"924","Diospyros montana","14.02157013","78.37983728",442,"CPFA"
"925","Dolichandrone atrovirens","14.01928215","78.38132359",423,"CPFA"
"926","Dolichandrone atrovirens","13.86193698","78.43276764",460.7994385,"Control"
"927","Acacia chundra","13.89260602","78.41422423",427,"CPFA"
"928","Syzygium cumini","13.90559368","78.50206441",436,"CAFA"
"929","Wrightia tinctoria","13.80481396","78.41402032",500.0137329,"CAFA"
"930","Dolichandrone atrovirens","13.94088007","78.49468948",443,"Control"
"931","Azadirachata indica","14.078518333333333","78.329735",532.8,"CAFA"
"932","Dalbergia paniculata","14.00853479","78.32089253",491.8799438,"CAFA"
"933","Ziziphus mauritiana","14.03234923","78.37955536",407,"Control"
"934","Ziziphus mauritiana","14.06392064","78.35512907",434,"CAFA"
"935","Syzygium cumini","13.84893324","78.42848914",460.8809814,"CAFA"
"936","Dolichandrone atrovirens","13.8457956","78.44845666",517.5742798,"CPFA"
"937","Diospyros montana","14.06342365","78.35488359",434,"CAFA"
"938","Dolichandrone atrovirens","13.85037422","78.44364389",490.7680054,"CPFA"
"939","Gardenia gummifera","13.85048828","78.44334549",479.3455811,"CPFA"
"940","Carissa carandas","14.02782179","78.37593623",417,"Control"
"941","Holoptelia intergrifolia","13.90507303","78.50187408",419,"CAFA"
"942","Dolichandrone atrovirens","13.84362743","78.42102276",486.307312,"CAFA"
"943","Dolichandrone atrovirens","13.84355009","78.42167018",477.5742188,"CAFA"
"944","Dolichandrone atrovirens","14.058543333333335","78.33709",539,"CPFA"
"945","Hardwickia binata","13.90656764","78.5022971",432,"CPFA"
"946","Dolichandrone atrovirens","13.8435264","78.42145995",479.1624756,"CAFA"
"947","Holoptelia intergrifolia","14.0651","78.31972999999999",532.8,"CAFA"
"948","Wrightia tinctoria","14.078451666666668","78.329775",532.8,"CAFA"
"949","Tectona grandis","13.84887443","78.42890658",465.4729004,"CAFA"
"950","Tectona grandis","13.90501734","78.50179647",412,"CAFA"
"951","Dalbergia paniculata","13.8736634","78.52808409",440,"CAFA"
"952","Dolichandrone atrovirens","13.84877875","78.42885254",453,"CAFA"
"953","Dolichandrone atrovirens","13.83819148","78.4105573",520.8597412,"CAFA"
"954","Dolichandrone atrovirens","14.061775","78.342055",564.2,"Control"
"955","Acacia chundra","13.86189292","78.43275494",457.895874,"Control"
"956","Dolichandrone atrovirens","14.061045000000002","78.34260333333333",564.5,"Control"
"957","Dolichandrone atrovirens","13.83815437","78.41069516",518.1307983,"CAFA"
"958","Dolichandrone atrovirens","13.87294173","78.52460502",430,"Control"
"959","Dolichandrone atrovirens","14.061233333333332","78.34249166666667",564.5,"Control"
"960","Cassia fistula","14.00877292","78.32060216",513.6091919,"CAFA"
"961","Pongamia pinnata","14.03021889","78.38466599",387,"CAFA"
"962","Albizia amara","14.04076324","78.31734084",542.1333008,"CAFA"
"963","Holoptelia intergrifolia","13.84890505","78.42854052",456.5637207,"CAFA"
"964","Hardwickia binata","13.87343777","78.52927957",453,"CAFA"
"965","Carissa carandas","14.078623333333333","78.32913166666667",532.7,"CAFA"
"966","Chloroxylon swietenia","13.82875911","78.41316336",435.5552368,"CAFA"
"967","Dolichandrone atrovirens","13.94062698","78.49380634",446,"Control"
"968","Dolichandrone atrovirens","13.94073131","78.49421842",445,"Control"
"969","Dolichandrone atrovirens","13.94084852","78.49438337",474,"Control"
"970","Dolichandrone atrovirens","13.87314355","78.52513279",424,"Control"
"971","Cassia fistula","14.04132863","78.31813401",523.4464111,"Control"
"972","Dolichandrone atrovirens","13.86985532","78.41784143",425.4411621,"Control"
"973","Dolichandrone atrovirens","13.84219849","78.42870509",483.6395264,"Control"
"974","Dolichandrone atrovirens","13.87323633","78.52531188",450,"Control"
"975","Dolichandrone atrovirens","13.8730916","78.52488505",436,"Control"
"976","Dolichandrone atrovirens","13.86188599","78.43270433",450.4118042,"Control"
"977","Dolichandrone atrovirens","14.11663715","78.34052664",407,"CAFA"
"978","Pongamia pinnata","13.89225308","78.48067429",455,"CPFA"
"979","Dolichandrone atrovirens","14.11680589","78.34062756",401.6110229,"CAFA"
"980","Tectona grandis","13.84899399","78.42852908",451.9395142,"CAFA"
"981","Tectona grandis","13.828109","78.41297438",468.3406982,"Control"
"982","Dolichandrone atrovirens","13.84353145","78.42175606",481.6676025,"CAFA"
"983","Cassia fistula","14.061626666666665","78.34192333333334",564.3,"Control"
"984","Butea monosperma","14.06741278","78.34848219",416,"CAFA"
"985","Pongamia pinnata","14.03021309","78.38446622",409,"CAFA"
"986","Wrightia tinctoria","13.87289127","78.52463188",427,"Control"
"987","Dolichandrone atrovirens","13.87315545","78.52497098",427,"Control"
"988","Dolichandrone atrovirens","13.86978298","78.41788996",444.9194946,"Control"
"989","Wrightia tinctoria","13.87316154","78.52496218",457,"CAFA"
"990","Dolichandrone atrovirens","13.86199964","78.43294657",452.1296997,"Control"
"991","Dolichandrone atrovirens","13.84216772","78.42810542",479.7479248,"Control"
"992","Dolichandrone atrovirens","14.055586666666667","78.34360833333334",580.5,"CAFA"
"993","Cassia fistula","13.8732417","78.52809659",444,"CAFA"
"994","Cassia fistula","13.84901076","78.42816613",459,"CAFA"
"995","Acacia chundra","14.11814584","78.33502746",413.2388916,"CAFA"
"996","Dalbergia paniculata","14.0413421","78.3181619",529.4760742,"Control"
"997","Dolichandrone atrovirens","14.061466666666668","78.34239833333332",564.4,"Control"
"998","Pongamia pinnata","14.03017919","78.38447862",409,"CAFA"
"999","Cassia fistula","14.02753505","78.37554573",424,"Control"
"1000","Dolichandrone atrovirens","13.83728716","78.41086796",497.5583496,"Control"
"1001","Dolichandrone atrovirens","13.83813985","78.41059288",529.161377,"CAFA"
"1002","Dolichandrone atrovirens","13.86931372","78.41771654",428.8100586,"Control"
"1003","Dolichandrone atrovirens","13.93961164","78.49518043",478,"CAFA"
"1004","Cassia fistula","14.00864611","78.32085163",497.923584,"CAFA"
"1005","Wrightia tinctoria","13.82888972","78.41250614",453.9223633,"CAFA"
"1006","Dolichandrone atrovirens","13.93977212","78.49535603",481,"CAFA"
"1007","Cassia fistula","13.86193447","78.43311781",449.3638306,"Control"
"1008","Ziziphus mauritiana","14.058973333333332","78.3439",564.9,"CPFA"
"1009","Cassia fistula","14.05856","78.33762166666666",528.5,"CPFA"
"1010","Tectona grandis","13.84889716","78.42854484",458.2451172,"CAFA"
"1011","Tectona grandis","13.90655658","78.50214747",447,"CPFA"
"1012","Tectona grandis","13.9051429","78.50191131",419,"CAFA"
"1013","Tectona grandis","13.84900711","78.42842815",458.8389893,"CAFA"
"1014","Cassia fistula","14.03210621","78.37960397",412,"Control"
"1015","Wrightia tinctoria","13.89373296","78.4133463",414.4313965,"CAFA"
"1016","Dolichandrone atrovirens","13.84877167","78.42881889",457,"CAFA"
"1017","Dolichandrone atrovirens","13.85278574","78.44250476",477.5792236,"Control"
"1018","Dolichandrone atrovirens","13.83768527","78.4105767",499.1414795,"Control"
"1019","Dolichandrone atrovirens","14.061245000000001","78.34244166666667",564.5,"Control"
"1020","Butea monosperma","14.01946623","78.382414",445,"CAFA"
"1021","Dolichandrone atrovirens","13.83751167","78.41082379",510.7141113,"Control"
"1022","Syzygium cumini","13.90557465","78.50206621",439,"CAFA"
"1023","Dolichandrone atrovirens","13.8288517","78.41297595",438.579834,"CAFA"
"1024","Dolichandrone atrovirens","13.93972557","78.49530622",489,"CAFA"
"1025","Limonia acidissima","13.87342555","78.52886545",446,"CAFA"
"1026","Tectona grandis","13.84896116","78.42846814",461.4818726,"CAFA"
"1027","Dolichandrone atrovirens","13.84222198","78.42869129",482.0629883,"Control"
"1028","Dalbergia paniculata","14.00862047","78.32090452",498.1862793,"CAFA"
"1029","Tectona grandis","13.84895832","78.42846052",462.8952026,"CAFA"
"1030","Chloroxylon swietenia","14.050906666666666","78.324675",579.3,"CAFA"
"1031","Dolichandrone atrovirens","13.86930055","78.41771704",424.7765503,"Control"
"1032","Morinda pubescens","13.85041128","78.44315434",500.2357178,"CPFA"
"1033","Albizia lebbeck","13.82898056","78.41266809",474.0405273,"CAFA"
"1034","Dolichandrone atrovirens","13.84221193","78.42885022",486.5688477,"Control"
"1035","Dolichandrone atrovirens","13.84368945","78.42106137",476.7659912,"CAFA"
"1036","Dolichandrone atrovirens","13.84225669","78.42844944",472.0062256,"Control"
"1037","Tectona grandis","13.90654585","78.50233445",439,"CPFA"
"1038","Limonia acidissima","13.87342767","78.52887493",445,"CAFA"
"1039","Tectona grandis","13.84873894","78.42894195",454,"CAFA"
"1040","Butea monosperma","14.06729702","78.34889091",419,"CAFA"
"1041","Tectona grandis","13.848886","78.42846035",460,"CAFA"
"1042","Tectona grandis","13.84895914","78.42847792",454.8590088,"CAFA"
"1043","Dolichandrone atrovirens","13.86980549","78.41801848",449.4472656,"Control"
"1044","Dolichandrone atrovirens","13.86980036","78.41789838",444.0117188,"Control"
"1045","Sapindus emarginatus","14.02251979","78.38082163",454,"CAFA"
"1046","Dolichandrone atrovirens","13.8728606","78.52473128",426,"Control"
"1047","Dolichandrone atrovirens","13.87311001","78.52509843",424,"Control"
"1048","Tectona grandis","13.8489128","78.42844314",448,"CAFA"
"1049","Tectona grandis","13.90657513","78.50240825",440,"CPFA"
"1050","Dolichandrone atrovirens","14.11693924","78.34064109",397.3208008,"CAFA"
"1051","Tectona grandis","13.84884803","78.42865153",455,"CAFA"
"1052","Dolichandrone atrovirens","13.87315536","78.52534851",441,"Control"
"1053","Unknown","13.87387182","78.52806909",444,"CAFA"
"1054","Wrightia tinctoria","13.82888312","78.41298039",446.1619873,"CAFA"
"1055","Tectona grandis","13.84884314","78.42882987",465.4783936,"CAFA"
"1056","Unknown","13.87381512","78.52808138",436,"CAFA"
"1057","Tectona grandis","13.84879086","78.4288602",457,"CAFA"
"1058","Pongamia pinnata","14.065095000000001","78.31976333333334",532.9,"CAFA"
"1059","Albizia amara","14.0405483","78.31736859",542.8759766,"CAFA"
"1060","Butea monosperma","14.06743306","78.34851308",419,"CAFA"
"1061","Cassia fistula","14.0275704","78.3755837",423,"Control"
"1062","Cassia fistula","14.0321453","78.37957733",409,"CAFA"
"1063","Acacia leucophloea","14.02777266","78.37572991",427,"Control"
"1064","Cassia fistula","14.02776938","78.37572621",426,"Control"
"1065","Dolichandrone atrovirens","14.03182794","78.37960982",419,"Control"
"1066","Holoptelia intergrifolia","13.84878435","78.42879225",458,"CAFA"
"1067","Dolichandrone atrovirens","13.85050593","78.44314295",479.9621582,"CPFA"
"1068","Azadirachata indica","13.82897821","78.41264896",469.5419922,"CAFA"
"1069","Wrightia tinctoria","13.82897236","78.41270124",449.0557251,"CAFA"
"1070","Dolichandrone atrovirens","13.84213571","78.42830333",470.0315552,"Control"
"1071","Tectona grandis","13.87339145","78.5288445",448,"CAFA"
"1072","Cassia fistula","14.04121391","78.31773866",494.9890137,"Control"
"1073","Dolichandrone atrovirens","13.84221276","78.42872807",476.1862793,"Control"
"1074","Azadirachata indica","14.06394911","78.35517348",436,"CAFA"
"1075","Tectona grandis","13.84891431","78.42853854",455.760498,"CAFA"
"1076","Tectona grandis","13.8382684","78.41070885",530.5463867,"CAFA"
"1077","Tectona grandis","13.82789342","78.41304085",467.0283203,"Control"
"1078","Azadirachata indica","13.87319574","78.52821143",462,"CAFA"
"1079","Tectona grandis","13.84884814","78.42863503",456,"CAFA"
"1080","Dolichandrone atrovirens","13.8435865","78.42088827",490.1998291,"CAFA"
"1081","Limonia acidissima","13.87334512","78.52913924",448,"CAFA"
"1082","Dolichandrone atrovirens","13.85044816","78.44346149",484.2554932,"CPFA"
"1083","Tectona grandis","13.84875722","78.42891737",455,"CAFA"
"1084","Dolichandrone atrovirens","13.86976184","78.41792929",431.2557373,"Control"
"1085","Dolichandrone atrovirens","13.93965117","78.49537846",480,"CAFA"
"1086","Dolichandrone atrovirens","13.87315257","78.52543205",433,"Control"
"1087","Tectona grandis","13.84877332","78.42881448",458,"CAFA"
"1088","Unknown","13.87382177","78.52808395",434,"CAFA"
"1089","Dolichandrone atrovirens","13.86969531","78.4177645",432.7900391,"Control"
"1090","Dolichandrone atrovirens","14.04076129","78.31733971",541.739502,"CAFA"
"1091","Acacia chundra","13.85046814","78.44321791",491.6674805,"CPFA"
"1092","Tectona grandis","13.87287316","78.52474767",432,"Control"
"1093","Butea monosperma","14.0672795","78.34896905",421,"CAFA"
"1094","Dolichandrone atrovirens","13.86966404","78.41785384",431.9675293,"Control"
"1095","Tectona grandis","13.84885287","78.42862827",457,"CAFA"
"1096","Gardenia gummifera","13.85037023","78.44330485",486.6432495,"CPFA"
"1097","Gardenia gummifera","13.85313057","78.44318059",508.0944824,"Control"
