site,sp._tree,n_trees,sp._seedling,other_sp._tree,treatment,LUI,seedling,Goat,Trenches,N_goat,trenchArea,no_trenches,trench-length,trench-width,No1,No2,No3,No4,No5,No6,No7,No8,No9,No10,No11,No12,No13,No14,No15,No16,No17,No18,No19,No20,No21,No22,No23,No24,No25,No26,No27,No28,No29,No30,No31,No32,No33,No34,No35,No36,No37,No38,No39,No40,No41,No42,No43,No44,No45,No46,No47,No48,No49,No50,No51,No52,No53,No54,No55,No56,57,58,59,data-trench-image_t,data-image_end,data-image_start,data-soil_erosion,data-lopping,data-fuelwood,data-fire19,data-trench-type,groundcover_bodha,data-latlong,tree_sp.,,,site
APC3_Control,4,11,4,0,moderate,0.17,77,0.35,0,30,0,,,,50,160,200,187,198,267,215,198,42,261,260,65,210,224,312,230,220,65,287,289,87,36,100,143,,,,,,,,,,,,,,,,,,,,,,,,,,,,,,,,,,,,,https://drive.google.com/open?id=1uNFKSK2adSqAYvA_ohBYaVXnMB2zCwIw,https://drive.google.com/open?id=12Pmh6JeOEuo0Gp7P1CeBD5tqc7liODdU,?sheet erosion,no,no,yes,,50,"13.8281798,78.4130279",,,,APA6bgrnf
APC5_CPFA,7,14,5,2,dense,0.17,38,0.35,0,30,0,,,,189,98,76,191,167,187,154,172,187,186,56,193,187,178,206,201,304,90,195,302,314,203,198,301,287,98,234,189,195,187,100,187,76,298,98,97,98,187,198,67,,,,,,,,,,,,,,,,,,,,,https://drive.google.com/open?id=17Rn2SprMM9a8ApGq0DKGGbTo93W2Hdt5,https://drive.google.com/open?id=1Vua5biaMWQ9Yc-BB4ORpVrCVhNksN5Yw,no,no,no,yes,ST,30,"13.814052,78.4189745",,,,
APC5_CAFA,4,8,1,3,open,0.21,238,0.35,0.07,30,0.54,1,0.9,0.6,,,,,,,,,,,,,,,,,,,,,,,,,,,,,,,,,,,,,,,,,,,,,,,,,,,,,,,,,,,,,https://drive.google.com/open?id=1XjqWmhNeRhi2ZpTMIQf4iQlCI5K_E2Rx,https://drive.google.com/open?id=139-2PBiCq16QpeBpvlHNgD-0UjcSfr90,?sheet erosion,no,no,yes,,,"13.8055188,78.414211",,,,APC8ab
APA6_Control,5,8,5,0,moderate,0.23,287,0.46,0,40,0,,,,189,176,210,156,215,176,145,123,40,103,156,189,,,,,,,,,,,,,,,,,,,,,,,,,,,,,,,,,,,,,,,,,,,,,,,,,https://drive.google.com/open?id=1uWWwLs4dFdrf8K3NNWTipKIVMy7rI1OF,https://drive.google.com/open?id=1w2-rLb9altEy6-znLd7cqWcoByAg1uPr,?rill erosion,no,no,yes,,20,"14.0319316,78.3795128",,,,APA6ab
APA6_CAFA,7,9,5,2,open,0.23,472,0.46,0,40,0,,,,,,,,,,,,,,,,,,,,,,,,,,,,,,,,,,,,,,,,,,,,,,,,,,,,,,,,,,,,,,,,https://drive.google.com/open?id=1WIM6qM2ETD978Mi25C3fJfTozaEYv04A,https://drive.google.com/open?id=1IBWclIp3exKGaMSe-hLY2UZyLyspy-Ur,?sheet erosion,no,no,yes,,,"14.0301261,78.384653",,,,APC3bgrnf
APA21_CPFA,3,6,3,0,dense,0.29,25,0.58,0,50,0,,,,177,170,193,62,213,282,87,186,205,163,289,83,308,286,221,216,93,317,243,265,212,315,316,127,273,341,298,276,189,190,278,298,314,89,317,216,317,321,315,279,216,301,278,,,,,,,,,,,,,,,,,,https://drive.google.com/open?id=1KWfvWNtZZp2Mi9Z_0fVtwybP3To3Mt5F,https://drive.google.com/open?id=1HchRdZIvKykXvapJRxPWD20wztAsQfrO,no,no,no,yes,ST,,"14.008993,78.320323",,,,APA8bgrnf
APC3_CAFA,6,14,6,0,open,0.36,283,0.35,0.36,30,2.7,1,2.7,1,,,,,,,,,,,,,,,,,,,,,,,,,,,,,,,,,,,,,,,,,,,,,,,,,,,,,,,,,,,,https://drive.google.com/open?id=1bbLudatoFj5OYbYkHhANXlsvW6j4cJz4,https://drive.google.com/open?id=1m9-_tYtWS_Yye9w1LRo9C-9e4xU7nBJv,https://drive.google.com/open?id=1i5T6gvGmHXS8OXG8_OvZyErOmU700EUK,no,no,no,yes,ST,,"13.8287861,78.4132304",,,,APC5bgrnf
APA1_CAFA,4,13,7,-3,open,0.38,67,0.75,0,65,0,,,,,,,,,,,,,,,,,,,,,,,,,,,,,,,,,,,,,,,,,,,,,,,,,,,,,,,,,,,,,,,,https://drive.google.com/open?id=11cfI_Br51eNbXnT2dGsK0pZkmHJP085G,https://drive.google.com/open?id=19IjkgNTvQ4qlg_LngJMxB_FKgUCtg0mX,no,no,no,yes,,,"14.0699872,78.3181766",,,,APA7bgrnf
APA8_CAFA,6,8,4,2,open,0.41,243,0.81,0,70,0,,,,,,,,,,,,,,,,,,,,,,,,,,,,,,,,,,,,,,,,,,,,,,,,,,,,,,,,,,,,,,,,https://drive.google.com/open?id=19q39pjE4QYrlKUTpEedJyprirwjgKU3v,https://drive.google.com/open?id=13IZQNn0ZrfikusXLYYnfDGFsTUe4VytW,?sheet erosion,no,no,yes,,,"14.0211606,78.381132",,,,APA16bgrnf
APC13_CPFA,0,0,2,-2,dense,0.41,3,0.81,0,70,0,,,,113,98,109,198,98,49,174,193,103,90,198,268,341,234,231,175,214,65,215,219,178,218,147,112,115,178,187,183,200,116,314,298,326,341,285,287,272,265,300,314,294,382,244,,,,,,,,,,,,,,,,,https://drive.google.com/open?id=1MefINYg-S8dh2-jz4uDkxPBc27yyKHc0,,https://drive.google.com/open?id=1f_oScIHyO6qZfVyQjPm2FDoj2TJdLR7b,?rill erosion,no,no,yes,,80,"13.9065674,78.5020117",,,,APC7bgpnf
APC7_CPFA,5,8,3,2,dense,0.41,118,0.81,0,70,0,,,,361,52,55,215,60,70,224,114,115,78,74,75,85,90,100,100,267,,,,,,,,,,,,,,,,,,,,,,,,,,,,,,,,,,,,,,,,,,,,https://drive.google.com/open?id=1QcGrS8RR9QLE92xq3qhPar_fcLY8Bdoi,https://drive.google.com/open?id=1D0n_0Id64pxtcQeUX_Lz9dHHTl3el_3U,?sheet erosion,no,no,yes,,30,"13.9426593,78.5074203",,,,APA19bgrnf
APA19_CAFA,6,16,6,0,open,0.43,110,0.87,0,75,0,,,,,,,,,,,,,,,,,,,,,,,,,,,,,,,,,,,,,,,,,,,,,,,,,,,,,,,,,,,,,,,,https://drive.google.com/open?id=1dclGh-nAbdnExRmYnBw61nDh_9Ohwarx,https://drive.google.com/open?id=1v-_Py-U1lRYVHs1dGyZCsdFhp16eXCgK,no,no,no,yes,,,"14.0505387,78.3249534",,,,APC4bgrnf
APA7_CAFA,8,9,6,2,open,0.45,146,0.81,0.08,70,0.63,1,0.7,0.9,,,,,,,,,,,,,,,,,,,,,,,,,,,,,,,,,,,,,,,,,,,,,,,,,,,,,,,,,,,,https://drive.google.com/open?id=1ra9xedlfczKKepkY2_G_3qx-ARiTg4FM,https://drive.google.com/open?id=1sca8cntpf5K967rn_L2Qn6rqZ-gYLONE,https://drive.google.com/open?id=1HACYgag4GTy0FiwJrklDIDOw4QfQOPRO,?rill erosion,yes,no,yes,ST,,"14.0224041,78.3815674",,,,APC3ab
APA2_CAFA,4,10,No data,,,0.45,No data,0.75,0.15,65,1.15,1,2.3,0.5,,,,,,,,,,,,,,,,,,,,,,,,,,,,,,,,,,,,,,,,,,,,,,,,,,,,,,,,,,,,,,,,,,,,,,,,,APA1bgrnf
APC4_Control,1,6,1,0,moderate,0.46,7,0.93,0,80,0,,,,133,176,167,293,204,200,303,198,279,289,139,104,204,298,298,278,287,187,193,87,45,176,261,48,203,321,327,149,305,206,233,48,300,67,68,128,220,,,,,,,,,,,,,,,,,,,,,,,https://drive.google.com/open?id=1TtTNe07PqiBW3eg5t22HJ0X6pIXR_VTQ,https://drive.google.com/open?id=1_82agd8W76oVOXY5fdeHh4BHZxbFkSfV,https://drive.google.com/open?id=1Gy280k-VP53mw8vR_SdQkxih2WS3C3Sg,?rill erosion,no,no,yes,SCT,60,"13.8421737,78.4283866",,,,APA7bgpnf
APC4_CAFA,1,2,1,0,open,0.46,88,0.93,0,80,0,,,,,,,,,,,,,,,,,,,,,,,,,,,,,,,,,,,,,,,,,,,,,,,,,,,,,,,,,,,,,,,,https://drive.google.com/open?id=1Urw7Kmor456TKfdGTsJbe4Phh5xNIz1w,https://drive.google.com/open?id=1kR719zm9pZtG_KU82BdKDOGmutSNuOIw,no,no,no,yes,,,"13.843551,78.4213671",,,,
APA7_CPFA,2,5,2,0,dense,0.47,61,0.7,0.24,60,1.8,1,2,0.9,112,198,312,300,76,116,317,176,176,132,371,222,300,217,317,327,118,102,311,304,314,218,216,211,251,118,141,,,,,,,,,,,,,,,,,,,,,,,,,,,,,,,,,https://drive.google.com/open?id=19a8qOHJhz1OEFCixuk1wrJFshf-gXSdQ,https://drive.google.com/open?id=1OgYevIHfFn5IQ5t7NsN-GpDOkrajo5T7,https://drive.google.com/open?id=1sgDTcNyoeSKgzVMLAj3QARuWf2l5-q0y,?gully erosion,no,no,yes,ST/CCT,40,"14.021599,78.3798686",,,,APC9bgrnf
APA10_CAFA,5,10,No data,,,0.5,No data,0.81,0.19,70,1.4,1,2.8,0.5,,,,,,,,,,,,,,,,,,,,,,,,,,,,,,,,,,,,,,,,,,,,,,,,,,,,,,,,,,,,,,,,,,,,,,,,,APC5bgpnf
APA10_CPFA,4,5,1,3,dense,0.51,18,0.81,0.2,70,1.5,1,3,0.5,45,289,242,267,278,290,293,160,334,345,293,283,216,231,278,287,279,287,328,298,278,253,312,334,341,328,223,283,287,278,283,273,287,299,278,258,284,281,275,277,340,290,304,200,293,278,294,289,208,87,,,,,,,,,,https://drive.google.com/open?id=1BYyhwOAUmd5c0KkMhYBmwgA5aOrd-RVn,https://drive.google.com/open?id=14r_qt02TjJQrShCdiFrSGtEWoUI1TxuF,https://drive.google.com/open?id=1WBHmyufQVeYxWgmze__7EeYyO9CZr1Uc,no,yes,no,yes,CCT,,"14.0192916,78.3815907",,,,APC4bgpnf
APC4_CPFA,2,10,4,-2,dense,0.51,37,0.93,0.09,80,0.64,1,0.8,0.8,180,154,80,77,201,303,304,213,319,211,321,341,326,317,312,303,314,287,278,355,265,350,250,315,285,324,276,276,361,351,324,254,316,317,316,341,214,256,313,122,,,,,,,,,,,,,,,,,,,,,https://drive.google.com/open?id=1nNxJVBEVr2kgBIJiD_Fao1YSr_GthpS9,https://drive.google.com/open?id=1vB_UJ28CTbz-jNudfjrrnaznRCMnZ8qM,no,no,no,yes,,65,"13.8458323,78.4483625",,,,APA20bgrnf
APC8_Control,3,7,3,0,moderate,0.56,289,0.81,0.3,70,2.25,1,2.5,0.9,110,140,100,145,150,160,30,40,145,170,40,132,167,145,124,76,,,,,,,,,,,,,,,,,,,,,,,,,,,,,,,,,,,,,,,,,,,,https://drive.google.com/open?id=1LPiiAbpQ4Wj5xZHd9N9K-kgesKHlpoLh,https://drive.google.com/open?id=1anIN-1ifVm3DRuFo5lnc4kecEZtAyWjE,https://drive.google.com/open?id=1G8WeuHQgmMhh6ZLbqL4YM5Pi7b7tkpee,?rill erosion,no,no,yes,SCT,15,"13.8729798,78.5249406",,,,APC8bgrnf
APA16_CAFA,3,8,1,2,open,0.58,135,1.16,0,100,0,,,,,,,,,,,,,,,,,,,,,,,,,,,,,,,,,,,,,,,,,,,,,,,,,,,,,,,,,,,,,,,,https://drive.google.com/open?id=1Qi10ET1RQrHTzLIXGaqHja75NmcZLpJx,https://drive.google.com/open?id=1yXwHSUxjjWfFuVNrvEBjU5noN4sgBcen,no,yes,no,yes,,,"14.1160551,78.3403274",,,,APA20ab
APA17_CPFA,4,8,1,3,dense,0.58,8,1.16,0,100,0,,,,176,216,326,332,312,327,331,317,324,342,345,328,373,347,218,278,187,328,278,90,109,314,176,289,167,312,98,276,302,118,91,291,314,332,317,176,203,78,234,278,269,298,325,280,341,280,342,290,320,92,318,349,,,,,,,,,https://drive.google.com/open?id=1Yd4ljGtX8LutdaKHaOFSQm6vGChBeXHS,https://drive.google.com/open?id=1THqRiWix6lw-eVEnegzNya2RpC9dlM6J,no,no,no,yes,,40,"14.1182166,78.3340177",,,,APA21bgpnf
APA15_CPFA,1,1,2,-1,dense,0.69,4,1.04,0.34,90,2.52,1,2.8,0.9,110,201,205,209,276,178,209,204,201,315,194,291,211,191,308,291,70,87,317,209,301,204,89,298,106,119,303,208,308,112,90,203,300,313,314,100,212,302,198,299,301,287,291,300,305,303,304,287,304,254,287,201,56,,,,,,,,https://drive.google.com/open?id=1WHWUUHvvhhIrGT9UEvduGb2ruznTAs4F,https://drive.google.com/open?id=1aZV7dc81VeNtSIoJLKPvcpac4CDIZCFX,?rill erosion,no,no,yes,,70,"14.0722294,78.3636839",,,,APA21bgrnf
APA17_CAFA,3,9,4,-1,open,0.86,18,1.16,0.57,100,4.2,1,4.2,1,,,,,,,,,,,,,,,,,,,,,,,,,,,,,,,,,,,,,,,,,,,,,,,,,,,,,,,,,,,,https://drive.google.com/open?id=1eqnTC82QhvTzvUmLIM3gD8x3xQ5JJtm2,https://drive.google.com/open?id=1pzLV-qXW9asgUR66E8iPIvDQTLG1P9_d,https://drive.google.com/open?id=1_CaT3S2eVyF0cqU6KCklFTaNYE4iXbD6,?rill erosion,no,no,yes,ST,80,"14.1181729,78.3349976",,,,APA18bgpnf
APA7_Control,0,0,1,-1,moderate,0.87,3,1.74,0,150,0,,,,203,203,204,298,187,267,321,342,311,100,234,312,342,61,78,305,318,223,287,371,93,341,112,131,211,218,312,319,256,259,198,331,178,196,104,231,117,,,,,,,,,,,,,,,,,,,,,,,,https://drive.google.com/open?id=1xXVili4DfLk7eCwDMxoeHv-eS67Z_jim,https://drive.google.com/open?id=1PIR6ncTnrAH6DSHJ5pKzmm24jSviiYhd,?rill erosion,no,no,yes,ST,80,"14.0280456,78.3761509",,,,APC2bgrnf
APC11_Control,0,0,0,0,moderate,0.87,0,1.74,0,150,0,,,,243,271,202,233,223,213,198,214,289,297,234,254,289,287,310,289,278,298,293,180,189,217,219,231,177,228,187,113,189,169,218,279,200,267,214,256,276,286,228,231,271,298,,,,,,,,,,,,,,,,,,https://drive.google.com/open?id=1xKLqKp-AjnC9NFZB8JCo1usKUhNxy4nB,https://drive.google.com/open?id=1vOIX6fkkaGp41QVCpZnToK3JsRCX9V59,https://drive.google.com/open?id=166KESFJPd_UmElyp6WJ0Fakgh487JQE-,no,no,no,yes,,90,"13.837937,78.4105962",,,,APC10ab
APA1_Control,1,1,3,-2,moderate,0.87,14,0.75,0.99,65,7.35,4.2,2.5,0.7,198,186,304,52,52,294,298,76,350,104,302,300,56,87,209,287,300,300,48,67,89,102,300,58,109,203,,,,,,,,,,,,,,,,,,,,,,,,,,,,,,,,,,https://drive.google.com/open?id=1bRyg1k4Rpx9mPPnhDqHpP_r1Ufk1Qmyz,https://drive.google.com/open?id=1aLXxXTT_cZlLtHRmjStdoi7Q-cWAfKyS,https://drive.google.com/open?id=1t_YWKi0vgSeT0g6UZzOIaibODr23VS_n,no,yes,yes,yes,ST,40,"14.0693954,78.3355702",,,,APA17bgrnf
APA18_CPFA,6,11,5,1,dense,0.87,24,1.51,0.24,130,1.8,1,2,0.9,78,213,154,317,221,214,78,176,134,80,117,218,217,321,228,228,118,70,228,202,280,231,321,300,179,398,300,222,176,200,276,278,250,150,290,289,291,300,98,228,281,245,272,,,,,,,,,,,,,,,,,,https://drive.google.com/open?id=1aG1yBFTTKojZzcxqCA5o71LXXYOML8mC,https://drive.google.com/open?id=1WW0GuexUozF0LIg1Z5hUJqAF7GwEiBCn,?rill erosion,no,no,yes,,,"14.0586892,78.3377172",,,,APA10bgpnf
APA20_CAFA,7,11,4,3,open,0.9,31,0.93,0.87,80,6.48,1.8,4,0.9,,,,,,,,,,,,,,,,,,,,,,,,,,,,,,,,,,,,,,,,,,,,,,,,,,,,,,,,,,,,,https://drive.google.com/open?id=1U64LnWVt-ZVSCGoNatUoW84JhYLcmH7P,https://drive.google.com/open?id=1w2Re5YftZTuYEwi0nWtaBPzmg5Oh_15k,?rill erosion,yes,no,yes,,,"14.0784771,78.329081",,,,APA19ab
APC8_CAFA,4,6,3,1,open,0.94,29,0.81,1.08,70,8,3.2,2.5,1,,,,,,,,,,,,,,,,,,,,,,,,,,,,,,,,,,,,,,,,,,,,,,,,,,,,,,,,,,,,,https://drive.google.com/open?id=1cTJBAwV4Z446EnzKNxHzeNPwzhXJB9Of,https://drive.google.com/open?id=1ikaq7I1hbzE9qhAhAc6usWFetxSG_eKd,?rill erosion,yes,no,yes,,,"13.8737925,78.5280008",,,,APA1ab
APC9_CAFA,5,7,3,2,open,1,41,1.51,0.5,130,3.7,1,3.7,1,,,,,,,,,,,,,,,,,,,,,,,,,,,,,,,,,,,,,,,,,,,,,,,,,,,,,,,,,,,,,https://drive.google.com/open?id=1CxgHJ2K4Ncrtjsfl6OgEIgriD-aAaryf,https://drive.google.com/open?id=1G1sf80KwN7zmv0oPoVoPXV7RGp6vXHKz,no,no,no,yes,,60,"13.8734111,78.5286271",,,,APA18bgrnf
APC1_CPFA,4,11,3,1,dense,1,8,1.16,0.85,100,6.3,2,3.5,0.9,176,241,215,117,201,90,198,197,257,316,289,278,245,316,317,313,295,289,291,294,80,306,290,213,313,100,309,298,308,291,312,291,287,304,298,287,90,303,235,178,196,167,,,,,,,,,,,,,,,,,,https://drive.google.com/open?id=1tV9JvQmQzMZAgjrQSG269YkBP1ahtVhv,https://drive.google.com/open?id=1YFIucN_rJBOs-IJBFOSoxoyKTG-O668q,https://drive.google.com/open?id=1El709TZfBmaMUk3MvNChSdnP2a-GXzCJ,?sheet erosion,no,no,yes,ST,,"13.8504882,78.4431105",,,,APC14bgrnf
APA18_CAFA,2,10,3,-1,open,1.02,13,1.51,0.54,130,4,2,2.5,0.8,,,,,,,,,,,,,,,,,,,,,,,,,,,,,,,,,,,,,,,,,,,,,,,,,,,,,,,,,,,,https://drive.google.com/open?id=1vdfaaD5rBfaeTvp2_4FANN3y8XHVAgdS,https://drive.google.com/open?id=1rFgVIZa7NjFMdFcCggyBk_kxdBOueSpe,https://drive.google.com/open?id=1vJoptXnVFVzWvRz8pCJqAiRo8A_4CtNC,?rill erosion,no,no,yes,ST,,"14.0556529,78.3436506",,,,APC1bgrnf
APA5_CAFA,0,0,3,-3,open,1.09,7,0.93,1.24,80,9.24,3.3,2.8,1,,,,,,,,,,,,,,,,,,,,,,,,,,,,,,,,,,,,,,,,,,,,,,,,,,,,,,,,,,,,https://drive.google.com/open?id=1o2Ve4DYxQZxF2xqfxkkjTVRK7k8vUTZ9,https://drive.google.com/open?id=1JsAzPAjQyoVs8y7cV3zMQjyQCar57Lzr,https://drive.google.com/open?id=16Rs-RukfizLztFo9-vFsHQ26p_cPBQsh,?sheet erosion,no,no,yes,,70,"14.063944,78.3551024",,,,APC10bgrnf
APA20_Control,3,8,1,2,moderate,1.12,27,0.93,1.31,80,9.765,3.5,3.1,0.9,140,40,143,379,276,387,176,167,87,293,143,207,287,291,289,200,289,261,,,,,,,,,,,,,,,,,,,,,,,,,,,,,,,,,,,,,,,,,,https://drive.google.com/open?id=1ry6BCS0yjOnA03JEmyxf4V1u0C3s1zMC,https://drive.google.com/open?id=1D6n0jLXNGq5SYXJXS0tNg_6cPcsRaJrU,https://drive.google.com/open?id=1IhXBmcQgk6q_fQ8GZ04ur5mZJxATspg2,no,no,no,yes,ST,,"14.0733066,78.3202519",,,,APC1ab
APC2_CPFA,6,8,2,4,dense,1.2,9,1.39,1.01,120,7.5,2.5,3,1,167,297,387,374,281,184,367,370,382,317,348,363,342,282,317,416,317,286,316,281,198,283,351,278,361,281,176,223,352,352,334,352,317,321,316,71,358,321,341,371,332,289,363,326,372,341,367,324,318,298,365,,,,,,,,,https://drive.google.com/open?id=1JmYQDcb6CMBBhLvYnJAThGPDUh1WulDK,https://drive.google.com/open?id=1lslw_poOw-owsRmwihlfDFoDbOf3d7ph,https://drive.google.com/open?id=1RUPkUSvmP_M83AW_d-w0AB_qnSHRzqHs,?rill erosion,no,no,yes,SCT,90,"13.8922583,78.4808939",,,,APC13bgrnf
APC1_Control,5,15,2,3,moderate,1.31,11,1.16,1.45,100,10.8,3,4,0.9,51,98,270,67,78,98,52,267,298,243,200,100,98,300,300,56,78,94,191,98,,,,,,,,,,,,,,,,,,,,,,,,,,,,,,,,,,,,,,,,,https://drive.google.com/open?id=12eaDfhLtpZiIgQ2HuHW4cVMCCvpFj5ir,https://drive.google.com/open?id=1XO8wjcjl6LMAbu6eq_fLtBfe8UyiY0AI,?sheet erosion,yes,no,no,,40,"13.8530168,78.4431822",,,,APC2bgpnf
APA21_CAFA,5,10,3,2,open,1.38,24,0.58,2.18,50,16.2,3,6,0.9,,,,,,,,,,,,,,,,,,,,,,,,,,,,,,,,,,,,,,,,,,,,,,,,,,,,,,,,,,,,https://drive.google.com/open?id=19ypNI2KSCWMKYk9kE2rjhFDEty4dnfvq,https://drive.google.com/open?id=1hKSWTUMs91kneivS1HYnKMLxwa2hPJSD,https://drive.google.com/open?id=1leojxMaS08t7_kQHOrEnVJgNX059p-6d,?sheet erosion,no,no,yes,ST,35,"14.0085217,78.3210492",,,,APA17bgpnf
APC10_CAFA,3,10,6,-3,open,1.4,11,1.86,0.94,160,7,2,3.5,1,,,,,,,,,,,,,,,,,,,,,,,,,,,,,,,,,,,,,,,,,,,,,,,,,,,,,,,,,,,,https://drive.google.com/open?id=1hgpDoDnTW83TrQMQAYweL8L9pyOqXph3,https://drive.google.com/open?id=1gIA5LXfIAhV3Vp-xmsG9QL668OWrUIlH,https://drive.google.com/open?id=1_pQrf4pGkTaT-mmvp083CBx6xm01LCW0,no,no,no,yes,ST,,"13.8651378,78.3985715",,,,APC1bgpnf
APA19_Control,3,9,2,1,moderate,1.42,16,0.87,1.98,75,14.7,4.2,3.5,1,230,248,200,130,208,100,48,176,98,258,254,48,100,203,165,201,209,270,200,300,200,,,,,,,,,,,,,,,,,,,,,,,,,,,,,,,,,,,,,,,https://drive.google.com/open?id=1fDwLmxg3j0617p8efpwvQTVqHd1rNGbd,https://drive.google.com/open?id=1ugpIxW9_TXO4YcRaI86om_rkPfoegscR,https://drive.google.com/open?id=1y31NTU0XopHpyoc4CfExxZ07oDW6zEdL,no,no,no,yes,ST/CCT,35,"14.061697,78.3420385",,,,APC4ab
APC2_CAFA,5,6,3,2,open,1.5,24,1.39,1.61,120,12,5,3,0.8,,,,,,,,,,,,,,,,,,,,,,,,,,,,,,,,,,,,,,,,,,,,,,,,,,,,,,,,,,,,,https://drive.google.com/open?id=1aLo7bM8BStfq1-4b6BNCiv4kyfmu9bEz,https://drive.google.com/open?id=1rBdGJBWzA7bb9RcGcZqj64n7AulalNQJ,no,yes,no,no,,,"13.8957422,78.4772987",,,,APA5bgrnf
APA12_Control,5,9,3,2,moderate,1.51,6,0.58,2.43,50,18.09,6.7,3,0.9,98,93,301,213,203,50,98,67,264,294,198,210,291,65,287,245,300,291,278,183,100,98,128,145,73,71,56,98,201,145,,,,,,,,,,,,,,,,,,,,,,,,,,,,,,,https://drive.google.com/open?id=1hPMD26IoyHiCEwJ9SSMWo6NZudpaF19X,https://drive.google.com/open?id=1KND2x9j9ryc1dL3YrTVPnFvl4kzZo6kS,no,yes,no,yes,,,"14.0411319,78.3177564",,,,APA12ab
APC10_Control,2,10,2,0,moderate,1.52,24,1.74,1.29,150,9.6,4,3,0.8,102,310,295,315,305,455,89,204,167,302,180,206,300,300,290,197,322,310,210,305,298,180,287,202,202,,,,,,,,,,,,,,,,,,,,,,,,,,,,,,,,,,,https://drive.google.com/open?id=1iu_itBt0yMY9sySneoIVpgX765dIc9Ol,https://drive.google.com/open?id=1y7en3S4HAquYh3vnR3C7zRg6Zy7g1FZA,https://drive.google.com/open?id=1iiPFUgzzl4Cy4VDaiVXczqy6yAlFtWCF,no,no,no,yes,,65,"13.8619826,78.4331152",,,,APA12bgrnf
APA12_CAFA,3,7,3,0,open,1.56,6,0.58,2.54,50,18.9,7,3,0.9,,,,,,,,,,,,,,,,,,,,,,,,,,,,,,,,,,,,,,,,,,,,,,,,,,,,,,,,,,,,,https://drive.google.com/open?id=1bCzPa7qa5w41DgonlwL19QNHHclu9WZT,https://drive.google.com/open?id=1GUP-vvHTzRp3ErSysi41SHyLdmMsSVSE,no,no,no,yes,CCT,80,"14.0405477,78.3173874",,,,APA15bgpnf
APC13_CAFA,5,5,4,1,open,1.62,10,0.81,2.42,70,18,4,5,0.9,,,,,,,,,,,,,,,,,,,,,,,,,,,,,,,,,,,,,,,,,,,,,,,,,,,,,,,,,,,,https://drive.google.com/open?id=1pA-n2w3nWMx47xIxAOO6nBBRSWW9ISb2,https://drive.google.com/open?id=1AzhS_c7eVGmcgaNQWjppgESQZ91S27Yk,https://drive.google.com/open?id=1uoILNQ7SnnTW2nRCpyin7iu5OgrxsM_N,?sheet erosion,yes,no,yes,CCT,,"13.9055454,78.5020869",,,,APC13bgpnf
APC12_Control,2,10,0,2,moderate,1.64,0,0.58,2.69,50,20,5,5,0.8,64,210,114,89,209,178,203,187,215,256,315,317,316,200,261,361,216,98,67,261,271,202,217,303,211,51,209,61,60,102,82,52,302,298,178,140,230,271,271,,,,,,,,,,,,,,,,,,,,,,https://drive.google.com/open?id=1N_SJoTxWrc8gioMc341stzU1JQOQy7hz,https://drive.google.com/open?id=1Uqht5n-caUE6jZTYee47uUq90TSvWPme,?sheet erosion,no,no,yes,ST,,"13.8695393,78.4178393",,,,APA7ab
APA19_CPFA,3,10,0,3,dense,1.65,0,0.87,2.42,75,18,4.5,4,1,241,341,315,344,321,256,261,351,245,233,334,256,364,300,288,372,366,298,371,376,375,382,275,256,200,376,300,298,351,367,356,351,104,332,365,341,315,200,316,341,361,352,298,352,353,361,334,341,343,351,352,353,300,278,267,245,,,,https://drive.google.com/open?id=1ilG4kYocnHxv60XN8gVRhR1g43COlZe9,https://drive.google.com/open?id=1MgIvxRJC7tXRcxPlu9bluyEyWSSp5Jwc,https://drive.google.com/open?id=1d91Z-LqoxnGIIGOkFflB-F2mR4o2VYju,?sheet erosion,no,no,yes,,,"14.0588854,78.3438302",,,,APC12bgrnf
APC1_CAFA,2,5,1,1,open,1.66,11,1.16,2.15,100,16,4,4,1,,,,,,,,,,,,,,,,,,,,,,,,,,,,,,,,,,,,,,,,,,,,,,,,,,,,,,,,,,,,https://drive.google.com/open?id=130AOrGtBoW_2ZNNH-P22NlXM9-zlrFmk,https://drive.google.com/open?id=1A_K2Qi2-jP4c6JSiVTRfYqlscgsB5eLU,https://drive.google.com/open?id=145XuEcXpe-2HLMEg0DkbCnzigcdi9hXt,?sheet erosion,no,no,yes,CCT,,"13.8489122,78.4285058",,,,APC11ab
APC11_CAFA,0,0,0,0,open,1.68,0,1.74,1.61,150,12,3,2,2,,,,,,,,,,,,,,,,,,,,,,,,,,,,,,,,,,,,,,,,,,,,,,,,,,,,,,,,,,,,,https://drive.google.com/open?id=1UXZVrmXeJlLZKkGTPd_7cTjOX96rx1R4,https://drive.google.com/open?id=1zQLm8m1LdOfiPX2sMbMIWBS8Cvvsl05m,?sheet erosion,no,no,no,ST,,"13.8380895,78.41051",,,,APC6bgrnf
APC12_CPFA,1,10,0,1,dense,1.74,0,0.58,2.91,50,21.6,8,3,0.9,212,314,356,345,317,378,278,276,318,389,343,212,147,313,314,288,288,302,300,289,223,118,371,332,342,323,332,341,361,223,267,214,341,315,80,280,315,341,334,316,387,378,373,389,200,100,316,341,356,347,365,217,316,367,354,280,287,255,287,,https://drive.google.com/open?id=18RUx-Fp6yRM2UOM2J8c_lJA4B_CYVXIA,https://drive.google.com/open?id=1IGMhRJirutKoAqYGcZDYdlbs9bVjHz1K,no,no,no,yes,CCT,90,"13.8926166,78.4133712",,,,APC7bgrnf
APC14_CAFA,3,6,4,-1,open,1.85,12,2.09,1.61,180,12,5,3,0.8,,,,,,,,,,,,,,,,,,,,,,,,,,,,,,,,,,,,,,,,,,,,,,,,,,,,,,,,,,,,https://drive.google.com/open?id=1iT_ztdlWr6-EsPgRIPPcdD6uvmPBfqlf,https://drive.google.com/open?id=1QirXgIPjhI2DPLlnmOCahRsnyyhGrkPp,https://drive.google.com/open?id=1Ha5UZ4gc8VQ82wKMeOC0ZC-3lPWtfzDV,no,no,no,yes,ST,,"13.9049878,78.5041513",,,,APC11bgrnf
APC12_CAFA,2,10,0,2,open,1.92,0,0.58,3.27,50,24.3,6,4.5,0.9,,,,,,,,,,,,,,,,,,,,,,,,,,,,,,,,,,,,,,,,,,,,,,,,,,,,,,,,,,,,https://drive.google.com/open?id=1wBcjoRStvdUwhdGKqxxIO7ZJDaA68cTH,https://drive.google.com/open?id=1Y5vj-j4gh6vtCwIKPRc7GNaZEqWpu9h2,https://drive.google.com/open?id=10zVqlYE6u_GhpdY_mtF_yoBj8CAdVwO8,?sheet erosion,no,no,yes,,75,"13.8943952,78.4131966",,,,APC12bgpnf
APC6_CAFA,1,4,0,1,open,2.5,0,2.09,2.91,180,21.6,6,4,0.9,,,,,,,,,,,,,,,,,,,,,,,,,,,,,,,,,,,,,,,,,,,,,,,,,,,,,,,,,,,,https://drive.google.com/open?id=1y8lDAizwP5VGlruCLbENtVpTkfPbDBrW,https://drive.google.com/open?id=19L0JqspXRLYOzLZG79vz0i45-JmImVan,https://drive.google.com/open?id=1m_z6RfAonF7V8buKbJuMeDCMXW-Byghc,no,no,no,yes,ST,70,"13.939726,78.4933375",,,,APA19bgpnf
APC7_CAFA,2,6,0,2,open,2.76,0,0.81,4.71,70,35,5,7,1,,,,,,,,,,,,,,,,,,,,,,,,,,,,,,,,,,,,,,,,,,,,,,,,,,,,,,,,,,,,https://drive.google.com/open?id=11WtZm0vbHm6kQEojt869yK5ZrH1Gx6Ct,https://drive.google.com/open?id=19fQ-yx1oSYt5ghB4tefisuIRiHeCFgqs,https://drive.google.com/open?id=1KZYC0Xoq5WxFA82nwMpE5a4FleFbUfXc,?sheet erosion,no,no,yes,ST,,"13.9404775,78.4954049",,,,APC12ab
APC6_Control,2,5,0,2,moderate,2.86,0,2.09,3.63,180,27,4.5,6,1,114,151,214,150,78,311,250,251,203,201,203,207,204,54,209,89,206,305,201,298,205,204,105,106,156,107,110,267,87,212,278,297,301,317,289,317,217,218,301,298,98,,,,,,,,,,,,,,,,,,,https://drive.google.com/open?id=1lgc7PJmaKqC3r7LfnZlGkJAzQ0arS25s,https://drive.google.com/open?id=1HK_gAK5WmcSnIjH6p3_TBC5XFwCyzi0z,https://drive.google.com/open?id=1gSl3NokX9jpLxw7oiovI1YKOIWKeCcST,no,no,no,yes,,60,"13.9407402,78.4941058",,,,APC6ab
