"Treatment","village","site","Species","disturbance","rgrH","rgr_rcd","sap_health"
"Control","APA20","APA20_Control","Dolichandrone atrovirens","none",0.435318071257846,0.496436886313891,1
"Control","APA20","APA20_Control","Dolichandrone atrovirens","none",1.17007125265025,0.864997437486604,1
"Control","APA20","APA20_Control","Chloroxylon swietenia","none",0.60077386042893,0.441832752279039,1
"Control","APA20","APA20_Control","Dolichandrone atrovirens","none",0.177681177237452,0.182321556793955,1
"Control","APA20","APA20_Control","Dalbergia paniculata","none",0.26053108338583,0.287682072451781,1
"Control","APA20","APA20_Control","Dalbergia paniculata","none",1.95479909647256,0,1
"Control","APC3","APC3_Control","Dolichandrone atrovirens","none",1.46358603542154,0.916290731874155,1
"Control","APC3","APC3_Control","Chloroxylon swietenia","none",0.524524468124153,0.0571584138399487,1
"Control","APC3","APC3_Control","Chloroxylon swietenia","none",0.182321556793955,0,1
"Control","APC1","APC1_Control","Dolichandrone atrovirens","none",0.317240874693326,0.276253376628158,1
"Control","APC8","APC8_Control","Wrightia tinctoria","none",0.0571584138399484,0.653926467406664,1
"Control","APC8","APC8_Control","Dolichandrone atrovirens","none",1.64412347042199,0.379489621704904,1
"Control","APC8","APC8_Control","Wrightia tinctoria","none",0.615185639090233,0.741937344729377,1
"Control","APC8","APC8_Control","Dolichandrone atrovirens","none",0.728238500371215,1.09861228866811,1
"Control","APC8","APC8_Control","Dolichandrone atrovirens","none",1.32913594727994,0.255933374137201,1
"Control","APA6","APA6_Control","Dolichandrone atrovirens","none",1.43508452528932,0,1
"Control","APA7","APA7_Control","Cassia fistula","none",1.45861502269952,0.182321556793955,1
"Control","APA7","APA7_Control","Cassia fistula","none",0.390866308687012,0.287682072451781,1
"Control","APC6","APC6_Control","Dolichandrone atrovirens","none",1.69459572077441,0.287682072451781,1
"Control","APC6","APC6_Control","Dolichandrone atrovirens","none",0.0370412716803492,0.313657558855042,1
"Control","APC6","APC6_Control","Dolichandrone atrovirens","none",0.280902385466402,0.538996500732687,1
"Control","APC6","APC6_Control","Dolichandrone atrovirens","none",1.96165850602345,2.68557734525015,1
"Control","APC6","APC6_Control","Dolichandrone atrovirens","none",0.359374000907898,0.336472236621213,1
"Control","APC6","APC6_Control","Dolichandrone atrovirens","none",0.47351857135318,0.19782574332992,1
"Control","APA12","APA12_Control","Dalbergia paniculata","none",0.968559160419912,1.09861228866811,1
"Control","APA12","APA12_Control","Cassia fistula","none",1.07613943281605,1.89711998488588,1
"Control","APA12","APA12_Control","Dalbergia paniculata","none",1.2947271675944,1.38629436111989,1
"Control","APA12","APA12_Control","Dalbergia paniculata","none",0.538996500732687,0.510825623765991,1
"Control","APA12","APA12_Control","Dalbergia paniculata","none",1.28093384546206,1.6094379124341,1
"Control","APA12","APA12_Control","Wrightia tinctoria","none",0.572519192771331,1.09861228866811,1
"Control","APC12","APC12_Control","Dolichandrone atrovirens","none",0.194156014440957,0.693147180559945,1
"Control","APC12","APC12_Control","Dolichandrone atrovirens","none",0.0540672212702757,0.336472236621213,1
"Control","APC10","APC10_Control","Cassia fistula","none",1.28785428830664,0,1
"Control","APC10","APC10_Control","Acacia chundra","none",0.693147180559945,1.29928298413026,1
"Control","APC10","APC10_Control","Dolichandrone atrovirens","none",1.79175946922806,0.336472236621213,1
"Control","APC10","APC10_Control","Acacia chundra","none",1.12678316563481,0.980829253011726,1
"Control","APC10","APC10_Control","Cassia fistula","none",0.672944473242426,0.405465108108164,1
"Control","APC10","APC10_Control","Acacia chundra","none",0.479573080261886,1.38629436111989,1
"Control","APC10","APC10_Control","Acacia chundra","none",0.667829372575655,1.29928298413026,1
"Control","APC10","APC10_Control","Dolichandrone atrovirens","none",1.22121461076044,1.15267950993839,1
"Control","APC10","APC10_Control","Dolichandrone atrovirens","none",0.50310357767208,0.336472236621213,1
"Control","APC10","APC10_Control","Acacia chundra","none",0.530628251062171,0.0689928714869515,1
"CPFA","APC1","APC1_CPFA","Acacia chundra","none",0.653481924167514,0.182321556793955,1
"CPFA","APC1","APC1_CPFA","Acacia chundra","none",0.154150679827258,0.451985123743057,1
"CPFA","APC1","APC1_CPFA","Dolichandrone atrovirens","none",0,0.0540672212702756,1
"CPFA","APC1","APC1_CPFA","Morinda pubescens","none",1.88273124743378,1.01160091167848,1
"CPFA","APA18","APA18_CPFA","Dolichandrone atrovirens","none",0.719580437628101,0.693147180559945,1
"CPFA","APA18","APA18_CPFA","Dolichandrone atrovirens","none",1.23088025724586,0.628608659422374,1
"CPFA","APA18","APA18_CPFA","Dolichandrone atrovirens","none",1.93152141160321,0.405465108108164,1
"CPFA","APC5","APC5_CPFA","Dolichandrone atrovirens","none",0.714349388210548,0.405465108108164,1
"CPFA","APC4","APC4_CPFA","Dalbergia paniculata","none",0.438254930931156,0.747214401830221,1
"CPFA","APC4","APC4_CPFA","Dolichandrone atrovirens","none",0.438254930931155,0.8754687373539,1
"CPFA","APC4","APC4_CPFA","Acacia chundra","none",0.0419641990990316,0.318453731118535,1
"CPFA","APC4","APC4_CPFA","Acacia chundra","none",0.423814246776361,0.405465108108164,1
"CPFA","APC4","APC4_CPFA","Acacia chundra","none",0.767870726755882,0.75377180237638,1
"CPFA","APC4","APC4_CPFA","Acacia chundra","none",0.611801541105993,0.167054084663166,1
"CPFA","APC12","APC12_CPFA","Acacia chundra","none",1.9387416595767,0.810930216216329,1
"CPFA","APC12","APC12_CPFA","Acacia chundra","none",0.815364813284195,0.318453731118535,1
"CPFA","APC12","APC12_CPFA","Acacia chundra","none",0.461034959262975,0,1
"CPFA","APA19","APA19_CPFA","Dolichandrone atrovirens","none",0.415827895143711,0.470003629245736,1
"CPFA","APA19","APA19_CPFA","Dolichandrone atrovirens","none",1.36431545440112,0.8754687373539,1
"CPFA","APA19","APA19_CPFA","Dolichandrone atrovirens","none",1.57958494928442,0.8754687373539,1
"CPFA","APC7","APC7_CPFA","Chloroxylon swietenia","none",0.906240396020654,0.0741079721537218,1
"CPFA","APC7","APC7_CPFA","Chloroxylon swietenia","none",0.24362208265775,0.741937344729377,1
"CPFA","APC7","APC7_CPFA","Chloroxylon swietenia","none",0.0357180826020791,0,1
"CPFA","APC7","APC7_CPFA","Chloroxylon swietenia","none",0.358212223257619,0.325422400434628,1
"CPFA","APC7","APC7_CPFA","Chloroxylon swietenia","none",0.622051258876215,0.613104472886409,1
"CPFA","APC7","APC7_CPFA","Chloroxylon swietenia","none",1.21302263984585,1.30833281965018,1
"CPFA","APC7","APC7_CPFA","Chloroxylon swietenia","none",0.143100843640673,0.23638877806423,1
"CPFA","APC7","APC7_CPFA","Chloroxylon swietenia","none",1.59020655050621,2.07944154167984,1
"CPFA","APC7","APC7_CPFA","Chloroxylon swietenia","none",0.217064505237828,0.741937344729377,1
"CPFA","APC7","APC7_CPFA","Chloroxylon swietenia","none",0.794243297431314,0.100083458556983,1
"CPFA","APC7","APC7_CPFA","Chloroxylon swietenia","none",0.595085967383731,0.105360515657826,1
"CPFA","APC7","APC7_CPFA","Chloroxylon swietenia","none",0.199613053904016,0,1
"CPFA","APC7","APC7_CPFA","Chloroxylon swietenia","none",0.532804530484766,0.860201265223111,1
"CPFA","APC13","APC13_CPFA","Pongamia pinnata","none",0.287682072451781,0,1
"CPFA","APC7","APC7_CPFA","Chloroxylon swietenia","none",0.652325186039691,0.741937344729377,1
"CPFA","APC2","APC2_CPFA","Wrightia tinctoria","none",0.922333046330118,1.82454929205105,1
"CPFA","APC7","APC7_CPFA","Chloroxylon swietenia","none",0.561469356584746,1.13943428318836,1
"CPFA","APC13","APC13_CPFA","Hardwickia binata","none",1.39518330853714,0.624154309072994,1
"CPFA","APC13","APC13_CPFA","Tectona grandis","none",2.1445808438508,0,1
"CPFA","APC13","APC13_CPFA","Hardwickia binata","none",1.15496522521924,0.693147180559945,1
"CPFA","APC13","APC13_CPFA","Tectona grandis","none",1.88137162791774,0.723918839226699,1
"CPFA","APC13","APC13_CPFA","Hardwickia binata","none",1.79175946922805,0.965080896043587,1
"CPFA","APC13","APC13_CPFA","Hardwickia binata","none",1.44238382777093,0.661398482245365,1
"CPFA","APC13","APC13_CPFA","Hardwickia binata","none",1.27840539910871,1.62924053973028,1
"CPFA","APC13","APC13_CPFA","Hardwickia binata","none",1.18658106161407,0.693147180559945,1
"CPFA","APA15","APA15_CPFA","Wrightia tinctoria","none",0.22314355131421,0.154150679827258,1
"CPFA","APA15","APA15_CPFA","Wrightia tinctoria","none",0,0.233614851181505,1
"CPFA","APA15","APA15_CPFA","Wrightia tinctoria","none",0.757226037244467,0.510825623765991,1
"CPFA","APA15","APA15_CPFA","Wrightia tinctoria","none",0.851752210736584,0.72054615474806,1
"CPFA","APA10","APA10_CPFA","Chloroxylon swietenia","none",1.74919985480926,0.826678573184468,1
"CPFA","APA10","APA10_CPFA","Dolichandrone atrovirens","none",1.24842456689677,1.43508452528932,1
"CPFA","APA10","APA10_CPFA","Dolichandrone atrovirens","none",1.0134544803278,0,1
"CPFA","APA10","APA10_CPFA","Dolichandrone atrovirens","none",1.25276296849537,1.25276296849537,1
"CPFA","APA7","APA7_CPFA","Dolichandrone atrovirens","none",0.0206192872027353,1.02165124753198,1
"CPFA","APA7","APA7_CPFA","Dolichandrone atrovirens","none",0.540806455977926,1.87180217690159,1
"CPFA","APA10","APA10_CPFA","Dolichandrone atrovirens","none",1.08743898806998,1.58045037556085,1
"CPFA","APA10","APA10_CPFA","Dolichandrone atrovirens","none",0.907158248310882,1.13497993283898,1
"CPFA","APA10","APA10_CPFA","Dolichandrone atrovirens","none",0.879733136140358,0.470003629245736,1
"CPFA","APA7","APA7_CPFA","Dolichandrone atrovirens","none",0.782759339249632,1.42711635564015,1
"CPFA","APA7","APA7_CPFA","Tectona grandis","none",0.342286206486633,1.27296567581289,1
"CAFA","APC1","APC1_CAFA","Dolichandrone atrovirens","none",0.346276236717834,0.422856850820034,1
"CAFA","APC1","APC1_CAFA","Holoptelea integrifolia","none",0.916290731874155,1.09861228866811,1
"CAFA","APA19","APA19_CAFA","Chloroxylon swietenia","none",0.482426149244293,0.847297860387204,1
"CAFA","APA19","APA19_CAFA","Chloroxylon swietenia","none",0.4855078157817,1.42138568093116,1
"CAFA","APC1","APC1_CAFA","Tectona grandis","none",1.67397643357167,0.371563556432483,1
"CAFA","APC6","APC6_CAFA","Dolichandrone atrovirens","none",0.633723760089145,0.744440474947496,1
"CAFA","APC6","APC6_CAFA","Dolichandrone atrovirens","none",0.784581386519577,0.666478933477784,1
"CAFA","APC6","APC6_CAFA","Dolichandrone atrovirens","none",0.496436886313891,0.86903784702361,1
"CAFA","APC6","APC6_CAFA","Dolichandrone atrovirens","none",0.648695417989112,1.15745278869104,1
"CAFA","APC6","APC6_CAFA","Dolichandrone atrovirens","none",0.510825623765991,1.16760516015506,1
"CAFA","APC6","APC6_CAFA","Dolichandrone atrovirens","none",0.650587566141149,1.0055218656021,1
"CAFA","APC6","APC6_CAFA","Dolichandrone atrovirens","none",0.572194570142282,0.887303195000903,1
"CAFA","APC6","APC6_CAFA","Dolichandrone atrovirens","none",0.963174317773005,0.712949807856125,1
"CAFA","APC6","APC6_CAFA","Dolichandrone atrovirens","none",0.699973145630345,0.967584026261706,1
"CAFA","APC6","APC6_CAFA","Dolichandrone atrovirens","none",0.704320481158071,0.693147180559945,1
"CAFA","APC6","APC6_CAFA","Pongamia pinnata","none",0.33085424431699,0.693147180559945,1
"CAFA","APC6","APC6_CAFA","Dolichandrone atrovirens","none",1.70474809223842,0.251314428280906,1
"CAFA","APC6","APC6_CAFA","Dolichandrone atrovirens","none",1.16315080980568,0.905708622543618,1
"CAFA","APC6","APC6_CAFA","Dolichandrone atrovirens","none",0.693147180559945,0.916290731874155,1
"CAFA","APC6","APC6_CAFA","Dolichandrone atrovirens","none",0.62057648772511,1.03407376753054,1
"CAFA","APC6","APC6_CAFA","Dolichandrone atrovirens","none",0.633249038978877,1.09861228866811,1
"CAFA","APC6","APC6_CAFA","Dolichandrone atrovirens","none",0.434452644981416,0.532804530484766,1
"CAFA","APC6","APC6_CAFA","Dolichandrone atrovirens","none",0.33085424431699,0.940983344464526,1
"CAFA","APC6","APC6_CAFA","Dolichandrone atrovirens","none",1.1551826401565,0.862223510603879,1
"CAFA","APC6","APC6_CAFA","Dolichandrone atrovirens","none",0.0598981415810682,0.784118958765672,1
"CAFA","APC5","APC5_CAFA","Dolichandrone atrovirens","none",1.51846613422837,0.864997437486604,1
"CAFA","APC6","APC6_CAFA","Dolichandrone atrovirens","none",0.679541528504167,1.01160091167848,1
"CAFA","APC6","APC6_CAFA","Dolichandrone atrovirens","none",0.756862994946053,1.04982212449868,1
"CAFA","APC5","APC5_CAFA","Dolichandrone atrovirens","none",0,0.961411167154625,1
"CAFA","APC6","APC6_CAFA","Dolichandrone atrovirens","none",0.896488104577976,1.03407376753054,1
"CAFA","APC6","APC6_CAFA","Dolichandrone atrovirens","none",0.857450231851221,0.980829253011726,1
"CAFA","APC6","APC6_CAFA","Dolichandrone atrovirens","none",0.790310929013593,1.25276296849537,1
"CAFA","APC6","APC6_CAFA","Dolichandrone atrovirens","none",1.06839851007161,0.847297860387204,1
"CAFA","APC6","APC6_CAFA","Dolichandrone atrovirens","none",0.0134230203321399,0.76460614454209,1
"CAFA","APC6","APC6_CAFA","Dolichandrone atrovirens","none",1.11474167059799,0.988611393453781,1
"CAFA","APC6","APC6_CAFA","Dolichandrone atrovirens","none",0.609377297494486,1.09861228866811,1
"CAFA","APC6","APC6_CAFA","Dolichandrone atrovirens","none",0.781700577901391,0.973449145714104,1
"CAFA","APC6","APC6_CAFA","Dolichandrone atrovirens","none",0.348306694268216,1.40876721697195,1
"CAFA","APC6","APC6_CAFA","Dolichandrone atrovirens","none",0.664159643686693,1.09861228866811,1
"CAFA","APC6","APC6_CAFA","Dolichandrone atrovirens","none",0.330663895025466,0.882389180198474,1
"CAFA","APC6","APC6_CAFA","Dolichandrone atrovirens","none",0.992390075412802,1.07451473708905,1
"CAFA","APC6","APC6_CAFA","Dolichandrone atrovirens","none",0.600773860428931,0.8754687373539,1
"CAFA","APC6","APC6_CAFA","Dolichandrone atrovirens","none",0.805065096763931,0.747214401830221,1
"CAFA","APC6","APC6_CAFA","Dolichandrone atrovirens","none",0.652873281422005,0.926762031741451,1
"CAFA","APC6","APC6_CAFA","Dolichandrone atrovirens","none",0.942958978956316,1.38629436111989,1
"CAFA","APC6","APC6_CAFA","Dolichandrone atrovirens","none",0.422856850820033,1.04596855518269,1
"CAFA","APC6","APC6_CAFA","Dolichandrone atrovirens","none",0.448548694244476,0.93826963859293,1
"CAFA","APC6","APC6_CAFA","Dolichandrone atrovirens","none",0.333144446528538,0.80437281567017,1
"CAFA","APC6","APC6_CAFA","Dolichandrone atrovirens","none",0.853770374892822,1.02961941718116,1
"CAFA","APC6","APC6_CAFA","Dolichandrone atrovirens","none",0.411734721121759,0.479573080261886,1
"CAFA","APC11","APC11_CAFA","Dolichandrone atrovirens","none",1.12601126285622,0.313657558855042,1
"CAFA","APC11","APC11_CAFA","Dolichandrone atrovirens","none",0.902867711542014,1.41706601978664,1
"CAFA","APC11","APC11_CAFA","Dolichandrone atrovirens","none",0.28312625591592,0.944461608840852,1
"CAFA","APC11","APC11_CAFA","Dolichandrone atrovirens","none",0.307484699747961,1.09861228866811,1
"CAFA","APC3","APC3_CAFA","Dolichandrone atrovirens","none",1.05314991459135,1.17865499634165,1
"CAFA","APC3","APC3_CAFA","Dolichandrone atrovirens","none",1.18958406687384,1.09861228866811,1
"CAFA","APC3","APC3_CAFA","Dalbergia paniculata","none",0.247836163904581,0.980829253011726,1
"CAFA","APA2","APA2_CAFA","Pongamia pinnata","none",1.09861228866811,2.25129179860649,1
"CAFA","APC9","APC9_CAFA","Pongamia pinnata","none",0.473784352085642,0.893817876022097,1
"CAFA","APC9","APC9_CAFA","Tectona grandis","none",1.28093384546206,0.613104472886409,1
"CAFA","APC8","APC8_CAFA","Dalbergia paniculata","none",1.015920572823,0.993251773010283,1
"CAFA","APC8","APC8_CAFA","Tamarindus indica","none",0.677879708429157,1.01160091167848,1
"CAFA","APC8","APC8_CAFA","Tamarindus indica","none",1.29358496301562,1.85629799036563,1
"CAFA","APC9","APC9_CAFA","Limonia acidissima","none",0.814754312654732,1.53147637096439,1
"CAFA","APC2","APC2_CAFA","Tectona grandis","none",0.147157644336287,0.476924072090309,1
"CAFA","APC9","APC9_CAFA","Cassia fistula","none",0.774640214811128,2.22462355152433,1
"CAFA","APC9","APC9_CAFA","Limonia acidissima","none",1.145132304303,1.55814461804655,1
"CAFA","APC13","APC13_CAFA","Tectona grandis","none",1.30833281965018,1.28093384546206,1
"CAFA","APA5","APA5_CAFA","Ziziphus mauritiana","none",1.32175583998232,0.767255152713667,1
"CAFA","APA5","APA5_CAFA","Butea monosperma","none",1.41272761818805,0.579818495252942,1
"CAFA","APA5","APA5_CAFA","Butea monosperma","none",2.52572864430826,1.28093384546206,1
"CAFA","APA5","APA5_CAFA","Butea monosperma","none",1.60070423246535,0.300104592450338,1
"CAFA","APA7","APA7_CAFA","Cassia fistula","none",0.809680996815897,0.666478933477784,1
"CAFA","APA7","APA7_CAFA","Chloroxylon swietenia","none",0.541916210836022,1.33500106673234,1
"CAFA","APA10","APA10_CAFA","Dolichandrone atrovirens","none",0.896488104577976,1.06087196068526,1
"CAFA","APA10","APA10_CAFA","Dolichandrone atrovirens","none",0.519875459285909,1.09861228866811,1
"CAFA","APA10","APA10_CAFA","Dolichandrone atrovirens","none",1.09861228866811,1.38629436111989,1
"CAFA","APA10","APA10_CAFA","Butea monosperma","none",1.15057202759882,2.22462355152433,1
"CAFA","APA10","APA10_CAFA","Dolichandrone atrovirens","none",0.640503447074524,0.826678573184468,1
"CAFA","APA10","APA10_CAFA","Dolichandrone atrovirens","none",0.976009966575778,0.693147180559945,1
"CAFA","APA6","APA6_CAFA","Pongamia pinnata","none",2.11815605386053,1.83258146374831,1
"CAFA","APA6","APA6_CAFA","Wrightia tinctoria","none",0.853111830252624,1.09861228866811,1
"CAFA","APA8","APA8_CAFA","Dolichandrone atrovirens","none",0.693147180559945,1.09861228866811,1
"CAFA","APA10","APA10_CAFA","Pongamia pinnata","none",1.19705236148136,1.38629436111989,1
"CAFA","APA10","APA10_CAFA","Dolichandrone atrovirens","none",0.339215722566963,1.04145387482816,1
"CAFA","APC13","APC13_CAFA","Tectona grandis","none",1.12330490125848,0.405465108108164,1
"CAFA","APC13","APC13_CAFA","Tectona grandis","none",1.64625188555682,1.27296567581289,1
"CAFA","APC13","APC13_CAFA","Holoptelea integrifolia","none",1.32175583998232,1.38629436111989,1
"CAFA","APC13","APC13_CAFA","Tectona grandis","none",1.21639532432449,0.916290731874155,1
"CAFA","APC13","APC13_CAFA","Tectona grandis","none",0.952900477486716,0.389464766761723,1
"CAFA","APC7","APC7_CAFA","Dolichandrone atrovirens","none",1.29928298413026,1.19770319131234,1
"CAFA","APC7","APC7_CAFA","Dolichandrone atrovirens","none",0.328504066972036,0.385662480811985,1
"CAFA","APC7","APC7_CAFA","Dolichandrone atrovirens","none",2.29000631078719,0.470003629245735,1
"CAFA","APC7","APC7_CAFA","Dolichandrone atrovirens","none",0.978326122793608,1.33828514193353,1
"CAFA","APC7","APC7_CAFA","Dolichandrone atrovirens","none",0.336472236621213,0.559615787935423,1
"CAFA","APC7","APC7_CAFA","Dolichandrone atrovirens","none",1.01792337741797,1.36524095192206,1
"CAFA","APC7","APC7_CAFA","Dolichandrone atrovirens","none",0.117783035656383,0.794929874869888,1
"CAFA","APC7","APC7_CAFA","Dolichandrone atrovirens","none",0.448950220047903,0.669049628980885,1
"CAFA","APC7","APC7_CAFA","Dolichandrone atrovirens","none",0.154150679827258,1.01693425765384,1
"CAFA","APC7","APC7_CAFA","Dolichandrone atrovirens","none",0.522189382416306,1.18562366565774,1
"CAFA","APC7","APC7_CAFA","Dolichandrone atrovirens","none",0.0800427076735364,0.72054615474806,1
"CAFA","APC7","APC7_CAFA","Dolichandrone atrovirens","none",0.0678225963387611,1.11600403137998,1
"CAFA","APC7","APC7_CAFA","Dolichandrone atrovirens","none",0.154150679827258,0.405465108108165,1
"CAFA","APC7","APC7_CAFA","Dolichandrone atrovirens","none",0.484602428666888,0.496436886313891,1
"CAFA","APC7","APC7_CAFA","Dolichandrone atrovirens","none",0.619039208406223,1.54756250871601,1
"CAFA","APC6","APC6_CAFA","Dolichandrone atrovirens","none",0.66457380811589,0.566395474920802,1
"CAFA","APC7","APC7_CAFA","Dolichandrone atrovirens","none",0.101352494260288,0.613104472886409,1
"CAFA","APC6","APC6_CAFA","Dolichandrone atrovirens","none",0.139761942375159,1.32175583998232,1
"CAFA","APC11","APC11_CAFA","Dolichandrone atrovirens","none",1.5441973905657,2.83321334405622,1
"Control","APA19","APA19_Control","Chloroxylon swietenia","browsed",-0.105360515657826,0.109199291964992,3
"Control","APA19","APA19_Control","Dolichandrone atrovirens","browsed",-0.0923733201310153,0.154150679827258,3
"Control","APA19","APA19_Control","Dolichandrone atrovirens","browsed",-1.79175946922806,-0.916290731874155,3
"Control","APA19","APA19_Control","Dolichandrone atrovirens","browsed",-1.19392246847243,0.233614851181505,3
"Control","APA19","APA19_Control","Dolichandrone atrovirens","browsed",-2.07944154167984,0.510825623765991,3
"Control","APA19","APA19_Control","Dolichandrone atrovirens","browsed",-1.83258146374831,0,3
"Control","APA19","APA19_Control","Dolichandrone atrovirens","browsed",-2.70805020110221,0.810930216216329,3
"Control","APA19","APA19_Control","Dolichandrone atrovirens","browsed",-2.94443897916644,0.510825623765991,3
"Control","APA19","APA19_Control","Dolichandrone atrovirens","browsed",-3.13549421592915,0.0741079721537218,3
"Control","APA19","APA19_Control","Dolichandrone atrovirens","browsed",-2.70805020110221,0.810930216216329,3
"Control","APA19","APA19_Control","Dolichandrone atrovirens","browsed",-2.25129179860649,0.693147180559945,3
"Control","APA19","APA19_Control","Dolichandrone atrovirens","browsed",-1.00330210886378,0.693147180559945,3
"Control","APA19","APA19_Control","Dolichandrone atrovirens","browsed",-2.04769284336526,0.336472236621213,3
"Control","APA20","APA20_Control","Dolichandrone atrovirens","browsed",-0.282862786015832,0,3
"Control","APA20","APA20_Control","Dolichandrone atrovirens","browsed",-0.287682072451781,0.251314428280906,3
"Control","APA20","APA20_Control","Dolichandrone atrovirens","browsed",-0.305381649551182,0,3
"Control","APA20","APA20_Control","Dolichandrone atrovirens","browsed",-0.610909082322973,0,3
"Control","APC4","APC4_Control","Dolichandrone atrovirens","browsed",0.439366659783845,0.944461608840852,3
"Control","APC4","APC4_Control","Dolichandrone atrovirens","browsed",0.670674324707887,0.619039208406224,3
"Control","APC4","APC4_Control","Dolichandrone atrovirens","browsed",0.305381649551182,0.559615787935423,3
"Control","APC4","APC4_Control","Dolichandrone atrovirens","browsed",-1.6094379124341,0.22314355131421,3
"Control","APC4","APC4_Control","Dolichandrone atrovirens","browsed",1.08705146626703,0.916290731874155,3
"Control","APC4","APC4_Control","Dolichandrone atrovirens","browsed",-0.51082562376599,-0.916290731874155,3
"Control","APC4","APC4_Control","Dolichandrone atrovirens","browsed",1.10809103262265,1.15267950993839,3
"Control","APC4","APC4_Control","Dolichandrone atrovirens","browsed",0.773189888233482,0.194156014440957,3
"Control","APC4","APC4_Control","Dolichandrone atrovirens","browsed",1.23214368129263,0.810930216216329,3
"Control","APC4","APC4_Control","Dolichandrone atrovirens","browsed",-1.6094379124341,-0.405465108108164,3
"Control","APA1","APA1_Control","Dolichandrone atrovirens","browsed",0,0.268263986594679,3
"Control","APC3","APC3_Control","Dolichandrone atrovirens","browsed",0.732367893713227,0.0741079721537218,3
"Control","APC3","APC3_Control","Chloroxylon swietenia","browsed",0.0861776962410516,0.194156014440957,3
"Control","APC3","APC3_Control","Chloroxylon swietenia","browsed",0.279313822781265,0.22314355131421,3
"Control","APC3","APC3_Control","Chloroxylon swietenia","browsed",0.0555698511548108,0.22314355131421,3
"Control","APC3","APC3_Control","Chloroxylon swietenia","browsed",0.352821374622743,0,3
"Control","APC3","APC3_Control","Chloroxylon swietenia","browsed",-0.583146285345617,0.251314428280906,3
"Control","APC3","APC3_Control","Chloroxylon swietenia","browsed",-0.23572233352107,0.111225635110224,3
"Control","APC3","APC3_Control","Chloroxylon swietenia","browsed",-0.304489190768161,0.167054084663166,3
"Control","APC3","APC3_Control","Chloroxylon swietenia","browsed",-0.253195896380611,0.435318071257845,3
"Control","APC3","APC3_Control","Azadirachta indica","browsed",0,0,3
"Control","APC3","APC3_Control","Azadirachta indica","browsed",-0.211309093667207,0,3
"Control","APC3","APC3_Control","Dolichandrone atrovirens","browsed",-0.202524264111474,0.0800427076735365,3
"Control","APC3","APC3_Control","Dolichandrone atrovirens","browsed",0.635988766719997,0,3
"Control","APC3","APC3_Control","Chloroxylon swietenia","browsed",-0.412244795093544,0.305381649551182,3
"Control","APC3","APC3_Control","Dolichandrone atrovirens","browsed",0.159848700941897,0.167054084663166,3
"Control","APC3","APC3_Control","Dolichandrone atrovirens","browsed",1.07613943281605,0.287682072451781,3
"Control","APC3","APC3_Control","Acacia chundra","browsed",0.0521857531705701,0.693147180559945,3
"Control","APC3","APC3_Control","Dolichandrone atrovirens","browsed",0.550046336919272,0.0689928714869515,3
"Control","APC3","APC3_Control","Dolichandrone atrovirens","browsed",0.0723206615796261,0.194156014440957,3
"Control","APC3","APC3_Control","Chloroxylon swietenia","browsed",-0.430782916092454,0.0870113769896297,3
"Control","APC3","APC3_Control","Dolichandrone atrovirens","browsed",0.606135803570315,0,3
"Control","APC1","APC1_Control","Acacia chundra","browsed",0.25464221837358,0.0645385211375711,3
"Control","APC1","APC1_Control","Dolichandrone atrovirens","browsed",0.130620182417064,0.0833816089390512,3
"Control","APC1","APC1_Control","Dolichandrone atrovirens","browsed",0.350656871613169,0.0392207131532812,3
"Control","APC1","APC1_Control","Dolichandrone atrovirens","browsed",-0.456758402495715,-1.25276296849537,3
"Control","APC1","APC1_Control","Dolichandrone atrovirens","browsed",0.144581228811107,0,3
"Control","APC1","APC1_Control","Dolichandrone atrovirens","browsed",-0.115069329784787,0.0870113769896297,3
"Control","APC1","APC1_Control","Dolichandrone atrovirens","browsed",0.78845736036427,0.575364144903562,3
"Control","APC1","APC1_Control","Dolichandrone atrovirens","browsed",-0.0689928714869517,0.510825623765991,3
"Control","APC1","APC1_Control","Dolichandrone atrovirens","browsed",0.448950220047903,0.0350913198112701,3
"Control","APC1","APC1_Control","Dolichandrone atrovirens","browsed",0.0335226920386429,0.264692554227082,3
"Control","APC1","APC1_Control","Dolichandrone atrovirens","browsed",0.3293037471426,0.0714589639821448,3
"Control","APC1","APC1_Control","Dolichandrone atrovirens","browsed",0.562307579601134,0.0800427076735365,3
"Control","APC1","APC1_Control","Acacia chundra","browsed",-0.321583624127462,0.0339015516756815,3
"Control","APC1","APC1_Control","Dolichandrone atrovirens","browsed",0.100643525779687,0.0408219945202553,3
"Control","APC1","APC1_Control","Dolichandrone atrovirens","browsed",0.191538211898878,0.0714589639821448,3
"Control","APC1","APC1_Control","Dolichandrone atrovirens","browsed",0.113328685307002,0.129211731480006,3
"Control","APC4","APC4_Control","Dolichandrone atrovirens","browsed",-0.209720530982069,0.54654370636807,3
"Control","APC4","APC4_Control","Dolichandrone atrovirens","browsed",0.725937003382937,0.318453731118535,3
"Control","APC4","APC4_Control","Dolichandrone atrovirens","browsed",-0.182321556793955,0.538996500732687,3
"Control","APC4","APC4_Control","Dolichandrone atrovirens","browsed",0.498991166118988,0.287682072451781,3
"Control","APC4","APC4_Control","Dolichandrone atrovirens","browsed",0.545227050483323,1.18958406687384,3
"Control","APC8","APC8_Control","Dolichandrone atrovirens","browsed",1.32913594727994,0.0408219945202553,3
"Control","APC8","APC8_Control","Dolichandrone atrovirens","browsed",0.635988766719997,0,3
"Control","APC8","APC8_Control","Dolichandrone atrovirens","browsed",-0.0392207131532816,0.0408219945202553,3
"Control","APC8","APC8_Control","Dolichandrone atrovirens","browsed",0,0.133531392624523,3
"Control","APC8","APC8_Control","Dolichandrone atrovirens","browsed",0.106609735058258,0.379489621704904,3
"Control","APA6","APA6_Control","Ziziphus mauritiana","browsed",0.667829372575655,0.23638877806423,3
"Control","APA7","APA7_Control","Carissa carandas","browsed",-1.89711998488588,0.693147180559945,3
"Control","APA7","APA7_Control","Acacia leucophloea","browsed",1.91692261218206,0,3
"Control","APA7","APA7_Control","Carissa carandas","browsed",0.502457374095474,0.619039208406224,3
"Control","APA6","APA6_Control","Acacia leucophloea","browsed",0.530628251062171,0,3
"Control","APC6","APC6_Control","Dolichandrone atrovirens","browsed",1.74435723033347,0,3
"Control","APC6","APC6_Control","Dolichandrone atrovirens","browsed",-0.347196199984188,0.313657558855042,3
"Control","APC6","APC6_Control","Dolichandrone atrovirens","browsed",-0.287682072451781,0.0408219945202553,3
"Control","APC6","APC6_Control","Dolichandrone atrovirens","browsed",1.17557332980424,1.1239300966524,3
"Control","APC6","APC6_Control","Dolichandrone atrovirens","browsed",-0.237328186306166,0.287682072451781,3
"Control","APC11","APC11_Control","Dolichandrone atrovirens","browsed",0.414433778090925,2.19722457733622,3
"Control","APC11","APC11_Control","Dolichandrone atrovirens","browsed",1.06087196068526,1.44691898293633,3
"Control","APC11","APC11_Control","Dolichandrone atrovirens","browsed",0.851050210005754,0.405465108108164,3
"Control","APC11","APC11_Control","Dolichandrone atrovirens","browsed",-0.31015492830384,0.109199291964992,3
"Control","APC11","APC11_Control","Dolichandrone atrovirens","browsed",1.71079040669439,0.510825623765991,3
"Control","APC11","APC11_Control","Dolichandrone atrovirens","browsed",-0.0202027073175195,0.133531392624523,3
"Control","APC11","APC11_Control","Dolichandrone atrovirens","browsed",-0.581921545449721,-0.78845736036427,3
"Control","APC11","APC11_Control","Dolichandrone atrovirens","browsed",2.22642373202848,2.16905370036952,3
"Control","APC11","APC11_Control","Dolichandrone atrovirens","browsed",-0.610909082322973,-0.693147180559945,3
"Control","APC11","APC11_Control","Dolichandrone atrovirens","browsed",1.33828514193353,0.847297860387204,3
"Control","APC11","APC11_Control","Dolichandrone atrovirens","browsed",-0.115512887121845,0,3
"Control","APC11","APC11_Control","Dolichandrone atrovirens","browsed",-0.393904285707088,0.693147180559945,3
"Control","APC11","APC11_Control","Dolichandrone atrovirens","browsed",0.538996500732687,-0.405465108108164,3
"Control","APC11","APC11_Control","Dolichandrone atrovirens","browsed",-0.693147180559945,0,3
"Control","APC11","APC11_Control","Dolichandrone atrovirens","browsed",0.57251919277133,0,3
"Control","APC11","APC11_Control","Dolichandrone atrovirens","browsed",-1.50407739677627,-0.405465108108164,3
"Control","APC11","APC11_Control","Dolichandrone atrovirens","browsed",-2.70805020110221,0.451985123743057,3
"Control","APC11","APC11_Control","Dolichandrone atrovirens","browsed",-2.89037175789616,0.22314355131421,3
"Control","APC11","APC11_Control","Dolichandrone atrovirens","browsed",-2.86220088092947,0,3
"Control","APC11","APC11_Control","Dolichandrone atrovirens","browsed",-2.70805020110221,0.773189888233482,3
"Control","APC11","APC11_Control","Dolichandrone atrovirens","browsed",-0.916290731874155,-0.0953101798043249,3
"Control","APC11","APC11_Control","Dolichandrone atrovirens","browsed",-1.87180217690159,-0.0741079721537218,3
"Control","APC11","APC11_Control","Dolichandrone atrovirens","browsed",-1.56861591791385,0.405465108108164,3
"Control","APC11","APC11_Control","Dolichandrone atrovirens","browsed",-1.25276296849537,0,3
"Control","APC11","APC11_Control","Dolichandrone atrovirens","browsed",-3.52636052461616,0.356674943938732,3
"Control","APC11","APC11_Control","Dolichandrone atrovirens","browsed",-3.87120101090789,1.20397280432594,3
"Control","APC11","APC11_Control","Dolichandrone atrovirens","browsed",-3.72569342723665,0.105360515657826,3
"Control","APA12","APA12_Control","Azadirachta indica","browsed",-3.91202300542815,1.17865499634165,3
"Control","APA12","APA12_Control","Dalbergia paniculata","browsed",-4.31748811353631,-0.847297860387204,3
"Control","APC12","APC12_Control","Dolichandrone atrovirens","browsed",1.17007125265025,0.22314355131421,3
"Control","APC12","APC12_Control","Dolichandrone atrovirens","browsed",-0.18859116980755,0.117783035656383,3
"Control","APC12","APC12_Control","Dolichandrone atrovirens","browsed",-3.36729582998647,0.762140052046897,3
"Control","APC12","APC12_Control","Dolichandrone atrovirens","browsed",-3.55534806148941,0.121360857004267,3
"Control","APC12","APC12_Control","Dolichandrone atrovirens","browsed",-2.56494935746154,0.336472236621213,3
"Control","APC12","APC12_Control","Dolichandrone atrovirens","browsed",-3.13549421592915,1.84582669049833,3
"Control","APC12","APC12_Control","Dolichandrone atrovirens","browsed",-1.87180217690159,1.38629436111989,3
"Control","APC12","APC12_Control","Dolichandrone atrovirens","browsed",-2.4423470353692,1.55814461804655,3
"Control","APC12","APC12_Control","Dolichandrone atrovirens","browsed",-1.87180217690159,1.6094379124341,3
"Control","APC12","APC12_Control","Dolichandrone atrovirens","browsed",-2.14006616349627,2.16905370036952,3
"Control","APC12","APC12_Control","Dolichandrone atrovirens","browsed",0.22314355131421,-0.287682072451781,3
"Control","APC12","APC12_Control","Dolichandrone atrovirens","browsed",-1.09861228866811,0,3
"Control","APC12","APC12_Control","Dolichandrone atrovirens","browsed",-1.6094379124341,0,3
"Control","APC12","APC12_Control","Dolichandrone atrovirens","browsed",-2.07944154167984,1.84582669049833,3
"Control","APC12","APC12_Control","Dolichandrone atrovirens","browsed",-2.63905732961526,1.73460105538811,3
"Control","APC10","APC10_Control","Dolichandrone atrovirens","browsed",-3.25809653802148,0,3
"Control","APC10","APC10_Control","Acacia chundra","browsed",-0.664976303593249,0.117783035656383,3
"Control","APC10","APC10_Control","Acacia chundra","browsed",-3.52636052461616,0.587786664902119,3
"Control","APC10","APC10_Control","Acacia chundra","browsed",0.0531098253139479,0.22314355131421,3
"Control","APC10","APC10_Control","Acacia chundra","browsed",0.530628251062171,0.22314355131421,3
"Control","APC10","APC10_Control","Dolichandrone atrovirens","browsed",0.663294217410264,0.0392207131532812,3
"Control","APC10","APC10_Control","Acacia chundra","browsed",0.448950220047903,0,3
"Control","APC10","APC10_Control","Dolichandrone atrovirens","browsed",-3.09104245335832,0.251314428280906,3
"Control","APC10","APC10_Control","Acacia chundra","browsed",0.0512932943875506,-0.693147180559945,3
"Control","APC10","APC10_Control","Dolichandrone atrovirens","browsed",-3.3322045101752,0.287682072451781,3
"Control","APC10","APC10_Control","Dolichandrone atrovirens","browsed",-2.30258509299405,0.133531392624523,3
"Control","APC10","APC10_Control","Dolichandrone atrovirens","browsed",1.58696505658204,0.470003629245736,3
"Control","APC10","APC10_Control","Dolichandrone atrovirens","browsed",0.0266682470821613,0,3
"Control","APC10","APC10_Control","Acacia chundra","browsed",-3.13549421592915,1.09861228866811,3
"Control","APC10","APC10_Control","Acacia chundra","browsed",-0.223143551314209,0.559615787935423,3
"Control","APC10","APC10_Control","Dolichandrone atrovirens","browsed",-3.55534806148941,0.287682072451781,3
"Control","APC10","APC10_Control","Dolichandrone atrovirens","browsed",-3.68887945411394,0.762140052046897,3
"CPFA","APC1","APC1_CPFA","Erythroxylum monogynum","browsed",-0.333144446528538,0.182321556793955,3
"CPFA","APC1","APC1_CPFA","Dalbergia paniculata","browsed",0.938269638592931,0.200670695462151,3
"CPFA","APC1","APC1_CPFA","Dolichandrone atrovirens","browsed",-0.510825623765991,0.451985123743057,3
"CPFA","APC1","APC1_CPFA","Acacia chundra","browsed",-0.167054084663167,0.0741079721537218,3
"CPFA","APC1","APC1_CPFA","Acacia chundra","browsed",-0.17095779814364,0.211309093667207,3
"CPFA","APA18","APA18_CPFA","Dolichandrone atrovirens","browsed",0.275103290244921,0.836248024200619,3
"CPFA","APC5","APC5_CPFA","Premna tomentosa","browsed",-1.51634748936809,0.693147180559945,3
"CPFA","APC5","APC5_CPFA","Azadirachta indica","browsed",-0.798507696217772,0.287682072451781,3
"CPFA","APC5","APC5_CPFA","Dolichandrone atrovirens","browsed",-0.385662480811985,0.167054084663166,3
"CPFA","APC4","APC4_CPFA","Dolichandrone atrovirens","browsed",-0.34484048629173,0.111225635110224,3
"CPFA","APC4","APC4_CPFA","Acacia chundra","browsed",-0.464305608131098,0.287682072451781,3
"CPFA","APC4","APC4_CPFA","Acacia chundra","browsed",-0.0145987994211527,0.374693449441411,3
"CPFA","APC4","APC4_CPFA","Dolichandrone atrovirens","browsed",-0.0915671935254903,0.650587566141149,3
"CPFA","APC4","APC4_CPFA","Acacia chundra","browsed",-0.378436435720245,0.194156014440957,3
"CPFA","APC4","APC4_CPFA","Acacia chundra","browsed",-0.530628251062171,0.462623521948113,3
"CPFA","APC4","APC4_CPFA","Acacia chundra","browsed",-1.18199389760716,0.0833816089390512,3
"CPFA","APC4","APC4_CPFA","Dolichandrone atrovirens","browsed",-0.182321556793955,0.0870113769896297,3
"CPFA","APC4","APC4_CPFA","Acacia chundra","browsed",-0.653926467406664,0.550046336919272,3
"CPFA","APC4","APC4_CPFA","Dolichandrone atrovirens","browsed",0.360441426734209,0.22314355131421,3
"CPFA","APA19","APA19_CPFA","Cassia fistula","browsed",0.577634293438101,0.367724780125317,3
"CPFA","APA19","APA19_CPFA","Dolichandrone atrovirens","browsed",1.05154477781012,0.798507696217772,3
"CPFA","APA19","APA19_CPFA","Dolichandrone atrovirens","browsed",0.405465108108164,0,3
"CPFA","APA19","APA19_CPFA","Dolichandrone atrovirens","browsed",0.784581386519577,0.0953101798043249,3
"CPFA","APA19","APA19_CPFA","Dolichandrone atrovirens","browsed",0.838329190404444,0.8754687373539,3
"CPFA","APC7","APC7_CPFA","Chloroxylon swietenia","browsed",0.377294231141468,0.993251773010283,3
"CPFA","APC7","APC7_CPFA","Chloroxylon swietenia","browsed",-0.798507696217772,-0.22314355131421,3
"CPFA","APC7","APC7_CPFA","Chloroxylon swietenia","browsed",1.90954250488444,0.693147180559945,3
"CPFA","APC7","APC7_CPFA","Chloroxylon swietenia","browsed",-0.843429383609283,0.521296923633286,3
"CPFA","APA10","APA10_CPFA","Dolichandrone atrovirens","browsed",0.922721622204445,1.38629436111989,3
"CPFA","APA7","APA7_CPFA","Dolichandrone atrovirens","browsed",0.700582159047464,0.496436886313891,3
"CPFA","APA10","APA10_CPFA","Dolichandrone atrovirens","browsed",1.82812711339893,0.8754687373539,3
"CPFA","APA7","APA7_CPFA","Dolichandrone atrovirens","browsed",-0.870828357797398,0.405465108108164,3
"CPFA","APA7","APA7_CPFA","Dolichandrone atrovirens","browsed",-0.664976303593249,1.50407739677627,3
"CPFA","APA7","APA7_CPFA","Dolichandrone atrovirens","browsed",0.409675640644508,0.0512932943875506,3
"CPFA","APC12","APC12_CPFA","Acacia chundra","browsed",-2.77258872223978,0.0870113769896297,3
"CPFA","APC12","APC12_CPFA","Acacia chundra","browsed",-2.70805020110221,0.741937344729377,3
"CPFA","APC12","APC12_CPFA","Acacia chundra","browsed",-2.30258509299405,0.75377180237638,3
"CPFA","APC12","APC12_CPFA","Acacia chundra","browsed",-2.484906649788,0.606135803570316,3
"CPFA","APC12","APC12_CPFA","Acacia chundra","browsed",-2.484906649788,0.810930216216329,3
"CPFA","APC12","APC12_CPFA","Acacia chundra","browsed",-2.484906649788,1.15267950993839,3
"CPFA","APC12","APC12_CPFA","Acacia chundra","browsed",-2.63905732961526,0.405465108108164,3
"CPFA","APC12","APC12_CPFA","Acacia chundra","browsed",-2.89037175789616,0.693147180559945,3
"CPFA","APC12","APC12_CPFA","Acacia chundra","browsed",-2.07944154167984,0.8754687373539,3
"CPFA","APC12","APC12_CPFA","Acacia chundra","browsed",-2.77258872223978,0.575364144903562,3
"CPFA","APC12","APC12_CPFA","Acacia chundra","browsed",-2.484906649788,0.78845736036427,3
"CPFA","APC12","APC12_CPFA","Acacia chundra","browsed",-2.99573227355399,0.587786664902119,3
"CPFA","APC12","APC12_CPFA","Acacia chundra","browsed",-2.70805020110221,0.635988766719997,3
"CPFA","APC12","APC12_CPFA","Acacia chundra","browsed",-2.77258872223978,0.441832752279039,3
"CPFA","APA17","APA17_CPFA","Dolichandrone atrovirens","browsed",-2.94443897916644,0.117783035656383,3
"CPFA","APA17","APA17_CPFA","Acacia chundra","browsed",-2.41591377830105,0.154150679827258,3
"CPFA","APA17","APA17_CPFA","Dolichandrone atrovirens","browsed",-2.39789527279837,0.737598943130779,3
"CPFA","APA17","APA17_CPFA","Dolichandrone atrovirens","browsed",-2.92316158071916,0,3
"CPFA","APA17","APA17_CPFA","Dolichandrone atrovirens","browsed",-2.89037175789616,0.34294475112683,3
"CPFA","APA17","APA17_CPFA","Dolichandrone atrovirens","browsed",-2.51769647261099,0.302280871872934,3
"CPFA","APA21","APA21_CPFA","Dalbergia paniculata","browsed",-2.12823170584927,1.82454929205105,3
"CAFA","APA19","APA19_CAFA","Chloroxylon swietenia","browsed",0.175564774331075,0.389464766761723,3
"CAFA","APA19","APA19_CAFA","Chloroxylon swietenia","browsed",0.522873962282166,0.464305608131098,3
"CAFA","APA19","APA19_CAFA","Chloroxylon swietenia","browsed",0.6045937832185,0.382992252256106,3
"CAFA","APA19","APA19_CAFA","Chloroxylon swietenia","browsed",-0.0741079721537226,0.336472236621213,3
"CAFA","APC1","APC1_CAFA","Dolichandrone atrovirens","browsed",0.838858991741339,1.15267950993839,3
"CAFA","APC1","APC1_CAFA","Syzygium cumini","browsed",0.974559639998131,1.38629436111989,3
"CAFA","APA19","APA19_CAFA","Chloroxylon swietenia","browsed",2.07107329200932,0.693147180559945,3
"CAFA","APC1","APC1_CAFA","Dolichandrone atrovirens","browsed",1.07613943281605,1.73460105538811,3
"CAFA","APA19","APA19_CAFA","Chloroxylon swietenia","browsed",0.249811798396371,0.693147180559945,3
"CAFA","APA19","APA19_CAFA","Chloroxylon swietenia","browsed",-0.200670695462151,0.78845736036427,3
"CAFA","APC1","APC1_CAFA","Dolichandrone atrovirens","browsed",1.58923520511658,1.1314021114911,3
"CAFA","APC1","APC1_CAFA","Dolichandrone atrovirens","browsed",0.980829253011726,0.265703165733006,3
"CAFA","APC1","APC1_CAFA","Dolichandrone atrovirens","browsed",0.631271776841857,0.669049628980885,3
"CAFA","APC1","APC1_CAFA","Dolichandrone atrovirens","browsed",0.474893614539928,0.693147180559945,3
"CAFA","APA19","APA19_CAFA","Chloroxylon swietenia","browsed",0.545822465803087,0.773189888233482,3
"CAFA","APA19","APA19_CAFA","Chloroxylon swietenia","browsed",0.545227050483323,0.916290731874155,3
"CAFA","APA19","APA19_CAFA","Chloroxylon swietenia","browsed",0.35783705911891,0.470003629245735,3
"CAFA","APA19","APA19_CAFA","Chloroxylon swietenia","browsed",0.143100843640673,0.773189888233482,3
"CAFA","APA19","APA19_CAFA","Chloroxylon swietenia","browsed",0.562785362696702,0.826678573184468,3
"CAFA","APC1","APC1_CAFA","Dolichandrone atrovirens","browsed",0.757685701697516,0.693147180559945,3
"CAFA","APA18","APA18_CAFA","Dolichandrone atrovirens","browsed",-0.538996500732687,0.916290731874155,3
"CAFA","APA18","APA18_CAFA","Dolichandrone atrovirens","browsed",2.12963128620369,0.693147180559945,3
"CAFA","APA18","APA18_CAFA","Dolichandrone atrovirens","browsed",1.48302398757844,1.15267950993839,3
"CAFA","APA18","APA18_CAFA","Dolichandrone atrovirens","browsed",0.595508710996029,0.441832752279039,3
"CAFA","APA18","APA18_CAFA","Dolichandrone atrovirens","browsed",1.31372366828506,0.635988766719997,3
"CAFA","APA18","APA18_CAFA","Dolichandrone atrovirens","browsed",-0.0350913198112695,0.916290731874155,3
"CAFA","APA18","APA18_CAFA","Dolichandrone atrovirens","browsed",1.16693153264559,0.980829253011726,3
"CAFA","APA1","APA1_CAFA","Azadirachta indica","browsed",0.773189888233481,1.44691898293633,3
"CAFA","APA1","APA1_CAFA","Acacia chundra","browsed",0.92458953468885,1.145132304303,3
"CAFA","APA1","APA1_CAFA","Chloroxylon swietenia","browsed",-0.246400413478477,0.767255152713667,3
"CAFA","APC6","APC6_CAFA","Dolichandrone atrovirens","browsed",0.451985123743057,0.784118958765672,3
"CAFA","APC6","APC6_CAFA","Dolichandrone atrovirens","browsed",0.844546827015314,0.609765571620894,3
"CAFA","APC6","APC6_CAFA","Dolichandrone atrovirens","browsed",-0.959775843813894,1.07263680226485,3
"CAFA","APC6","APC6_CAFA","Dolichandrone atrovirens","browsed",0.944461608840851,0.841567185678219,3
"CAFA","APC6","APC6_CAFA","Dolichandrone atrovirens","browsed",-0.980829253011727,0.950976289862045,3
"CAFA","APC6","APC6_CAFA","Dolichandrone atrovirens","browsed",-0.488846717047215,0.693147180559945,3
"CAFA","APC6","APC6_CAFA","Dolichandrone atrovirens","browsed",-0.739667196194838,0.663294217410264,3
"CAFA","APC6","APC6_CAFA","Dolichandrone atrovirens","browsed",-0.0392207131532816,0.624154309072994,3
"CAFA","APC6","APC6_CAFA","Dolichandrone atrovirens","browsed",-0.160342650075179,1.26566637333128,3
"CAFA","APC5","APC5_CAFA","Dolichandrone atrovirens","browsed",0.418710334858186,0.456758402495715,3
"CAFA","APC6","APC6_CAFA","Dolichandrone atrovirens","browsed",-0.798507696217772,0.793230639116928,3
"CAFA","APC5","APC5_CAFA","Dolichandrone atrovirens","browsed",1.10966212485469,1.05605267424931,3
"CAFA","APC5","APC5_CAFA","Dolichandrone atrovirens","browsed",-0.860201265223111,0.613104472886409,3
"CAFA","APC5","APC5_CAFA","Dolichandrone atrovirens","browsed",-0.716677677970139,0.882389180198474,3
"CAFA","APC6","APC6_CAFA","Dolichandrone atrovirens","browsed",-1.38629436111989,0.884202417322654,3
"CAFA","APC5","APC5_CAFA","Premna tomentosa","browsed",0.385662480811985,0.802346472524937,3
"CAFA","APC6","APC6_CAFA","Dolichandrone atrovirens","browsed",-0.303682413798222,1.07263680226485,3
"CAFA","APC5","APC5_CAFA","Azadirachta indica","browsed",1.5114575040739,0.955511445027436,3
"CAFA","APC5","APC5_CAFA","Dolichandrone atrovirens","browsed",2.11296423371848,0.810930216216329,3
"CAFA","APC5","APC5_CAFA","Dolichandrone atrovirens","browsed",1.26627668766209,1.12846525181779,3
"CAFA","APC5","APC5_CAFA","Dolichandrone atrovirens","browsed",0.383725121471758,0.836248024200619,3
"CAFA","APC6","APC6_CAFA","Dolichandrone atrovirens","browsed",0.426518517305997,0.995428052432879,3
"CAFA","APC5","APC5_CAFA","Dolichandrone atrovirens","browsed",0.645519131570691,0.489548225318706,3
"CAFA","APC6","APC6_CAFA","Dolichandrone atrovirens","browsed",0.174941449496332,0.854415328156068,3
"CAFA","APC5","APC5_CAFA","Dolichandrone atrovirens","browsed",0.461034959262975,0.75377180237638,3
"CAFA","APC5","APC5_CAFA","Dolichandrone atrovirens","browsed",0.759105148351743,0.931558204004943,3
"CAFA","APC5","APC5_CAFA","Dolichandrone atrovirens","browsed",0.896088024556636,0.650587566141149,3
"CAFA","APC6","APC6_CAFA","Dolichandrone atrovirens","browsed",0.343473432080196,1.16760516015506,3
"CAFA","APC5","APC5_CAFA","Dolichandrone atrovirens","browsed",1.44881471810122,1.13943428318836,3
"CAFA","APC6","APC6_CAFA","Dolichandrone atrovirens","browsed",1.04001812440206,1.34373474670109,3
"CAFA","APC5","APC5_CAFA","Dolichandrone atrovirens","browsed",0.32768740706548,0.90078654533819,3
"CAFA","APC5","APC5_CAFA","Dolichandrone atrovirens","browsed",-0.149940147290915,0.722134717433198,3
"CAFA","APC5","APC5_CAFA","Dolichandrone atrovirens","browsed",1.88081124684396,0.965080896043587,3
"CAFA","APC5","APC5_CAFA","Azadirachta indica","browsed",-0.451985123743057,0.8754687373539,3
"CAFA","APC6","APC6_CAFA","Dolichandrone atrovirens","browsed",-1.67397643357167,0.805625163986636,3
"CAFA","APC6","APC6_CAFA","Dolichandrone atrovirens","browsed",-1.55227949859415,0.784118958765672,3
"CAFA","APC6","APC6_CAFA","Dolichandrone atrovirens","browsed",-0.382208245943898,0.832909122935104,3
"CAFA","APC6","APC6_CAFA","Dolichandrone atrovirens","browsed",-0.410742165209008,0.732367893713227,3
"CAFA","APC6","APC6_CAFA","Dolichandrone atrovirens","browsed",-1.015920572823,0.904456274227152,3
"CAFA","APC6","APC6_CAFA","Dolichandrone atrovirens","browsed",-1.47907609457086,0.905708622543618,3
"CAFA","APC6","APC6_CAFA","Dolichandrone atrovirens","browsed",-0.510825623765991,0.934309237376833,3
"CAFA","APC6","APC6_CAFA","Dolichandrone atrovirens","browsed",0.480748168528712,1.35239280944421,3
"CAFA","APC6","APC6_CAFA","Dolichandrone atrovirens","browsed",0.191055236762709,0.200670695462151,3
"CAFA","APC6","APC6_CAFA","Dolichandrone atrovirens","browsed",-1.02165124753198,1.04982212449868,3
"CAFA","APC6","APC6_CAFA","Dolichandrone atrovirens","browsed",0.170625517030763,1.14862270924277,3
"CAFA","APC6","APC6_CAFA","Dolichandrone atrovirens","browsed",-0.72054615474806,1.04596855518269,3
"CAFA","APC6","APC6_CAFA","Dolichandrone atrovirens","browsed",0.585901650206347,0.927986771637346,3
"CAFA","APC11","APC11_CAFA","Dolichandrone atrovirens","browsed",1.55814461804655,1.84582669049833,3
"CAFA","APC6","APC6_CAFA","Dolichandrone atrovirens","browsed",1.00144854021446,1.18562366565774,3
"CAFA","APC11","APC11_CAFA","Dolichandrone atrovirens","browsed",1.02961941718116,0.613104472886409,3
"CAFA","APC6","APC6_CAFA","Dolichandrone atrovirens","browsed",0.847297860387204,1.18562366565774,3
"CAFA","APC6","APC6_CAFA","Dolichandrone atrovirens","browsed",0.36101334553733,1.14209740060785,3
"CAFA","APC11","APC11_CAFA","Dolichandrone atrovirens","browsed",0.490622916448472,0.635988766719997,3
"CAFA","APC6","APC6_CAFA","Dolichandrone atrovirens","browsed",-1.04982212449868,1.20397280432594,3
"CAFA","APC11","APC11_CAFA","Dolichandrone atrovirens","browsed",1.39252491087053,0.59783700075562,3
"CAFA","APC11","APC11_CAFA","Dolichandrone atrovirens","browsed",1.12059119538689,0.780158557549575,3
"CAFA","APC11","APC11_CAFA","Albizia amara","browsed",0.667829372575656,0.435318071257845,3
"CAFA","APC6","APC6_CAFA","Dolichandrone atrovirens","browsed",0.489548225318706,0.929535958624176,3
"CAFA","APC11","APC11_CAFA","Dolichandrone atrovirens","browsed",0.797507195884188,0.405465108108164,3
"CAFA","APC11","APC11_CAFA","Albizia amara","browsed",-0.314710744839701,0.635988766719997,3
"CAFA","APC11","APC11_CAFA","Dolichandrone atrovirens","browsed",-0.111225635110224,0.944461608840852,3
"CAFA","APC6","APC6_CAFA","Dolichandrone atrovirens","browsed",0.669616683149751,1.40691364832263,3
"CAFA","APC6","APC6_CAFA","Dolichandrone atrovirens","browsed",0.438254930931155,0.744440474947496,3
"CAFA","APC11","APC11_CAFA","Dolichandrone atrovirens","browsed",0.52991928258157,0.489548225318706,3
"CAFA","APC6","APC6_CAFA","Dolichandrone atrovirens","browsed",-0.278713402469021,1.26224171244991,3
"CAFA","APC6","APC6_CAFA","Dolichandrone atrovirens","browsed",-0.593063722002963,1.3609765531356,3
"CAFA","APC11","APC11_CAFA","Dolichandrone atrovirens","browsed",-1.12986483217221,0.54654370636807,3
"CAFA","APC6","APC6_CAFA","Dolichandrone atrovirens","browsed",0.532804530484766,1.28093384546206,3
"CAFA","APC6","APC6_CAFA","Dolichandrone atrovirens","browsed",1.06784063000136,1.63413052502447,3
"CAFA","APC4","APC4_CAFA","Dolichandrone atrovirens","browsed",0.0845573880280632,0.693147180559945,3
"CAFA","APC4","APC4_CAFA","Dolichandrone atrovirens","browsed",0.176456437341557,0.857450231851222,3
"CAFA","APC4","APC4_CAFA","Dolichandrone atrovirens","browsed",2.39283197084182,1.06784063000136,3
"CAFA","APC4","APC4_CAFA","Dolichandrone atrovirens","browsed",0.693147180559945,0.798507696217772,3
"CAFA","APC4","APC4_CAFA","Dolichandrone atrovirens","browsed",-0.189241999638528,0.476924072090309,3
"CAFA","APC4","APC4_CAFA","Dolichandrone atrovirens","browsed",1.16315080980568,0.887303195000903,3
"CAFA","APC4","APC4_CAFA","Dolichandrone atrovirens","browsed",0.78845736036427,0.559615787935423,3
"CAFA","APC4","APC4_CAFA","Dolichandrone atrovirens","browsed",0.971860583028966,0.435318071257845,3
"CAFA","APC4","APC4_CAFA","Dolichandrone atrovirens","browsed",-0.857450231851221,0.422856850820034,3
"CAFA","APC4","APC4_CAFA","Dolichandrone atrovirens","browsed",0.56531380905006,0.847297860387204,3
"CAFA","APC4","APC4_CAFA","Dolichandrone atrovirens","browsed",0.428995605518359,0.613104472886409,3
"CAFA","APC4","APC4_CAFA","Dolichandrone atrovirens","browsed",0.142174488780543,0.446287102628419,3
"CAFA","APC4","APC4_CAFA","Dolichandrone atrovirens","browsed",-0.531879032963823,0.543615446588982,3
"CAFA","APC4","APC4_CAFA","Dolichandrone atrovirens","browsed",-0.458307589482545,0.693147180559945,3
"CAFA","APC4","APC4_CAFA","Dolichandrone atrovirens","browsed",-0.505935638471799,0.728238500371215,3
"CAFA","APC4","APC4_CAFA","Dolichandrone atrovirens","browsed",1.28093384546206,0.492476485097794,3
"CAFA","APC4","APC4_CAFA","Dolichandrone atrovirens","browsed",0.717839793150317,0.887303195000903,3
"CAFA","APC4","APC4_CAFA","Dolichandrone atrovirens","browsed",0.728238500371216,1.09861228866811,3
"CAFA","APC4","APC4_CAFA","Dolichandrone atrovirens","browsed",0.108213584640233,1.09861228866811,3
"CAFA","APC3","APC3_CAFA","Chloroxylon swietenia","browsed",0.0833816089390509,0.693147180559945,3
"CAFA","APC3","APC3_CAFA","Dolichandrone atrovirens","browsed",-0.389464766761723,0.780158557549575,3
"CAFA","APC3","APC3_CAFA","Acacia chundra","browsed",0.169418151958047,0.887303195000903,3
"CAFA","APC3","APC3_CAFA","Acacia chundra","browsed",0.0703807967617998,0.934309237376833,3
"CAFA","APC3","APC3_CAFA","Chloroxylon swietenia","browsed",-0.451985123743057,1.17865499634165,3
"CAFA","APC3","APC3_CAFA","Dolichandrone atrovirens","browsed",1.65632149833295,1.21639532432449,3
"CAFA","APC3","APC3_CAFA","Dolichandrone atrovirens","browsed",-0.277210772584485,0.481838086892738,3
"CAFA","APC3","APC3_CAFA","Dolichandrone atrovirens","browsed",0.0645385211375715,0.847297860387204,3
"CAFA","APC3","APC3_CAFA","Dolichandrone atrovirens","browsed",0.543615446588982,0.86903784702361,3
"CAFA","APC3","APC3_CAFA","Chloroxylon swietenia","browsed",-0.51082562376599,1.17865499634165,3
"CAFA","APC3","APC3_CAFA","Dolichandrone atrovirens","browsed",-0.522521663529182,0.780158557549575,3
"CAFA","APC3","APC3_CAFA","Dolichandrone atrovirens","browsed",0.857450231851221,0.916290731874155,3
"CAFA","APC3","APC3_CAFA","Acacia chundra","browsed",0.166126870873974,1.21639532432449,3
"CAFA","APC3","APC3_CAFA","Chloroxylon swietenia","browsed",-0.352821374622742,1.6094379124341,3
"CAFA","APC3","APC3_CAFA","Chloroxylon swietenia","browsed",-1.20397280432594,0.693147180559945,3
"CAFA","APC3","APC3_CAFA","Chloroxylon swietenia","browsed",1.28093384546206,1.04145387482816,3
"CAFA","APC3","APC3_CAFA","Chloroxylon swietenia","browsed",0.353640040243578,1.09861228866811,3
"CAFA","APC3","APC3_CAFA","Chloroxylon swietenia","browsed",1.64222773525709,1.20397280432594,3
"CAFA","APC3","APC3_CAFA","Chloroxylon swietenia","browsed",0.977251431663843,0.78845736036427,3
"CAFA","APC3","APC3_CAFA","Chloroxylon swietenia","browsed",1.35962611403773,1.09861228866811,3
"CAFA","APA20","APA20_CAFA","Acacia chundra","browsed",0.693147180559945,2.42036812865043,3
"CAFA","APA20","APA20_CAFA","Acacia chundra","browsed",-0.990398704027877,2.07944154167984,3
"CAFA","APA20","APA20_CAFA","Azadirachta indica","browsed",1.49290409617815,1.02961941718116,3
"CAFA","APA20","APA20_CAFA","Carissa carandas","browsed",0.893817876022097,1.38629436111989,3
"CAFA","APC8","APC8_CAFA","Tamarindus indica","browsed",-0.847297860387203,1.75785791755237,3
"CAFA","APC8","APC8_CAFA","Tamarindus indica","browsed",0.0273989741881144,1.68639895357023,3
"CAFA","APC8","APC8_CAFA","Chloroxylon swietenia","browsed",-1.20397280432594,0.613104472886409,3
"CAFA","APC9","APC9_CAFA","Limonia acidissima","browsed",2.35815494414886,1.43508452528932,3
"CAFA","APC9","APC9_CAFA","Limonia acidissima","browsed",0.78845736036427,2.32727770558442,3
"CAFA","APC2","APC2_CAFA","Dalbergia paniculata","browsed",0.438254930931156,1.21639532432449,3
"CAFA","APC8","APC8_CAFA","Dalbergia paniculata","browsed",0.154150679827258,0.767255152713667,3
"CAFA","APC9","APC9_CAFA","Limonia acidissima","browsed",-0.542324290825362,1.44036158239017,3
"CAFA","APC9","APC9_CAFA","Limonia acidissima","browsed",0.276986783335033,1.54044504094715,3
"CAFA","APC8","APC8_CAFA","Azadirachta indica","browsed",0.949080554697146,1.38629436111989,3
"CAFA","APC8","APC8_CAFA","Azadirachta indica","browsed",0.741937344729377,0.336472236621213,3
"CAFA","APC8","APC8_CAFA","Dolichandrone atrovirens","browsed",0.479573080261886,1.82454929205105,3
"CAFA","APC2","APC2_CAFA","Dalbergia paniculata","browsed",-1.32913594727994,1.72722094809048,3
"CAFA","APC9","APC9_CAFA","Limonia acidissima","browsed",-0.114410351177744,1.68639895357023,3
"CAFA","APC9","APC9_CAFA","Limonia acidissima","browsed",-1.38629436111989,1.25276296849537,3
"CAFA","APC9","APC9_CAFA","Limonia acidissima","browsed",1.25846098961001,1.29928298413026,3
"CAFA","APC9","APC9_CAFA","Limonia acidissima","browsed",-0.716677677970139,1.16315080980568,3
"CAFA","APC14","APC14_CAFA","Dolichandrone atrovirens","browsed",1.27554299682719,1.19392246847243,3
"CAFA","APC9","APC9_CAFA","Limonia acidissima","browsed",0.212561441983673,1.55059741241117,3
"CAFA","APC9","APC9_CAFA","Hardwickia binata","browsed",1.57553636075842,0.536493370514569,3
"CAFA","APC9","APC9_CAFA","Limonia acidissima","browsed",1.34707364796661,2.04769284336526,3
"CAFA","APA5","APA5_CAFA","Azadirachta indica","browsed",2.85647020622048,1.57553636075842,3
"CAFA","APA5","APA5_CAFA","Ziziphus mauritiana","browsed",0.955511445027437,2.02814824729229,3
"CAFA","APA5","APA5_CAFA","Butea monosperma","browsed",0.336472236621213,1.28093384546206,3
"CAFA","APA7","APA7_CAFA","Chloroxylon swietenia","browsed",1.41838267567139,1.06471073699243,3
"CAFA","APA7","APA7_CAFA","Chloroxylon swietenia","browsed",1.34992671694902,1.51982575374441,3
"CAFA","APA7","APA7_CAFA","Chloroxylon swietenia","browsed",1.75401914124521,0.728238500371215,3
"CAFA","APA7","APA7_CAFA","Chloroxylon swietenia","browsed",0.980829253011726,0.105360515657826,3
"CAFA","APA7","APA7_CAFA","Chloroxylon swietenia","browsed",1.02528101558256,1.46633706879343,3
"CAFA","APA7","APA7_CAFA","Chloroxylon swietenia","browsed",0.214656937436891,0.72054615474806,3
"CAFA","APA7","APA7_CAFA","Azadirachta indica","browsed",1.17351359684123,2.04769284336526,3
"CAFA","APA10","APA10_CAFA","Dolichandrone atrovirens","browsed",0.0176995770994006,1.38629436111989,3
"CAFA","APA10","APA10_CAFA","Dolichandrone atrovirens","browsed",0.490622916448472,0.42744401482694,3
"CAFA","APA10","APA10_CAFA","Dolichandrone atrovirens","browsed",0.868351269585036,1.35454566280531,3
"CAFA","APA10","APA10_CAFA","Dolichandrone atrovirens","browsed",0.587786664902119,0.53062825106217,3
"CAFA","APA6","APA6_CAFA","Holoptelea integrifolia","browsed",-0.130361817863244,0.313657558855042,3
"CAFA","APA10","APA10_CAFA","Dolichandrone atrovirens","browsed",0.897941593205959,1.27296567581289,3
"CAFA","APA8","APA8_CAFA","Dolichandrone atrovirens","browsed",0.977534357114874,0.646627164925052,3
"CAFA","APA8","APA8_CAFA","Dolichandrone atrovirens","browsed",0.141078598259905,1.09861228866811,3
"CAFA","APA8","APA8_CAFA","Dolichandrone atrovirens","browsed",1.19705236148136,1.42138568093116,3
"CAFA","APA8","APA8_CAFA","Dolichandrone atrovirens","browsed",0.376809852347788,1.09861228866811,3
"CAFA","APA8","APA8_CAFA","Dolichandrone atrovirens","browsed",0.980829253011726,0.998528830111127,3
"CAFA","APA8","APA8_CAFA","Dolichandrone atrovirens","browsed",0.647684806483188,1.48807705542983,3
"CAFA","APC13","APC13_CAFA","Dolichandrone atrovirens","browsed",1.23214368129263,1.51634748936809,3
"CAFA","APC7","APC7_CAFA","Dolichandrone atrovirens","browsed",0.828948721719007,0.78845736036427,3
"CAFA","APC13","APC13_CAFA","Syzygium cumini","browsed",1.66770682055808,2.46385324059017,3
"CAFA","APC7","APC7_CAFA","Dolichandrone atrovirens","browsed",-1.02165124753198,1.29276830310907,3
"CAFA","APC7","APC7_CAFA","Dolichandrone atrovirens","browsed",-0.0465200156348931,1.25276296849537,3
"CAFA","APC7","APC7_CAFA","Dolichandrone atrovirens","browsed",2.11021320034659,1.79175946922805,3
"CAFA","APC7","APC7_CAFA","Syzygium cumini","browsed",-0.887303195000903,1.56397553835734,3
"CAFA","APC7","APC7_CAFA","Dolichandrone atrovirens","browsed",0.271933715483642,2.56494935746154,3
"CAFA","APC7","APC7_CAFA","Dolichandrone atrovirens","browsed",0.839750654751821,0.826678573184468,3
"CAFA","APC7","APC7_CAFA","Dolichandrone atrovirens","browsed",-1.49165487677772,0.430782916092454,3
"CAFA","APC7","APC7_CAFA","Dolichandrone atrovirens","browsed",0.395895657092014,1.33500106673234,3
"CAFA","APC7","APC7_CAFA","Dolichandrone atrovirens","browsed",-0.421213465076304,0.63252255874351,3
"CAFA","APC7","APC7_CAFA","Dolichandrone atrovirens","browsed",1.49664241828876,2.11453286149111,3
"CAFA","APC7","APC7_CAFA","Dolichandrone atrovirens","browsed",-0.664976303593249,1.44238382777093,3
"CAFA","APC7","APC7_CAFA","Dolichandrone atrovirens","browsed",-0.259511195485085,0.80437281567017,3
"CAFA","APC7","APC7_CAFA","Dolichandrone atrovirens","browsed",-0.168622712435793,0.838329190404443,3
"CAFA","APC7","APC7_CAFA","Dolichandrone atrovirens","browsed",-1.26851132546351,0.271933715483642,3
"CAFA","APC7","APC7_CAFA","Dolichandrone atrovirens","browsed",-0.058268908123976,1.04596855518269,3
"CAFA","APC7","APC7_CAFA","Dolichandrone atrovirens","browsed",1.1833535171232,0.870828357797398,3
"CAFA","APC7","APC7_CAFA","Dolichandrone atrovirens","browsed",-0.209350229181874,0.661398482245365,3
"CAFA","APC7","APC7_CAFA","Dolichandrone atrovirens","browsed",-0.365113812584597,1.11696142733631,3
"CAFA","APC6","APC6_CAFA","Dolichandrone atrovirens","browsed",-0.693147180559945,0.673729094702844,3
"CAFA","APC6","APC6_CAFA","Dolichandrone atrovirens","browsed",-1.08518926833597,1.11514159061932,3
"CAFA","APC6","APC6_CAFA","Dolichandrone atrovirens","browsed",-0.542864977510608,0.641853886172395,3
"CAFA","APC6","APC6_CAFA","Dolichandrone atrovirens","browsed",-0.0227282510775559,0.664976303593249,3
"CAFA","APC11","APC11_CAFA","Dolichandrone atrovirens","browsed",0.453321129285799,1.40691364832263,3
"CAFA","APC11","APC11_CAFA","Dolichandrone atrovirens","browsed",-0.177334015282915,1.54044504094715,3
"CAFA","APC11","APC11_CAFA","Dalbergia paniculata","browsed",0.489548225318706,2.26176309847379,3
"CAFA","APC10","APC10_CAFA","Albizia amara","browsed",-1.32175583998232,1.33500106673234,3
"CAFA","APC12","APC12_CAFA","Acacia chundra","browsed",-2.30258509299405,1.54756250871601,3
"CAFA","APC12","APC12_CAFA","Acacia chundra","browsed",-1.98100146886658,1.25276296849537,3
"CAFA","APC12","APC12_CAFA","Acacia chundra","browsed",-2.39789527279837,0.446287102628419,3
"CAFA","APC12","APC12_CAFA","Acacia chundra","browsed",-2.16905370036952,1.58412010444981,3
"CAFA","APC12","APC12_CAFA","Acacia chundra","browsed",-2.50552593699074,0.836248024200619,3
"CAFA","APC12","APC12_CAFA","Acacia chundra","browsed",-1.72722094809048,1.04982212449868,3
"CAFA","APC12","APC12_CAFA","Acacia chundra","browsed",-2.36320971481048,1.58696505658204,3
"CAFA","APC12","APC12_CAFA","Acacia chundra","browsed",-2.01490302054226,0.916290731874155,3
"CAFA","APA17","APA17_CAFA","Acacia chundra","browsed",-2.14006616349627,1.63413052502447,3
"CAFA","APA17","APA17_CAFA","Acacia chundra","browsed",-2.23804657185647,1.48160454092422,3
"CAFA","APA17","APA17_CAFA","Dolichandrone atrovirens","browsed",-2.4423470353692,0.661398482245365,3
"CAFA","APA17","APA17_CAFA","Acacia chundra","browsed",-2.30258509299405,0.798507696217772,3
"CAFA","APA17","APA17_CAFA","Acacia chundra","browsed",-2.36320971481048,1.07613943281605,3
"CAFA","APA17","APA17_CAFA","Acacia chundra","browsed",-2.2512917986065,1.09861228866811,3
"CAFA","APA17","APA17_CAFA","Dolichandrone atrovirens","browsed",-2.30258509299405,0.650587566141149,3
"CAFA","APA17","APA17_CAFA","Dolichandrone atrovirens","browsed",-2.22462355152433,0.0571584138399487,3
"CAFA","APA17","APA17_CAFA","Dolichandrone atrovirens","browsed",-1.6094379124341,0.492476485097794,3
"CAFA","APA17","APA17_CAFA","Dolichandrone atrovirens","browsed",-1.92789164355264,1.73460105538811,3
"CAFA","APA17","APA17_CAFA","Dolichandrone atrovirens","browsed",-2.16905370036952,0.990398704027877,3
"CAFA","APA17","APA17_CAFA","Dolichandrone atrovirens","browsed",-1.25276296849537,1.21639532432449,3
"CAFA","APA17","APA17_CAFA","Acacia chundra","browsed",-2.22462355152433,1.53147637096439,3
"CAFA","APA17","APA17_CAFA","Dolichandrone atrovirens","browsed",-1.50407739677627,1.21639532432449,3
"CAFA","APA17","APA17_CAFA","Acacia chundra","browsed",-2.30258509299405,1.28785428830664,3
"CAFA","APA16","APA16_CAFA","Dolichandrone atrovirens","browsed",-0.810930216216329,0.887303195000903,3
"CAFA","APA16","APA16_CAFA","Dolichandrone atrovirens","browsed",-1.87180217690159,0.693147180559945,3
"CAFA","APA16","APA16_CAFA","Dolichandrone atrovirens","browsed",-0.485507815781701,0.998528830111127,3
"CAFA","APA16","APA16_CAFA","Dolichandrone atrovirens","browsed",-0.810930216216329,1.42711635564015,3
"CAFA","APA16","APA16_CAFA","Acacia chundra","browsed",-1.6094379124341,1.52605630349505,3
"CAFA","APA16","APA16_CAFA","Acacia chundra","browsed",-2.63905732961526,0.965080896043587,3
"CAFA","APA12","APA12_CAFA","Azadirachta indica","browsed",-2.16905370036952,0.287682072451781,3
"CAFA","APA12","APA12_CAFA","Albizia amara","browsed",-0.693147180559946,0.22314355131421,3
"CAFA","APA12","APA12_CAFA","Albizia amara","browsed",-0.864997437486605,1.43508452528932,3
"CAFA","APA12","APA12_CAFA","Azadirachta indica","browsed",-0.916290731874155,1.94591014905531,3
"CAFA","APA21","APA21_CAFA","Azadirachta indica","browsed",-1.94591014905531,1.25276296849537,3
"CAFA","APA21","APA21_CAFA","Premna tomentosa","browsed",-2.30258509299405,0.538996500732687,3
"Control","APA19","APA19_Control","Chloroxylon swietenia","partly_dried",-0.744440474947496,0.0571584138399487,4
"Control","APA1","APA1_Control","Dalbergia paniculata","partly_dried",-0.303186258987746,0.251314428280906,4
"Control","APC3","APC3_Control","Acacia chundra","partly_dried",0.587786664902119,0.405465108108164,4
"Control","APC3","APC3_Control","Tectona grandis","partly_dried",1.54756250871601,0.251314428280906,4
"Control","APC3","APC3_Control","Tectona grandis","partly_dried",2.02960916793196,0.75377180237638,4
"Control","APC1","APC1_Control","Gardenia gummifera","partly_dried",-0.616186139423817,0.111225635110224,4
"Control","APA7","APA7_Control","Cassia fistula","partly_dried",0.336472236621213,0,4
"Control","APC6","APC6_Control","Dolichandrone atrovirens","partly_dried",-0.0741079721537221,0.0259754864032606,4
"Control","APC6","APC6_Control","Dolichandrone atrovirens","partly_dried",-0.0392207131532816,0.062520356981334,4
"Control","APA12","APA12_Control","Wrightia tinctoria","partly_dried",0.0194180858571018,0.405465108108164,4
"Control","APC10","APC10_Control","Acacia chundra","partly_dried",-1.26851132546351,0.287682072451781,4
"Control","APC10","APC10_Control","Acacia chundra","partly_dried",1.0281606277175,2.16905370036952,4
"CPFA","APC1","APC1_CPFA","Acacia chundra","partly_dried",0.10212949507638,0.405465108108164,4
"CPFA","APC1","APC1_CPFA","Dolichandrone atrovirens","partly_dried",-0.0725706928348355,0.462623521948113,4
"CPFA","APC1","APC1_CPFA","Acacia chundra","partly_dried",0.303995647943305,0.0953101798043249,4
"CPFA","APC1","APC1_CPFA","Dolichandrone atrovirens","partly_dried",0.433635985074861,0.207639364778245,4
"CPFA","APC1","APC1_CPFA","Acacia chundra","partly_dried",-0.18805223150294,0.325422400434628,4
"CPFA","APC1","APC1_CPFA","Acacia chundra","partly_dried",0.0540672212702757,0.251314428280906,4
"CPFA","APC1","APC1_CPFA","Dolichandrone atrovirens","partly_dried",-0.446287102628419,0.0953101798043249,4
"CPFA","APC1","APC1_CPFA","Acacia chundra","partly_dried",0.336472236621213,0.693147180559945,4
"CPFA","APC1","APC1_CPFA","Gardenia gummifera","partly_dried",1.22377543162212,0.847297860387204,4
"CPFA","APC1","APC1_CPFA","Dolichandrone atrovirens","partly_dried",-0.523248143764548,-0.0540672212702756,4
"CPFA","APC1","APC1_CPFA","Acacia chundra","partly_dried",-0.78845736036427,0.251314428280906,4
"CPFA","APC1","APC1_CPFA","Acacia chundra","partly_dried",-0.2484613592985,0,4
"CPFA","APC1","APC1_CPFA","Dolichandrone atrovirens","partly_dried",0.693147180559945,0.287682072451781,4
"CPFA","APC1","APC1_CPFA","Erythroxylum monogynum","partly_dried",0.0487901641694322,0.606135803570316,4
"CPFA","APC1","APC1_CPFA","Erythroxylum monogynum","partly_dried",0.150572858479375,0.133531392624523,4
"CPFA","APC1","APC1_CPFA","Erythroxylum monogynum","partly_dried",0.348306694268216,0.154150679827258,4
"CPFA","APC5","APC5_CPFA","Wrightia tinctoria","partly_dried",-1.87770189902878,0,4
"CPFA","APC4","APC4_CPFA","Acacia chundra","partly_dried",-2.33537491581704,0.387765531008763,4
"CPFA","APC4","APC4_CPFA","Cassia fistula","partly_dried",-0.0851578083403068,0.318453731118535,4
"CPFA","APC4","APC4_CPFA","Morinda pubescens","partly_dried",-0.148420005118274,0,4
"CPFA","APC12","APC12_CPFA","Acacia chundra","partly_dried",1.03407376753054,0,4
"CPFA","APC12","APC12_CPFA","Acacia chundra","partly_dried",-0.0238106486937184,0.207639364778245,4
"CPFA","APA19","APA19_CPFA","Eucalyptus globulus","partly_dried",0.538996500732687,0.182321556793955,4
"CPFA","APA19","APA19_CPFA","Ziziphus mauritiana","partly_dried",2.13268605619865,1.15267950993839,4
"CPFA","APC13","APC13_CPFA","Tectona grandis","partly_dried",0.115069329784787,0.0645385211375712,4
"CPFA","APC2","APC2_CPFA","Pongamia pinnata","partly_dried",-0.392042087776024,0.916290731874155,4
"CPFA","APC7","APC7_CPFA","Chloroxylon swietenia","partly_dried",-0.194156014440957,0,4
"CPFA","APC13","APC13_CPFA","Pongamia pinnata","partly_dried",-0.360002734031407,0.162518929497775,4
"CPFA","APC13","APC13_CPFA","Tectona grandis","partly_dried",2.30970256076291,0.0769610411361283,4
"CPFA","APC13","APC13_CPFA","Pongamia pinnata","partly_dried",-0.916290731874155,0.336472236621213,4
"CPFA","APC13","APC13_CPFA","Pongamia pinnata","partly_dried",-0.847297860387204,0.730887508542792,4
"CPFA","APC13","APC13_CPFA","Pongamia pinnata","partly_dried",1.4028236630711,0.479573080261886,4
"CPFA","APA15","APA15_CPFA","Wrightia tinctoria","partly_dried",0.284104251103897,0.0645385211375712,4
"CPFA","APA15","APA15_CPFA","Wrightia tinctoria","partly_dried",-1.51634748936809,0,4
"CPFA","APA15","APA15_CPFA","Wrightia tinctoria","partly_dried",-0.606135803570316,0.0377403279828471,4
"CPFA","APC12","APC12_CPFA","Acacia chundra","partly_dried",-2.90142159408275,0,4
"CPFA","APC12","APC12_CPFA","Acacia chundra","partly_dried",-2.63905732961526,0.0606246218164347,4
"CPFA","APA17","APA17_CPFA","Acacia chundra","partly_dried",-2.89037175789616,0.575364144903562,4
"CPFA","APA17","APA17_CPFA","Dolichandrone atrovirens","partly_dried",-2.89037175789616,0,4
"CPFA","APA17","APA17_CPFA","Acacia chundra","partly_dried",-2.484906649788,1.75785791755237,4
"CPFA","APA21","APA21_CPFA","Dalbergia paniculata","partly_dried",-2.77258872223978,0.105360515657826,4
"CPFA","APA21","APA21_CPFA","Wrightia tinctoria","partly_dried",-2.07944154167984,0.538996500732687,4
"CPFA","APA21","APA21_CPFA","Erythroxylum monogynum","partly_dried",-2.56494935746154,0.287682072451781,4
"CPFA","APA21","APA21_CPFA","Dalbergia paniculata","partly_dried",-2.07944154167984,0.538996500732687,4
"CAFA","APA19","APA19_CAFA","Dalbergia paniculata","partly_dried",-0.162518929497774,0.105360515657826,4
"CAFA","APC1","APC1_CAFA","Holoptelea integrifolia","partly_dried",0.231801614057324,0,4
"CAFA","APC1","APC1_CAFA","Holoptelea integrifolia","partly_dried",-0.503905180921417,0.105360515657826,4
"CAFA","APC1","APC1_CAFA","Tectona grandis","partly_dried",1.26224171244991,0,4
"CAFA","APA18","APA18_CAFA","Dalbergia paniculata","partly_dried",0.862223510603879,0.356674943938732,4
"CAFA","APA18","APA18_CAFA","Dalbergia paniculata","partly_dried",0.587786664902119,0.441832752279039,4
"CAFA","APA1","APA1_CAFA","Dalbergia paniculata","partly_dried",1.11240561080045,0,4
"CAFA","APC5","APC5_CAFA","Wrightia tinctoria","partly_dried",1.41706601978664,0,4
"CAFA","APC11","APC11_CAFA","Tectona grandis","partly_dried",1.41585316336144,0.287682072451781,4
"CAFA","APC11","APC11_CAFA","Cassia fistula","partly_dried",1.01764322613444,1.16315080980568,4
"CAFA","APC6","APC6_CAFA","Dolichandrone atrovirens","partly_dried",-0.515466003322493,0.882389180198474,4
"CAFA","APC11","APC11_CAFA","Tectona grandis","partly_dried",0.806475865866949,0.747214401830221,4
"CAFA","APC6","APC6_CAFA","Dolichandrone atrovirens","partly_dried",-0.747214401830221,0.950976289862045,4
"CAFA","APC6","APC6_CAFA","Dolichandrone atrovirens","partly_dried",-0.0259754864032606,0.980829253011726,4
"CAFA","APC6","APC6_CAFA","Dolichandrone atrovirens","partly_dried",-0.182321556793955,0.255933374137201,4
"CAFA","APC6","APC6_CAFA","Dolichandrone atrovirens","partly_dried",-0.0550597771830277,0.8754687373539,4
"CAFA","APC11","APC11_CAFA","Dolichandrone atrovirens","partly_dried",-0.969400557188103,0.485507815781701,4
"CAFA","APC3","APC3_CAFA","Acacia chundra","partly_dried",-1.55227949859415,0.646627164925052,4
"CAFA","APC3","APC3_CAFA","Annona squamosa","partly_dried",-0.359374000907898,1.01160091167848,4
"CAFA","APA20","APA20_CAFA","Gyrocarpus americanus","partly_dried",1.59189360278319,0.916290731874155,4
"CAFA","APA20","APA20_CAFA","Gyrocarpus americanus","partly_dried",-0.851752210736584,0.176930708159078,4
"CAFA","APA20","APA20_CAFA","Gyrocarpus americanus","partly_dried",-0.111225635110225,0.0571584138399487,4
"CAFA","APA20","APA20_CAFA","Gyrocarpus americanus","partly_dried",0.991640169115942,0.287682072451781,4
"CAFA","APA2","APA2_CAFA","Cassia fistula","partly_dried",0.273040522458833,-0.955511445027436,4
"CAFA","APA2","APA2_CAFA","Dalbergia paniculata","partly_dried",0.417299565755167,0.693147180559945,4
"CAFA","APA2","APA2_CAFA","Dalbergia paniculata","partly_dried",0.0533459807052932,0.0800427076735365,4
"CAFA","APA2","APA2_CAFA","Dalbergia paniculata","partly_dried",0.155870370706785,0,4
"CAFA","APA2","APA2_CAFA","Cassia fistula","partly_dried",0.579818495252942,0.747214401830221,4
"CAFA","APA2","APA2_CAFA","Cassia fistula","partly_dried",0.199332902620491,0.628608659422374,4
"CAFA","APA2","APA2_CAFA","Cassia fistula","partly_dried",0.540806455977926,1.20397280432594,4
"CAFA","APA2","APA2_CAFA","Pongamia pinnata","partly_dried",0.44393138893596,0.955511445027436,4
"CAFA","APA2","APA2_CAFA","Dalbergia paniculata","partly_dried",-1.13497993283899,0.154150679827258,4
"CAFA","APC8","APC8_CAFA","Dalbergia paniculata","partly_dried",0.847297860387203,0,4
"CAFA","APC8","APC8_CAFA","Dalbergia paniculata","partly_dried",0.559615787935423,0.310154928303839,4
"CAFA","APC8","APC8_CAFA","Cassia fistula","partly_dried",-1.22050210627715,-0.117783035656383,4
"CAFA","APC8","APC8_CAFA","Azadirachta indica","partly_dried",-0.248896047416625,1.22377543162212,4
"CAFA","APC8","APC8_CAFA","Tamarindus indica","partly_dried",-0.735111379658977,1.48160454092422,4
"CAFA","APC9","APC9_CAFA","Pongamia pinnata","partly_dried",-0.470003629245736,0.287682072451781,4
"CAFA","APC2","APC2_CAFA","Diospyros montana","partly_dried",-1.31730148963294,0.356674943938732,4
"CAFA","APC2","APC2_CAFA","Tectona grandis","partly_dried",-0.547965170715447,0,4
"CAFA","APC8","APC8_CAFA","Tectona grandis","partly_dried",0.3666252747919,0.8754687373539,4
"CAFA","APC8","APC8_CAFA","Pongamia pinnata","partly_dried",0.204794412646014,0.628608659422374,4
"CAFA","APC2","APC2_CAFA","Tectona grandis","partly_dried",-0.893817876022097,0.653926467406664,4
"CAFA","APC9","APC9_CAFA","Pongamia pinnata","partly_dried",-0.85566611005772,0.606135803570316,4
"CAFA","APC8","APC8_CAFA","Wrightia tinctoria","partly_dried",1.80151564417342,1.94591014905531,4
"CAFA","APC2","APC2_CAFA","Gardenia gummifera","partly_dried",-0.664976303593249,1.53147637096439,4
"CAFA","APC9","APC9_CAFA","Pongamia pinnata","partly_dried",-0.693147180559945,0.143100843640673,4
"CAFA","APC2","APC2_CAFA","Tectona grandis","partly_dried",-0.587786664902119,-0.2578291093021,4
"CAFA","APC2","APC2_CAFA","Tectona grandis","partly_dried",-0.446287102628419,0.63252255874351,4
"CAFA","APC2","APC2_CAFA","Tectona grandis","partly_dried",1.08368663845143,0.619039208406224,4
"CAFA","APC9","APC9_CAFA","Pongamia pinnata","partly_dried",-0.510825623765991,0.300104592450338,4
"CAFA","APC9","APC9_CAFA","Pongamia pinnata","partly_dried",-0.543615446588982,1.41369333530801,4
"CAFA","APC9","APC9_CAFA","Dalbergia paniculata","partly_dried",0.59783700075562,0.826678573184468,4
"CAFA","APC14","APC14_CAFA","Tectona grandis","partly_dried",1.22121461076044,0.78845736036427,4
"CAFA","APC14","APC14_CAFA","Tectona grandis","partly_dried",0.192684343829502,0.0800427076735365,4
"CAFA","APC13","APC13_CAFA","Holoptelea integrifolia","partly_dried",-0.938269638592931,1.38629436111989,4
"CAFA","APA5","APA5_CAFA","Ziziphus mauritiana","partly_dried",-1.28401551199947,0.496436886313891,4
"CAFA","APA5","APA5_CAFA","Butea monosperma","partly_dried",1.82074700610131,0,4
"CAFA","APA5","APA5_CAFA","Butea monosperma","partly_dried",1.68542381941202,0,4
"CAFA","APA7","APA7_CAFA","Ziziphus mauritiana","partly_dried",0.792676775906978,0.693147180559945,4
"CAFA","APA7","APA7_CAFA","Sapindus emarginatus","partly_dried",2.41178438495904,1.6094379124341,4
"CAFA","APA10","APA10_CAFA","Wrightia tinctoria","partly_dried",-0.41109892582642,0.344840486291729,4
"CAFA","APA8","APA8_CAFA","Dolichandrone atrovirens","partly_dried",0.358397597250179,0,4
"CAFA","APC13","APC13_CAFA","Tectona grandis","partly_dried",-1.58696505658204,0.628608659422374,4
"CAFA","APC7","APC7_CAFA","Dolichandrone atrovirens","partly_dried",0.252702353555755,0,4
"CAFA","APC7","APC7_CAFA","Dolichandrone atrovirens","partly_dried",0.394291807510039,0,4
"CAFA","APC7","APC7_CAFA","Dolichandrone atrovirens","partly_dried",-1.20397280432594,0.351397886837889,4
"CAFA","APC7","APC7_CAFA","Dolichandrone atrovirens","partly_dried",-0.916290731874155,1.23676262714893,4
"CAFA","APC7","APC7_CAFA","Pongamia pinnata","partly_dried",-1.17007125265025,1.38629436111989,4
"CAFA","APC7","APC7_CAFA","Dalbergia paniculata","partly_dried",-1.04982212449868,1.77070606003022,4
"CAFA","APC7","APC7_CAFA","Dolichandrone atrovirens","partly_dried",-0.0438026226583936,0.973449145714104,4
"CAFA","APC10","APC10_CAFA","Wrightia tinctoria","partly_dried",-2.19722457733622,0.348306694268216,4
"CAFA","APC10","APC10_CAFA","Cassia fistula","partly_dried",-2.30258509299405,0,4
"CAFA","APC10","APC10_CAFA","Tectona grandis","partly_dried",-2.15176220325946,0.45953232937844,4
"CAFA","APC10","APC10_CAFA","Wrightia tinctoria","partly_dried",-2.02814824729229,0.405465108108164,4
"CAFA","APC10","APC10_CAFA","Cassia fistula","partly_dried",-1.79175946922806,0,4
"CAFA","APC10","APC10_CAFA","Wrightia tinctoria","partly_dried",-2.07944154167984,1.09861228866811,4
"CAFA","APC10","APC10_CAFA","Cassia fistula","partly_dried",-1.7227665977411,0,4
"CAFA","APC10","APC10_CAFA","Wrightia tinctoria","partly_dried",-2.30258509299405,0.510825623765991,4
"CAFA","APC10","APC10_CAFA","Tectona grandis","partly_dried",-1.43508452528932,0.133531392624523,4
"CAFA","APC10","APC10_CAFA","Cassia fistula","partly_dried",-2.73436750941958,0.133531392624523,4
"CAFA","APC10","APC10_CAFA","Cassia fistula","partly_dried",-1.7227665977411,0.470003629245736,4
"CAFA","APC10","APC10_CAFA","Wrightia tinctoria","partly_dried",-2.63905732961526,0.22314355131421,4
"CAFA","APC10","APC10_CAFA","Acacia chundra","partly_dried",-2.63905732961526,0.54654370636807,4
"CAFA","APC12","APC12_CAFA","Acacia chundra","partly_dried",-2.484906649788,0,4
"CAFA","APC12","APC12_CAFA","Acacia chundra","partly_dried",-2.99573227355399,0,4
"CAFA","APC12","APC12_CAFA","Acacia chundra","partly_dried",-2.61006979274201,0.510825623765991,4
"CAFA","APC12","APC12_CAFA","Acacia chundra","partly_dried",-2.53369681395743,0.251314428280906,4
"CAFA","APC12","APC12_CAFA","Acacia chundra","partly_dried",-2.99573227355399,0,4
"CAFA","APC12","APC12_CAFA","Acacia chundra","partly_dried",-2.63905732961526,0,4
"CAFA","APC12","APC12_CAFA","Acacia chundra","partly_dried",-2.77258872223978,0.646627164925052,4
"CAFA","APC12","APC12_CAFA","Acacia chundra","partly_dried",-2.484906649788,1.53147637096439,4
"CAFA","APC12","APC12_CAFA","Acacia chundra","partly_dried",-2.89037175789616,0,4
"CAFA","APC12","APC12_CAFA","Wrightia tinctoria","partly_dried",-1.09861228866811,0,4
"CAFA","APA17","APA17_CAFA","Wrightia tinctoria","partly_dried",-2.51769647261099,1.31567679390594,4
"CAFA","APA17","APA17_CAFA","Acacia chundra","partly_dried",-2.77258872223978,0.934309237376833,4
"CAFA","APA17","APA17_CAFA","Acacia chundra","partly_dried",-2.30258509299405,1.48160454092422,4
"CAFA","APA17","APA17_CAFA","Acacia chundra","partly_dried",-2.63905732961526,1.29928298413026,4
"CAFA","APA17","APA17_CAFA","Acacia chundra","partly_dried",-2.484906649788,1.01160091167848,4
"CAFA","APA17","APA17_CAFA","Acacia chundra","partly_dried",-1.22377543162212,0,4
"CAFA","APA16","APA16_CAFA","Wrightia tinctoria","partly_dried",-2.484906649788,0.0540672212702756,4
"CAFA","APA16","APA16_CAFA","Dolichandrone atrovirens","partly_dried",-2.77258872223978,0,4
"CAFA","APA16","APA16_CAFA","Premna tomentosa","partly_dried",-2.484906649788,-0.251314428280906,4
"CAFA","APA16","APA16_CAFA","Dolichandrone atrovirens","partly_dried",-1.79175946922806,0.826678573184468,4
"CAFA","APA16","APA16_CAFA","Acacia chundra","partly_dried",-2.70805020110221,0,4
"CAFA","APA16","APA16_CAFA","Acacia chundra","partly_dried",-2.99573227355399,0.0870113769896297,4
"CAFA","APA16","APA16_CAFA","Azadirachta indica","partly_dried",-2.00148000021012,0,4
"CAFA","APA16","APA16_CAFA","Albizia amara","partly_dried",-2.19722457733622,1.02961941718116,4
"CAFA","APA16","APA16_CAFA","Wrightia tinctoria","partly_dried",-2.39789527279837,0,4
"CAFA","APA12","APA12_CAFA","Erythroxylum monogynum","partly_dried",-2.484906649788,0.485507815781701,4
"CAFA","APA12","APA12_CAFA","Azadirachta indica","partly_dried",-2.30258509299405,1.01160091167848,4
"CAFA","APA12","APA12_CAFA","Dalbergia paniculata","partly_dried",-2.77258872223978,0,4
"CAFA","APA21","APA21_CAFA","Premna tomentosa","partly_dried",-2.86789890204411,0.54654370636807,4
"CAFA","APA21","APA21_CAFA","Premna tomentosa","partly_dried",-2.99573227355399,0.22314355131421,4
"CAFA","APA21","APA21_CAFA","Cassia fistula","partly_dried",-1.33500106673234,1.01160091167848,4
"CAFA","APA21","APA21_CAFA","Premna tomentosa","partly_dried",-2.84490938381941,0.45953232937844,4
"CAFA","APA21","APA21_CAFA","Azadirachta indica","partly_dried",-2.51769647261099,0,4
"CAFA","APA21","APA21_CAFA","Dalbergia paniculata","partly_dried",-2.30258509299405,1.52605630349505,4
"CAFA","APA21","APA21_CAFA","Dalbergia paniculata","partly_dried",-2.484906649788,2.17475172148416,4
"CAFA","APA21","APA21_CAFA","Dalbergia paniculata","partly_dried",-2.02814824729229,1.09861228866811,4
"CAFA","APA21","APA21_CAFA","Azadirachta indica","partly_dried",-1.88706964903238,1.43508452528932,4
"CAFA","APA21","APA21_CAFA","Dalbergia paniculata","partly_dried",-2.484906649788,1.28093384546206,4
"CAFA","APA21","APA21_CAFA","Dalbergia paniculata","partly_dried",-2.63905732961526,0.356674943938732,4
"CAFA","APA21","APA21_CAFA","Dalbergia paniculata","partly_dried",-1.09861228866811,0.847297860387204,4
"CAFA","APA21","APA21_CAFA","Dalbergia paniculata","partly_dried",-2.30258509299405,0.8754687373539,4
"CAFA","APA21","APA21_CAFA","Dalbergia paniculata","partly_dried",-1.38629436111989,0.470003629245736,4
"CAFA","APA21","APA21_CAFA","Cassia fistula","partly_dried",-1.16315080980568,1.17865499634165,4
"CAFA","APA21","APA21_CAFA","Dalbergia paniculata","partly_dried",-2.70805020110221,0.430782916092454,4
"CAFA","APA21","APA21_CAFA","Wrightia tinctoria","partly_dried",-2.89037175789616,0,4
"CAFA","APA21","APA21_CAFA","Dolichandrone atrovirens","partly_dried",-1.79175946922806,1.20397280432594,4
"Control","APA19","APA19_Control","Cassia fistula","trampled",-2.14006616349627,0.693147180559945,2
"Control","APA1","APA1_Control","Wrightia tinctoria","trampled",-0.223143551314209,0.182321556793955,2
"Control","APA1","APA1_Control","Wrightia tinctoria","trampled",0.0631789016215314,0,2
"Control","APA1","APA1_Control","Wrightia tinctoria","trampled",-0.952008814476234,0.251314428280906,2
"Control","APA1","APA1_Control","Cassia fistula","trampled",0.0136056520557792,0.693147180559945,2
"Control","APA1","APA1_Control","Wrightia tinctoria","trampled",0.0246926125903717,0.182321556793955,2
"Control","APC8","APC8_Control","Dolichandrone atrovirens","trampled",-0.538996500732687,-0.241162056816888,2
"Control","APA6","APA6_Control","Cassia fistula","trampled",2.4932054526027,0.371563556432483,2
"Control","APA6","APA6_Control","Cassia fistula","trampled",1.98329768112693,0.615185639090234,2
"Control","APA7","APA7_Control","Cassia fistula","trampled",0.271933715483642,-0.22314355131421,2
"Control","APA7","APA7_Control","Cassia fistula","trampled",-0.59783700075562,-0.619039208406224,2
"Control","APA7","APA7_Control","Cassia fistula","trampled",0.0953101798043248,-0.356674943938732,2
"Control","APC6","APC6_Control","Dolichandrone atrovirens","trampled",0.650587566141149,-0.287682072451781,2
"Control","APC6","APC6_Control","Dolichandrone atrovirens","trampled",0.200670695462151,1.12601126285622,2
"Control","APC11","APC11_Control","Dolichandrone atrovirens","trampled",-0.510825623765991,0,2
"Control","APC11","APC11_Control","Dalbergia sissoo","trampled",-0.372675285285173,0.693147180559945,2
"Control","APC11","APC11_Control","Cassia fistula","trampled",-3.31418600467253,-0.182321556793955,2
"Control","APA12","APA12_Control","Cassia fistula","trampled",-3.68887945411394,0.182321556793955,2
"Control","APA12","APA12_Control","Cassia fistula","trampled",-1.6094379124341,-0.693147180559945,2
"Control","APA12","APA12_Control","Dalbergia paniculata","trampled",-3.55534806148941,-1.6094379124341,2
"Control","APA12","APA12_Control","Dalbergia paniculata","trampled",-3.29583686600433,1.29928298413026,2
"Control","APA12","APA12_Control","Cassia fistula","trampled",-4.24849524204936,-1.38629436111989,2
"Control","APA12","APA12_Control","Cassia fistula","trampled",-2.19722457733622,-0.693147180559945,2
"Control","APA12","APA12_Control","Dalbergia paniculata","trampled",-2.77258872223978,1.20397280432594,2
"Control","APA12","APA12_Control","Cassia fistula","trampled",-3.68887945411394,-0.451985123743057,2
"Control","APA12","APA12_Control","Cassia fistula","trampled",-3.2188758248682,1.38629436111989,2
"Control","APA12","APA12_Control","Cassia fistula","trampled",-3.93182563272433,-0.559615787935423,2
"Control","APA12","APA12_Control","Cassia fistula","trampled",-0.544727175441672,0,2
"Control","APA12","APA12_Control","Azadirachta indica","trampled",-0.579818495252942,0.182321556793955,2
"Control","APC12","APC12_Control","Dolichandrone atrovirens","trampled",-3.55534806148941,-0.356674943938732,2
"Control","APC12","APC12_Control","Wrightia tinctoria","trampled",-0.114410351177744,1.17865499634165,2
"Control","APC10","APC10_Control","Acacia chundra","trampled",-3.40119738166216,1.01160091167848,2
"CPFA","APC5","APC5_CPFA","Wrightia tinctoria","trampled",-0.0212773984472845,0.213574100298059,2
"CPFA","APC4","APC4_CPFA","Acacia chundra","trampled",-1.20397280432594,0.0741079721537218,2
"CPFA","APA19","APA19_CPFA","Cassia fistula","trampled",-0.924258901523332,0.133531392624523,2
"CPFA","APC7","APC7_CPFA","Chloroxylon swietenia","trampled",0.601209685234259,0.492476485097794,2
"CPFA","APC2","APC2_CPFA","Tectona grandis","trampled",-0.0548082364949947,0.8754687373539,2
"CPFA","APC2","APC2_CPFA","Tectona grandis","trampled",-0.182321556793955,0.356674943938732,2
"CPFA","APC7","APC7_CPFA","Cassia fistula","trampled",-2.56494935746154,0.693147180559945,2
"CPFA","APC13","APC13_CPFA","Pongamia pinnata","trampled",-0.212561441983673,0.485507815781701,2
"CPFA","APC2","APC2_CPFA","Pongamia pinnata","trampled",1.25276296849537,0.287682072451781,2
"CPFA","APC13","APC13_CPFA","Pongamia pinnata","trampled",-1.13497993283899,0.559615787935422,2
"CPFA","APC12","APC12_CPFA","Acacia chundra","trampled",-2.63905732961526,1.09861228866811,2
"CPFA","APC12","APC12_CPFA","Acacia chundra","trampled",-2.19722457733622,1.64222773525709,2
"CPFA","APA17","APA17_CPFA","Cassia fistula","trampled",-2.77258872223978,0,2
"CPFA","APA21","APA21_CPFA","Wrightia tinctoria","trampled",-2.07944154167984,1.27296567581289,2
"CPFA","APA21","APA21_CPFA","Dalbergia paniculata","trampled",-2.12823170584927,1.25276296849537,2
"CPFA","APA21","APA21_CPFA","Wrightia tinctoria","trampled",-1.94591014905531,0,2
"CAFA","APC1","APC1_CAFA","Ziziphus mauritiana","trampled",1.69714349285321,1.09861228866811,2
"CAFA","APC1","APC1_CAFA","Tectona grandis","trampled",1.38629436111989,0.138150338480817,2
"CAFA","APC1","APC1_CAFA","Tectona grandis","trampled",0.244453337900961,0.54654370636807,2
"CAFA","APC1","APC1_CAFA","Dolichandrone atrovirens","trampled",0.105360515657826,0.287682072451781,2
"CAFA","APC1","APC1_CAFA","Tectona grandis","trampled",0.150572858479375,1.28093384546206,2
"CAFA","APC1","APC1_CAFA","Tectona grandis","trampled",0.148420005118273,1.17865499634165,2
"CAFA","APA19","APA19_CAFA","Dalbergia paniculata","trampled",0.441832752279039,0.182321556793955,2
"CAFA","APC1","APC1_CAFA","Tectona grandis","trampled",1.82161243237774,1.32175583998232,2
"CAFA","APC1","APC1_CAFA","Tectona grandis","trampled",0.0851578083403073,1.33500106673234,2
"CAFA","APC1","APC1_CAFA","Tectona grandis","trampled",0.593063722002963,0.575364144903562,2
"CAFA","APC1","APC1_CAFA","Tectona grandis","trampled",1.96009478404727,0.575364144903562,2
"CAFA","APC1","APC1_CAFA","Tectona grandis","trampled",0.422856850820033,0.251314428280906,2
"CAFA","APC1","APC1_CAFA","Holoptelea integrifolia","trampled",0.332705753825736,0.287682072451781,2
"CAFA","APC1","APC1_CAFA","Tectona grandis","trampled",0.125163142954007,1.09861228866811,2
"CAFA","APC1","APC1_CAFA","Tectona grandis","trampled",0.693147180559945,0.262364264467491,2
"CAFA","APC1","APC1_CAFA","Tectona grandis","trampled",0.53062825106217,0.23638877806423,2
"CAFA","APC1","APC1_CAFA","Tectona grandis","trampled",0.528844129268669,0.405465108108164,2
"CAFA","APC1","APC1_CAFA","Tectona grandis","trampled",1.33500106673234,0.762140052046897,2
"CAFA","APC1","APC1_CAFA","Tectona grandis","trampled",0.624154309072994,1.16315080980568,2
"CAFA","APC1","APC1_CAFA","Tectona grandis","trampled",0.751416088683921,0.847297860387204,2
"CAFA","APC1","APC1_CAFA","Tectona grandis","trampled",0.488846717047215,0.344840486291729,2
"CAFA","APC1","APC1_CAFA","Tectona grandis","trampled",1.16760516015506,0.492476485097794,2
"CAFA","APC1","APC1_CAFA","Tectona grandis","trampled",1.73911573574263,1.09861228866811,2
"CAFA","APC1","APC1_CAFA","Tectona grandis","trampled",1.24593700342497,1.27296567581289,2
"CAFA","APC1","APC1_CAFA","Tectona grandis","trampled",1.59263079411772,0.575364144903562,2
"CAFA","APC1","APC1_CAFA","Holoptelea integrifolia","trampled",0.0512932943875506,0.251314428280906,2
"CAFA","APC1","APC1_CAFA","Tectona grandis","trampled",1.09861228866811,0.773189888233482,2
"CAFA","APC1","APC1_CAFA","Tectona grandis","trampled",2.23613999358589,0.0512932943875506,2
"CAFA","APC1","APC1_CAFA","Tectona grandis","trampled",0.957839734787027,0.325422400434628,2
"CAFA","APC1","APC1_CAFA","Tectona grandis","trampled",1.25276296849537,0.451985123743057,2
"CAFA","APC1","APC1_CAFA","Tectona grandis","trampled",1.62268313918412,0.955511445027436,2
"CAFA","APC1","APC1_CAFA","Tectona grandis","trampled",-0.0273989741881144,0.54654370636807,2
"CAFA","APC1","APC1_CAFA","Tectona grandis","trampled",0.930475366866112,0.336472236621213,2
"CAFA","APA1","APA1_CAFA","Dalbergia paniculata","trampled",0.860201265223111,0.22314355131421,2
"CAFA","APA1","APA1_CAFA","Dalbergia paniculata","trampled",1.66500776358891,0.45953232937844,2
"CAFA","APA1","APA1_CAFA","Dalbergia paniculata","trampled",0.24231346742193,0.570544858467613,2
"CAFA","APA1","APA1_CAFA","Annona squamosa","trampled",-0.0416726964005685,0.430782916092454,2
"CAFA","APA1","APA1_CAFA","Dalbergia paniculata","trampled",0.693147180559946,0.405465108108164,2
"CAFA","APC5","APC5_CAFA","Wrightia tinctoria","trampled",0.506817602368452,0.231801614057324,2
"CAFA","APC5","APC5_CAFA","Wrightia tinctoria","trampled",1.14740245283754,0.405465108108164,2
"CAFA","APC5","APC5_CAFA","Wrightia tinctoria","trampled",1.38629436111989,0.78845736036427,2
"CAFA","APC5","APC5_CAFA","Wrightia tinctoria","trampled",1.68639895357023,1.01160091167848,2
"CAFA","APC11","APC11_CAFA","Cassia fistula","trampled",1.26694760348732,0.287682072451781,2
"CAFA","APC11","APC11_CAFA","Dolichandrone atrovirens","trampled",0.847297860387203,0.117783035656383,2
"CAFA","APC3","APC3_CAFA","Wrightia tinctoria","trampled",1.80555279136039,0.810930216216329,2
"CAFA","APC3","APC3_CAFA","Dolichandrone atrovirens","trampled",-0.421213465076304,0.587786664902119,2
"CAFA","APC3","APC3_CAFA","Wrightia tinctoria","trampled",1.89085037187229,0.405465108108164,2
"CAFA","APA20","APA20_CAFA","Wrightia tinctoria","trampled",0.826678573184467,0.54654370636807,2
"CAFA","APA20","APA20_CAFA","Wrightia tinctoria","trampled",0.765467842139572,0.105360515657826,2
"CAFA","APA20","APA20_CAFA","Wrightia tinctoria","trampled",1.11240561080045,0.619039208406224,2
"CAFA","APA2","APA2_CAFA","Holoptelea integrifolia","trampled",1.1314021114911,1.09861228866811,2
"CAFA","APA2","APA2_CAFA","Dalbergia paniculata","trampled",-0.0136056520557792,0.117783035656383,2
"CAFA","APA2","APA2_CAFA","Wrightia tinctoria","trampled",0.0631789016215318,0.995428052432879,2
"CAFA","APC8","APC8_CAFA","Azadirachta indica","trampled",0.534542150383307,0.780158557549575,2
"CAFA","APC8","APC8_CAFA","Tamarindus indica","trampled",-0.041672696400568,0.113328685307003,2
"CAFA","APC9","APC9_CAFA","Pongamia pinnata","trampled",-0.356674943938732,0.65677953638907,2
"CAFA","APC8","APC8_CAFA","Cassia fistula","trampled",1.2272296664902,0.0953101798043249,2
"CAFA","APC2","APC2_CAFA","Tectona grandis","trampled",0.818310323513951,0.990398704027877,2
"CAFA","APC2","APC2_CAFA","Tectona grandis","trampled",0.18610227963386,0.162518929497775,2
"CAFA","APC9","APC9_CAFA","Pongamia pinnata","trampled",0.182321556793955,0.961411167154625,2
"CAFA","APC9","APC9_CAFA","Pongamia pinnata","trampled",0.816761136527122,0.200670695462151,2
"CAFA","APC9","APC9_CAFA","Pongamia pinnata","trampled",0.411979789129358,0.462623521948113,2
"CAFA","APC9","APC9_CAFA","Dalbergia paniculata","trampled",-1.31218638896617,1.47590651980958,2
"CAFA","APC14","APC14_CAFA","Pongamia pinnata","trampled",-0.0382212128201971,0.757685701697516,2
"CAFA","APC14","APC14_CAFA","Tectona grandis","trampled",1.24703229378638,0.782759339249632,2
"CAFA","APA5","APA5_CAFA","Acacia nilotica","trampled",-0.628608659422374,1.79175946922805,2
"CAFA","APA5","APA5_CAFA","Diospyros montana","trampled",-0.421213465076304,1.88706964903238,2
"CAFA","APA5","APA5_CAFA","Diospyros montana","trampled",0.9458495341157,0.693147180559945,2
"CAFA","APA5","APA5_CAFA","Diospyros montana","trampled",0.0487901641694322,1.6094379124341,2
"CAFA","APA5","APA5_CAFA","Butea monosperma","trampled",2.00148000021012,0.693147180559945,2
"CAFA","APA5","APA5_CAFA","Butea monosperma","trampled",2.62466859216316,0.048790164169432,2
"CAFA","APA5","APA5_CAFA","Butea monosperma","trampled",2.10151749337904,1.7227665977411,2
"CAFA","APA10","APA10_CAFA","Butea monosperma","trampled",0.929535958624176,1.44691898293633,2
"CAFA","APA10","APA10_CAFA","Butea monosperma","trampled",1.28093384546206,0.810930216216329,2
"CAFA","APA6","APA6_CAFA","Pongamia pinnata","trampled",0.892943367877164,0.405465108108164,2
"CAFA","APA6","APA6_CAFA","Pongamia pinnata","trampled",1.79175946922805,2.07944154167984,2
"CAFA","APA6","APA6_CAFA","Pongamia pinnata","trampled",2.00306856289526,2.36712361413162,2
"CAFA","APC13","APC13_CAFA","Pongamia pinnata","trampled",0.0723206615796261,0.990398704027877,2
"CAFA","APC13","APC13_CAFA","Syzygium cumini","trampled",1.97408102602201,2.58399755243223,2
"CAFA","APC13","APC13_CAFA","Tectona grandis","trampled",-1.11696142733631,0.693147180559945,2
"CAFA","APC11","APC11_CAFA","Tectona grandis","trampled",2.21920348405499,1.88273124743378,2
"CAFA","APC10","APC10_CAFA","Cassia fistula","trampled",-1.83258146374831,0.606135803570316,2
"CAFA","APC10","APC10_CAFA","Cassia fistula","trampled",-1.13943428318836,2.39789527279837,2
"CAFA","APC10","APC10_CAFA","Wrightia tinctoria","trampled",-2.16905370036952,0.241162056816888,2
"CAFA","APC10","APC10_CAFA","Cassia fistula","trampled",-1.83258146374831,0.318453731118535,2
"CAFA","APC10","APC10_CAFA","Cassia fistula","trampled",-1.25276296849537,1.25276296849537,2
"CAFA","APC10","APC10_CAFA","Cassia fistula","trampled",-1.25276296849537,0.980829253011726,2
"CAFA","APC12","APC12_CAFA","Wrightia tinctoria","trampled",-0.916290731874155,1.09861228866811,2
"CAFA","APC12","APC12_CAFA","Wrightia tinctoria","trampled",-2.16905370036952,0.0800427076735365,2
"CAFA","APA17","APA17_CAFA","Cassia fistula","trampled",-1.6094379124341,0.451985123743057,2
"CAFA","APA17","APA17_CAFA","Cassia fistula","trampled",-2.15466496291742,0.847297860387204,2
"CAFA","APA17","APA17_CAFA","Dolichandrone atrovirens","trampled",-2.01490302054226,0.54654370636807,2
"CAFA","APA16","APA16_CAFA","Wrightia tinctoria","trampled",-1.01160091167848,1.81915844341617,2
"CAFA","APA16","APA16_CAFA","Wrightia tinctoria","trampled",-1.6094379124341,2.04769284336526,2
"CAFA","APA12","APA12_CAFA","Dolichandrone atrovirens","trampled",-2.16905370036952,0.379489621704904,2
"CAFA","APA21","APA21_CAFA","Dalbergia paniculata","trampled",-2.14006616349627,0,2
"CAFA","APA21","APA21_CAFA","Wrightia tinctoria","trampled",-1.6094379124341,1.85629799036563,2
