"treatment","village","site","sci.name","tag.no","h1","rcd1","disturbance","h0","rcd0","LUI","rgr"
"Control","APA19","APA19_Control","Dolichandrone atrovirens",1044,30,2.6,"browsed",20,2.6,1.42,0
"Control","APA19","APA19_Control","Dolichandrone atrovirens",1045,62,1.3,"none",34,0.6,1.42,0.773189888233482
"Control","APA19","APA19_Control","Dolichandrone atrovirens",1046,18,0.8,"browsed",24,0.5,1.42,0.470003629245736
"Control","APA19","APA19_Control","Dolichandrone atrovirens",1047,34,3,"browsed",66,1.9,1.42,0.456758402495715
"Control","APA19","APA19_Control","Dolichandrone atrovirens",1048,14,0.5,"browsed",16,0.3,1.42,0.510825623765991
"Control","APA19","APA19_Control","Dolichandrone atrovirens",1050,20,1.9,"browsed",50,1.3,1.42,0.379489621704904
"Control","APA19","APA19_Control","Dolichandrone atrovirens",1051,22,2.2,"partly_dried",40,1.7,1.42,0.2578291093021
"Control","APA19","APA19_Control","Dolichandrone atrovirens",1052,12,0.7,"browsed",30,0.4,1.42,0.559615787935423
"Control","APA19","APA19_Control","Dolichandrone atrovirens",1053,12,0.5,"browsed",19,0.3,1.42,0.510825623765991
"Control","APA19","APA19_Control","Dolichandrone atrovirens",1054,23,1.4,"none",23,1.3,1.42,0.0741079721537218
"Control","APA19","APA19_Control","Dolichandrone atrovirens",1055,12,0.7,"browsed",15,0.4,1.42,0.559615787935423
"Control","APA19","APA19_Control","Dolichandrone atrovirens",1056,9,0.7,"browsed",19,0.4,1.42,0.559615787935423
"Control","APA19","APA19_Control","Dolichandrone atrovirens",1057,42,1.4,"none",30,0.4,1.42,1.25276296849537
"Control","APA19","APA19_Control","Dolichandrone atrovirens",1058,16,1,"browsed",31,0.5,1.42,0.693147180559945
"Control","APA19","APA19_Control","Cassia fistula",1059,28,1,"none",17,0.2,1.42,1.6094379124341
"Control","APA20","APA20_Control","Dolichandrone atrovirens",1069,74,2.6,"none",69,2.4,1.12,0.0800427076735365
"Control","APA20","APA20_Control","Dolichandrone atrovirens",1070,90,2.9,"none",44,1.4,1.12,0.728238500371215
"Control","APA20","APA20_Control","Dolichandrone atrovirens",1071,52,1.5,"none",40,0.7,1.12,0.762140052046897
"Control","APA20","APA20_Control","Dolichandrone atrovirens",1072,80,2.5,"none",18,0.8,1.12,1.13943428318836
"Control","APA20","APA20_Control","Dolichandrone atrovirens",1073,53,2,"none",17,0.9,1.12,0.798507696217772
"Control","APA20","APA20_Control","Dolichandrone atrovirens",1074,36,1.3,"none",19,0.7,1.12,0.619039208406224
"Control","APA20","APA20_Control","Dolichandrone atrovirens",1075,41,1.3,"none",35,0.8,1.12,0.485507815781701
"Control","APA20","APA20_Control","Dolichandrone atrovirens",1076,46,1.8,"browsed",36,1,1.12,0.587786664902119
"Control","APA20","APA20_Control","Dalbergia paniculata",1077,131,2.2,"none",84,1.2,1.12,0.606135803570316
"Control","APA20","APA20_Control","Dalbergia paniculata",1078,135,1.9,"none",16,1.3,1.12,0.379489621704904
"Control","APC4","APC4_Control","Dolichandrone atrovirens",1090,76,2.4,"none",29,0.7,0.46,1.23214368129263
"Control","APC4","APC4_Control","Dolichandrone atrovirens",1091,100,1.9,"browsed",45,0.7,0.46,0.998528830111127
"Control","APC4","APC4_Control","Dolichandrone atrovirens",1092,50,1.3,"none",14,0.4,0.46,1.17865499634165
"Control","APC4","APC4_Control","Dolichandrone atrovirens",1093,30,1.1,"none",10,0.4,0.46,1.01160091167848
"Control","APC4","APC4_Control","Dolichandrone atrovirens",1094,100,2.3,"browsed",29,0.6,0.46,1.34373474670109
"Control","APC4","APC4_Control","Dolichandrone atrovirens",1095,40,0.8,"none",15,0.5,0.46,0.470003629245736
"Control","APC4","APC4_Control","Dolichandrone atrovirens",1096,120,2.5,"browsed",35,0.6,0.46,1.42711635564015
"Control","APC4","APC4_Control","Dolichandrone atrovirens",1097,70,1.9,"none",18,1.4,0.46,0.305381649551182
"Control","APC4","APC4_Control","Dolichandrone atrovirens",1098,60,1.5,"browsed",14,0.4,0.46,1.32175583998232
"Control","APC4","APC4_Control","Dolichandrone atrovirens",1099,30,0.8,"none",10,0.3,0.46,0.980829253011726
"Control","APA1","APA1_Control","Wrightia tinctoria",1179,87,1.2,"none",60,0.5,0.87,0.8754687373539
"Control","APA1","APA1_Control","Dalbergia paniculata",1180,51,0.8,"partly_dried",65,0.7,0.87,0.133531392624523
"Control","APA1","APA1_Control","Wrightia tinctoria",1181,88,1.2,"none",46,0.6,0.87,0.693147180559945
"Control","APA1","APA1_Control","Wrightia tinctoria",1182,61,1.1,"none",57,0.7,0.87,0.451985123743057
"Control","APA1","APA1_Control","Dolichandrone atrovirens",1183,87,2.3,"none",56,1.3,0.87,0.570544858467613
"Control","APA1","APA1_Control","Cassia fistula",1184,113,2.2,"none",73,0.8,0.87,1.01160091167848
"Control","APA1","APA1_Control","Wrightia tinctoria",1185,80,0.9,"none",40,0.5,0.87,0.587786664902119
"Control","APC3","APC3_Control","Dolichandrone atrovirens",1300,55,1.6,"browsed",25,1.3,0.17,0.207639364778245
"Control","APC3","APC3_Control","Dolichandrone atrovirens",1301,143,2.1,"none",28,0.6,0.17,1.25276296849537
"Control","APC3","APC3_Control","Chloroxylon swietenia",1302,120,2.4,"none",58,1.7,0.17,0.344840486291729
"Control","APC3","APC3_Control","Chloroxylon swietenia",1303,140,2.3,"none",100,1.4,0.17,0.496436886313891
"Control","APC3","APC3_Control","Chloroxylon swietenia",1304,150,1.7,"none",90,1.2,0.17,0.348306694268216
"Control","APC3","APC3_Control","Acacia chundra",1305,165,0.7,"partly_dried",90,0.6,0.17,0.154150679827258
"Control","APC3","APC3_Control","Chloroxylon swietenia",1306,105,1.6,"none",70,1.2,0.17,0.287682072451781
"Control","APC3","APC3_Control","Chloroxylon swietenia",1307,105,1.3,"none",52,0.7,0.17,0.619039208406224
"Control","APC3","APC3_Control","Chloroxylon swietenia",1308,55,1.1,"none",43,0.7,0.17,0.451985123743057
"Control","APC3","APC3_Control","Chloroxylon swietenia",1309,110,2.1,"none",100,1.7,0.17,0.211309093667207
"Control","APC3","APC3_Control","Chloroxylon swietenia",1310,130,1.7,"none",90,1.1,0.17,0.435318071257845
"Control","APC3","APC3_Control","Chloroxylon swietenia",1311,90,1.8,"none",80,1.1,0.17,0.492476485097794
"Control","APC3","APC3_Control","Chloroxylon swietenia",1312,90,1.3,"none",76,1.1,0.17,0.167054084663166
"Control","APC3","APC3_Control","Azadirachata indica",1313,80,0.8,"browsed",66,0.8,0.17,0
"Control","APC3","APC3_Control","Azadirachata indica",1314,65,1.1,"browsed",63,0.5,0.17,0.78845736036427
"Control","APC3","APC3_Control","Dolichandrone atrovirens",1315,80,1.9,"none",60,1.2,0.17,0.45953232937844
"Control","APC3","APC3_Control","Tectona grandis",1316,50,0.9,"partly_dried",NA,NA,NA,NA
"Control","APC3","APC3_Control","Dolichandrone atrovirens",1317,90,1.7,"none",36,1.2,0.17,0.348306694268216
"Control","APC3","APC3_Control","Chloroxylon swietenia",1318,80,1.7,"none",74,1.4,0.17,0.194156014440957
"Control","APC3","APC3_Control","Dolichandrone atrovirens",1319,100,1.9,"browsed",75,1.1,0.17,0.54654370636807
"Control","APC3","APC3_Control","Dolichandrone atrovirens",1320,100,1.8,"browsed",30,0.9,0.17,0.693147180559945
"Control","APC3","APC3_Control","Acacia chundra",1321,90,1.4,"none",56,0.4,0.17,1.25276296849537
"Control","APC3","APC3_Control","Tectona grandis",1322,140,2.3,"partly_dried",NA,NA,NA,NA
"Control","APC3","APC3_Control","Dolichandrone atrovirens",1323,90,2.1,"browsed",45,1.4,0.17,0.405465108108164
"Control","APC3","APC3_Control","Dolichandrone atrovirens",1324,100,1.9,"browsed",80,1.4,0.17,0.305381649551182
"Control","APC3","APC3_Control","Chloroxylon swietenia",1325,70,1.5,"none",60,1.1,0.17,0.310154928303839
"Control","APC3","APC3_Control","Dolichandrone atrovirens",1326,80,2.1,"browsed",36,1.6,0.17,0.271933715483642
"Control","APC1","APC1_Control","Acacia chundra",1400,160,3.8,"none",100,3,1.31,0.23638877806423
"Control","APC1","APC1_Control","Dolichandrone atrovirens",1401,80,3.1,"none",43,2.3,1.31,0.298492988555997
"Control","APC1","APC1_Control","Dolichandrone atrovirens",1402,102,3.2,"none",50,2.5,1.31,0.246860077931526
"Control","APC1","APC1_Control","Gardenia gummifera",1403,30,1.9,"partly_dried",50,1.7,1.31,0.111225635110224
"Control","APC1","APC1_Control","Dolichandrone atrovirens",1404,125,3.5,"none",75,2.2,1.31,0.464305608131098
"Control","APC1","APC1_Control","Dolichandrone atrovirens",1405,50,0.8,"none",30,0.7,1.31,0.133531392624523
"Control","APC1","APC1_Control","Dolichandrone atrovirens",1406,135,2.4,"none",90,2.2,1.31,0.0870113769896296
"Control","APC1","APC1_Control","Dolichandrone atrovirens",1407,53,1.8,"browsed",46,1.1,1.31,0.492476485097794
"Control","APC1","APC1_Control","Dolichandrone atrovirens",1408,210,3.8,"browsed",90,1.8,1.31,0.747214401830221
"Control","APC1","APC1_Control","Dolichandrone atrovirens",1409,45,1.1,"none",15,0.3,1.31,1.29928298413026
"Control","APC1","APC1_Control","Dolichandrone atrovirens",1410,125,3.5,"none",60,2.8,1.31,0.22314355131421
"Control","APC1","APC1_Control","Dolichandrone atrovirens",1411,122,4.9,"none",88,3.3,1.31,0.395312736644146
"Control","APC1","APC1_Control","Dolichandrone atrovirens",1412,170,3.5,"none",100,2.7,1.31,0.259511195485085
"Control","APC1","APC1_Control","Dolichandrone atrovirens",1413,124,3.2,"none",53,2.4,1.31,0.287682072451781
"Control","APC1","APC1_Control","Acacia chundra",1414,60,3.1,"none",40,2.9,1.31,0.0666913744986724
"Control","APC1","APC1_Control","Dolichandrone atrovirens",1415,125,3.1,"none",85,2.4,1.31,0.255933374137201
"Control","APC1","APC1_Control","Dolichandrone atrovirens",1416,140,2.9,"none",90,2.7,1.31,0.0714589639821448
"Control","APC1","APC1_Control","Dolichandrone atrovirens",1417,124,3.9,"browsed",100,2.9,1.31,0.296265816143172
"Control","APC4","APC4_Control","Dolichandrone atrovirens",1437,42,1.6,"browsed",37,1.1,0.46,0.374693449441411
"Control","APC4","APC4_Control","Dolichandrone atrovirens",1438,107,2.8,"browsed",45,1.6,0.46,0.559615787935422
"Control","APC4","APC4_Control","Dolichandrone atrovirens",1439,32,1.8,"browsed",24,0.7,0.46,0.944461608840852
"Control","APC4","APC4_Control","Dolichandrone atrovirens",1440,40,1.4,"browsed",17,0.6,0.46,0.847297860387204
"Control","APC4","APC4_Control","Dolichandrone atrovirens",1441,100,2.9,"none",40,0.7,0.46,1.42138568093116
"Control","APC8","APC8_Control","Wrightia tinctoria",3721,40,3.1,"none",17,1.3,0.56,0.86903784702361
"Control","APC8","APC8_Control","Dolichandrone atrovirens",3726,90,2.7,"none",18,2.4,0.56,0.117783035656384
"Control","APC8","APC8_Control","Dolichandrone atrovirens",3727,110,2.5,"none",17,1.3,0.56,0.653926467406664
"Control","APC8","APC8_Control","Dolichandrone atrovirens",3729,21,1.7,"browsed",12,1.4,0.56,0.194156014440957
"Control","APC8","APC8_Control","Dolichandrone atrovirens",3731,80,2.1,"none",NA,NA,NA,NA
"Control","APC8","APC8_Control","Dolichandrone atrovirens",3737,65,2.5,"none",18,3,0.56,-0.182321556793955
"Control","APC8","APC8_Control","Dolichandrone atrovirens",3738,47,2.5,"none",26,2.4,0.56,0.0408219945202553
"Control","APC8","APC8_Control","Dolichandrone atrovirens",3739,90,3.7,"none",18,2.4,0.56,0.432864082296279
"Control","APC8","APC8_Control","Dolichandrone atrovirens",3740,37,2.2,"browsed",25,1.4,0.56,0.451985123743057
"Control","APC8","APC8_Control","Dolichandrone atrovirens",3752,120,2.5,"none",80,1.3,0.56,0.653926467406664
"Control","APA6","APA6_Control","Cassia fistula",3875,160,3.5,"none",10,2,0.23,0.559615787935423
"Control","APA6","APA6_Control","Cassia fistula",3876,148,4.3,"none",15,2,0.23,0.765467842139571
"Control","APA6","APA6_Control","Ziziphus mauritiana",3877,70,2.5,"none",20,1.5,0.23,0.510825623765991
"Control","APA6","APA6_Control","Dolichandrone atrovirens",3880,64,2.6,"none",10,2,0.23,0.262364264467491
"Control","APA7","APA7_Control","Carissa carandas",3905,34,2,"none",20,0.7,0.87,1.04982212449868
"Control","APA7","APA7_Control","Cassia fistula",3907,60,1.8,"none",16,3,0.87,-0.510825623765991
"Control","APA7","APA7_Control","Acacia leucophloea",3910,90,2.3,"none",10,2,0.87,0.139761942375159
"Control","APA7","APA7_Control","Cassia fistula",3911,50,1.1,"none",20,1.3,0.87,-0.167054084663166
"Control","APA7","APA7_Control","Carissa carandas",3912,150,3.2,"none",72,1.4,0.87,0.826678573184468
"Control","APA7","APA7_Control","Cassia fistula",3913,65,3,"none",10,2,0.87,0.405465108108164
"Control","APA6","APA6_Control","Acacia leucophloea",3918,90,1.8,"none",40,2.3,0.23,-0.245122458032985
"Control","APA7","APA7_Control","Cassia fistula",3978,50,1.1,"none",20,1.3,0.87,-0.167054084663166
"Control","APA7","APA7_Control","Cassia fistula",3979,90,1.4,"none",46,0.6,0.87,0.847297860387204
"Control","APA7","APA7_Control","Cassia fistula",3982,50,0.9,"none",10,2,0.87,-0.798507696217772
"Control","APC6","APC6_Control","Dolichandrone atrovirens",4505,85,1.7,"none",24,2.4,2.86,-0.344840486291729
"Control","APC6","APC6_Control","Dolichandrone atrovirens",4508,38,2.7,"none",42,3.8,2.86,-0.341749293722057
"Control","APC6","APC6_Control","Dolichandrone atrovirens",4509,41,2.7,"none",78,3.1,2.86,-0.138150338480817
"Control","APC6","APC6_Control","Dolichandrone atrovirens",4511,125,3,"none",18,3,2.86,0
"Control","APC6","APC6_Control","Dolichandrone atrovirens",4514,120,4.6,"none",18,3,2.86,0.427444014826939
"Control","APC6","APC6_Control","Dolichandrone atrovirens",4520,71,3.2,"none",75,1.9,2.86,0.521296923633286
"Control","APC6","APC6_Control","Dolichandrone atrovirens",4522,37,2.1,"none",20,2.4,2.86,-0.133531392624523
"Control","APC6","APC6_Control","Dolichandrone atrovirens",4523,77,3.2,"none",53,1.9,2.86,0.521296923633286
"Control","APC6","APC6_Control","Dolichandrone atrovirens",4524,120,4.2,"none",74,2.1,2.86,0.693147180559945
"Control","APC6","APC6_Control","Dolichandrone atrovirens",4525,150,5,"none",18,0.3,2.86,2.81341071676004
"Control","APC6","APC6_Control","Dolichandrone atrovirens",4526,83,4.3,"none",36,1.2,2.86,1.27629346590556
"Control","APC6","APC6_Control","Dolichandrone atrovirens",4527,112,4.6,"none",25,1.3,2.86,1.26369203902756
"Control","APC6","APC6_Control","Dolichandrone atrovirens",4528,78,3,"none",71,1.8,2.86,0.510825623765991
"Control","APC6","APC6_Control","Dolichandrone atrovirens",4529,75,4.1,"none",37,2.5,2.86,0.494696241836107
"Control","APC6","APC6_Control","Dolichandrone atrovirens",4530,136,4.5,"none",71,3.2,2.86,0.340926586970593
"Control","APC11","APC11_Control","Dolichandrone atrovirens",4606,87,4.2,"none",37,0.4,0.87,2.35137525716348
"Control","APC11","APC11_Control","Dolichandrone atrovirens",4607,90,2.3,"browsed",27,0.4,0.87,1.74919985480926
"Control","APC11","APC11_Control","Dolichandrone atrovirens",4608,120,1.5,"none",38,0.6,0.87,0.916290731874155
"Control","APC11","APC11_Control","Dolichandrone atrovirens",4609,80,1.3,"browsed",90,2.6,0.87,-0.693147180559945
"Control","APC11","APC11_Control","Dolichandrone atrovirens",4610,40,0.6,"none",30,0.5,0.87,0.182321556793955
"Control","APC11","APC11_Control","Dolichandrone atrovirens",4611,95,1.1,"browsed",15,0.3,0.87,1.29928298413026
"Control","APC11","APC11_Control","Dolichandrone atrovirens",4612,80,1.4,"none",50,0.7,0.87,0.693147180559945
"Control","APC11","APC11_Control","Dolichandrone atrovirens",4613,50,0.7,"none",34,1.1,0.87,-0.451985123743057
"Control","APC11","APC11_Control","Dalbergia sissoo",4614,70,1.4,"none",45,0.4,0.87,1.25276296849537
"Control","APC11","APC11_Control","Dolichandrone atrovirens",4615,170,4.1,"none",15,0.4,0.87,2.32727770558442
"Control","APC11","APC11_Control","Dolichandrone atrovirens",4616,50,0.8,"none",35,0.6,0.87,0.287682072451781
"Control","APC11","APC11_Control","Dolichandrone atrovirens",4617,75,1.3,"browsed",16,0.3,0.87,1.46633706879343
"Control","APC11","APC11_Control","Dolichandrone atrovirens",4618,80,1.4,"none",55,1.1,0.87,0.241162056816888
"Control","APC11","APC11_Control","Dolichandrone atrovirens",4619,60,1.6,"none",43,0.5,0.87,1.16315080980568
"Control","APC11","APC11_Control","Dolichandrone atrovirens",4620,60,0.6,"browsed",28,0.6,0.87,0
"Control","APC11","APC11_Control","Dolichandrone atrovirens",4621,36,0.7,"none",50,0.7,0.87,0
"Control","APC11","APC11_Control","Dolichandrone atrovirens",4622,70,1.1,"none",22,0.7,0.87,0.451985123743057
"Control","APC11","APC11_Control","Dolichandrone atrovirens",4623,55,0.8,"none",45,1.5,0.87,-0.628608659422374
"Control","APC11","APC11_Control","Dolichandrone atrovirens",4624,80,1.7,"browsed",30,0.7,0.87,0.887303195000903
"Control","APC11","APC11_Control","Dolichandrone atrovirens",4625,70,1.1,"none",36,0.4,0.87,1.01160091167848
"Control","APC11","APC11_Control","Dolichandrone atrovirens",4626,55,1.1,"browsed",35,0.5,0.87,0.78845736036427
"Control","APC11","APC11_Control","Dolichandrone atrovirens",4627,115,1.9,"browsed",30,0.6,0.87,1.15267950993839
"Control","APC11","APC11_Control","Dolichandrone atrovirens",4628,42,1.1,"none",50,1.1,0.87,0
"Control","APC11","APC11_Control","Dolichandrone atrovirens",4629,65,1.8,"browsed",65,1.4,0.87,0.251314428280906
"Control","APC11","APC11_Control","Dolichandrone atrovirens",4630,40,0.9,"none",48,0.6,0.87,0.405465108108164
"Control","APC11","APC11_Control","Dolichandrone atrovirens",4631,45,0.8,"none",35,0.6,0.87,0.287682072451781
"Control","APC11","APC11_Control","Cassia fistula",4632,60,1.1,"trampled",55,0.6,0.87,0.606135803570316
"Control","APC11","APC11_Control","Dolichandrone atrovirens",4633,95,1.6,"browsed",34,0.7,0.87,0.826678573184468
"Control","APC11","APC11_Control","Dolichandrone atrovirens",4634,100,2.6,"none",48,0.6,0.87,1.46633706879343
"Control","APC11","APC11_Control","Dolichandrone atrovirens",4635,80,2.7,"browsed",83,1.8,0.87,0.405465108108164
"Control","APA12","APA12_Control","Dalbergia paniculata",4788,130,2.1,"none",41,0.5,1.51,1.43508452528932
"Control","APA12","APA12_Control","Azadirachata indica",4789,125,1.9,"none",50,0.4,1.51,1.55814461804655
"Control","APA12","APA12_Control","Cassia fistula",4790,100,1.2,"none",40,0.5,1.51,0.8754687373539
"Control","APA12","APA12_Control","Cassia fistula",4791,65,0.8,"none",10,0.4,1.51,0.693147180559945
"Control","APA12","APA12_Control","Dalbergia paniculata",4792,100,0.7,"none",35,0.5,1.51,0.336472236621213
"Control","APA12","APA12_Control","Wrightia tinctoria",4793,55,1.8,"partly_dried",51,0.8,1.51,0.810930216216329
"Control","APA12","APA12_Control","Dalbergia paniculata",4795,130,1.7,"none",27,0.3,1.51,1.73460105538811
"Control","APA12","APA12_Control","Cassia fistula",4796,78,0.7,"none",70,0.8,1.51,-0.133531392624523
"Control","APA12","APA12_Control","Cassia fistula",4797,60,0.8,"none",18,0.4,1.51,0.693147180559945
"Control","APA12","APA12_Control","Dalbergia paniculata",4798,35,0.6,"none",16,0.3,1.51,0.693147180559945
"Control","APA12","APA12_Control","Cassia fistula",4799,60,1.3,"none",80,1.1,1.51,0.167054084663166
"Control","APA12","APA12_Control","Cassia fistula",4800,90,1.8,"none",25,0.3,1.51,1.79175946922806
"Control","APA12","APA12_Control","Cassia fistula",4901,65,1,"none",51,0.7,1.51,0.356674943938732
"Control","APA12","APA12_Control","Cassia fistula",4902,110,2.6,"none",30,0.3,1.51,2.15948424935337
"Control","APA12","APA12_Control","Cassia fistula",4903,40,0.6,"none",50,0.6,1.51,0
"Control","APA12","APA12_Control","Azadirachata indica",4904,40,0.7,"none",50,0.5,1.51,0.336472236621213
"Control","APA12","APA12_Control","Dalbergia paniculata",4905,95,1.8,"none",20,0.3,1.51,1.79175946922806
"Control","APA12","APA12_Control","Dalbergia paniculata",4906,70,1.1,"none",28,0.3,1.51,1.29928298413026
"Control","APA12","APA12_Control","Dalbergia paniculata",4907,130,2.1,"none",30,0.3,1.51,1.94591014905531
"Control","APA12","APA12_Control","Dalbergia paniculata",4908,40,0.9,"none",75,0.7,1.51,0.251314428280906
"Control","APA12","APA12_Control","Wrightia tinctoria",4909,100,2.4,"none",44,0.6,1.51,1.38629436111989
"Control","APC12","APC12_Control","Dolichandrone atrovirens",4952,80,0.9,"none",18,0.4,1.64,0.810930216216329
"Control","APC12","APC12_Control","Dolichandrone atrovirens",4953,35,0.8,"none",64,0.8,1.64,0
"Control","APC12","APC12_Control","Dolichandrone atrovirens",4954,90,2,"none",56,0.7,1.64,1.04982212449868
"Control","APC12","APC12_Control","Dolichandrone atrovirens",4955,110,2.1,"none",58,0.7,1.64,1.09861228866811
"Control","APC12","APC12_Control","Dolichandrone atrovirens",4956,100,1.6,"none",70,3.1,1.64,-0.661398482245365
"Control","APC12","APC12_Control","Dolichandrone atrovirens",4957,60,1.3,"none",26,0.5,1.64,0.955511445027436
"Control","APC12","APC12_Control","Dolichandrone atrovirens",4958,120,2.5,"browsed",23,0.3,1.64,2.12026353620009
"Control","APC12","APC12_Control","Dolichandrone atrovirens",4959,80,1.8,"none",13,0.3,1.64,1.79175946922806
"Control","APC12","APC12_Control","Dolichandrone atrovirens",4960,150,2.5,"none",23,0.4,1.64,1.83258146374831
"Control","APC12","APC12_Control","Dolichandrone atrovirens",4961,125,2.1,"none",13,0.3,1.64,1.94591014905531
"Control","APC12","APC12_Control","Dolichandrone atrovirens",4962,90,4.1,"none",17,0.4,1.64,2.32727770558442
"Control","APC12","APC12_Control","Dolichandrone atrovirens",4963,65,1.5,"none",8,2,1.64,-0.287682072451781
"Control","APC12","APC12_Control","Dolichandrone atrovirens",4964,55,1.1,"none",70,2,1.64,-0.59783700075562
"Control","APC12","APC12_Control","Dolichandrone atrovirens",4965,25,0.8,"none",60,0.3,1.64,0.980829253011726
"Control","APC12","APC12_Control","Dolichandrone atrovirens",4966,60,1.3,"none",36,0.5,1.64,0.955511445027436
"Control","APC12","APC12_Control","Dolichandrone atrovirens",4967,30,0.7,"none",100,2.9,1.64,-1.42138568093116
"Control","APC12","APC12_Control","Wrightia tinctoria",4968,55,0.9,"none",37,0.4,1.64,0.810930216216329
"Control","APC12","APC12_Control","Dolichandrone atrovirens",4969,20,2.5,"none",16,0.3,1.64,2.12026353620009
"Control","APC12","APC12_Control","Dolichandrone atrovirens",4970,15,2.3,"browsed",14,0.3,1.64,2.03688192726104
"Control","APC10","APC10_Control","Acacia chundra",4971,12,0.4,"partly_dried",32,0.3,1.52,0.287682072451781
"Control","APC10","APC10_Control","Acacia chundra",4972,100,1.7,"none",30,0.4,1.52,1.44691898293633
"Control","APC10","APC10_Control","Acacia chundra",4973,140,4.1,"partly_dried",49,0.4,1.52,2.32727770558442
"Control","APC10","APC10_Control","Dolichandrone atrovirens",4974,60,1.1,"browsed",26,0.5,1.52,0.78845736036427
"Control","APC10","APC10_Control","Acacia chundra",4975,40,0.6,"none",35,0.8,1.52,-0.287682072451781
"Control","APC10","APC10_Control","Acacia chundra",4976,30,0.8,"none",68,0.5,1.52,0.470003629245736
"Control","APC10","APC10_Control","Acacia chundra",4977,80,0.7,"none",55,0.4,1.52,0.559615787935423
"Control","APC10","APC10_Control","Acacia chundra",4978,90,0.7,"none",40,0.4,1.52,0.559615787935423
"Control","APC10","APC10_Control","Cassia fistula",4979,80,1.1,"none",16,0.5,1.52,0.78845736036427
"Control","APC10","APC10_Control","Acacia chundra",4980,70,1.7,"none",24,0.3,1.52,1.73460105538811
"Control","APC10","APC10_Control","Dolichandrone atrovirens",4981,55,1.2,"none",17,2.5,1.52,-0.733969175080201
"Control","APC10","APC10_Control","Dolichandrone atrovirens",4982,160,1.3,"none",23,0.5,1.52,0.955511445027436
"Control","APC10","APC10_Control","Acacia chundra",4983,50,0.6,"trampled",30,0.3,1.52,0.693147180559945
"Control","APC10","APC10_Control","Acacia chundra",4984,130,1.4,"none",35,0.3,1.52,1.54044504094715
"Control","APC10","APC10_Control","Cassia fistula",4985,120,1.5,"none",50,0.6,1.52,0.916290731874155
"Control","APC10","APC10_Control","Dolichandrone atrovirens",4986,70,0.9,"none",22,1.4,1.52,-0.441832752279039
"Control","APC10","APC10_Control","Acacia chundra",4987,85,2.6,"none",39,0.5,1.52,1.64865862558738
"Control","APC10","APC10_Control","Acacia chundra",4988,100,1.7,"none",40,0.3,1.52,1.73460105538811
"Control","APC10","APC10_Control","Acacia chundra",4989,115,1.2,"none",19,2,1.52,-0.510825623765991
"Control","APC10","APC10_Control","Dolichandrone atrovirens",4990,90,0.9,"none",28,0.6,1.52,0.405465108108164
"Control","APC10","APC10_Control","Dolichandrone atrovirens",4991,150,1.8,"none",20,1.4,1.52,0.251314428280906
"Control","APC10","APC10_Control","Dolichandrone atrovirens",4992,100,2.5,"none",23,0.6,1.52,1.42711635564015
"Control","APC10","APC10_Control","Dolichandrone atrovirens",4993,110,0.7,"none",18,0.5,1.52,0.336472236621213
"Control","APC10","APC10_Control","Dolichandrone atrovirens",4994,60,0.4,"none",37,0.6,1.52,-0.405465108108164
"Control","APC10","APC10_Control","Dolichandrone atrovirens",4995,65,2.7,"none",26,1.5,1.52,0.587786664902119
"Control","APC10","APC10_Control","Acacia chundra",4996,70,1.8,"none",23,0.4,1.52,1.50407739677627
"Control","APC10","APC10_Control","Acacia chundra",4997,90,2.1,"none",40,1.4,1.52,0.405465108108164
"Control","APC10","APC10_Control","Acacia chundra",4998,70,1.3,"none",60,0.4,1.52,1.17865499634165
"Control","APC10","APC10_Control","Dolichandrone atrovirens",4999,50,1.1,"none",35,0.6,1.52,0.606135803570316
"Control","APC10","APC10_Control","Dolichandrone atrovirens",5000,120,2.1,"browsed",40,0.7,1.52,1.09861228866811
"CPFA","APC1","APC1_CPFA","Acacia chundra",1041,110,1.8,"none",93,1.2,1,0.405465108108164
"CPFA","APC1","APC1_CPFA","Acacia chundra",1042,180,1.8,"none",90,1.5,1,0.182321556793955
"CPFA","APC1","APC1_CPFA","Erythroxylum monogynum",1060,60,0.6,"none",60,0.5,1,0.182321556793955
"CPFA","APC1","APC1_CPFA","Dolichandrone atrovirens",1061,132,2.7,"none",100,1.7,1,0.462623521948113
"CPFA","APC1","APC1_CPFA","Acacia chundra",1064,135,1.1,"none",76,1,1,0.0953101798043249
"CPFA","APC1","APC1_CPFA","Dolichandrone atrovirens",1065,80,1.6,"none",70,1.3,1,0.207639364778245
"CPFA","APC1","APC1_CPFA","Acacia chundra",1066,90,1.8,"none",70,1.3,1,0.325422400434628
"CPFA","APC1","APC1_CPFA","Acacia chundra",1067,51,0.9,"partly_dried",36,0.7,1,0.251314428280906
"CPFA","APC1","APC1_CPFA","Dolichandrone atrovirens",1069,55,1.1,"browsed",45,0.9,1,0.200670695462151
"CPFA","APC1","APC1_CPFA","Dolichandrone atrovirens",1071,34,1.1,"browsed",25,1,1,0.0953101798043249
"CPFA","APC1","APC1_CPFA","Acacia chundra",1072,80,1.8,"none",35,0.9,1,0.693147180559945
"CPFA","APC1","APC1_CPFA","Gardenia gummifera",1073,24,1.4,"partly_dried",20,0.6,1,0.847297860387204
"CPFA","APC1","APC1_CPFA","Dolichandrone atrovirens",1074,28,1.1,"browsed",30,0.7,1,0.451985123743057
"CPFA","APC1","APC1_CPFA","Dolichandrone atrovirens",1076,60,1.8,"browsed",54,1.9,1,-0.0540672212702756
"CPFA","APC1","APC1_CPFA","Acacia chundra",1077,75,0.9,"none",33,0.7,1,0.251314428280906
"CPFA","APC1","APC1_CPFA","Acacia chundra",1078,70,0.9,"none",50,1,1,-0.105360515657826
"CPFA","APC1","APC1_CPFA","Dolichandrone atrovirens",1079,35,0.4,"none",10,0.3,1,0.287682072451781
"CPFA","APC1","APC1_CPFA","Acacia chundra",1080,50,1.1,"none",30,0.7,1,0.451985123743057
"CPFA","APC1","APC1_CPFA","Erythroxylum monogynum",1081,100,1.1,"none",40,0.6,1,0.606135803570316
"CPFA","APC1","APC1_CPFA","Acacia chundra",1082,110,1.4,"none",78,1.3,1,0.0741079721537218
"CPFA","APC1","APC1_CPFA","Acacia chundra",1083,115,2.1,"none",70,1.7,1,0.211309093667207
"CPFA","APC1","APC1_CPFA","Dolichandrone atrovirens",1084,53,1.9,"browsed",40,1.8,1,0.0540672212702756
"CPFA","APC1","APC1_CPFA","Morinda pubescens",1085,45,1.1,"none",14,0.4,1,1.01160091167848
"CPFA","APC1","APC1_CPFA","Erythroxylum monogynum",1086,127,0.8,"partly_dried",80,0.7,1,0.133531392624523
"CPFA","APC1","APC1_CPFA","Erythroxylum monogynum",1088,110,0.7,"partly_dried",60,0.6,1,0.154150679827258
"CPFA","APA18","APA18_CPFA","Dolichandrone atrovirens",1101,30,2,"none",56,1,0.87,0.693147180559945
"CPFA","APA18","APA18_CPFA","Dolichandrone atrovirens",1102,21,1.5,"browsed",33,0.8,0.87,0.628608659422374
"CPFA","APA18","APA18_CPFA","Dolichandrone atrovirens",1105,11,1.2,"browsed",20,0.8,0.87,0.405465108108164
"CPFA","APA18","APA18_CPFA","Dolichandrone atrovirens",1106,38,3,"browsed",60,1.3,0.87,0.836248024200619
"CPFA","APC5","APC5_CPFA","Premna tomentosa",1367,135,1.8,"none",82,0.9,0.17,0.693147180559945
"CPFA","APC5","APC5_CPFA","Azadirachata indica",1368,50,0.4,"none",40,0.3,0.17,0.287682072451781
"CPFA","APC5","APC5_CPFA","Dolichandrone atrovirens",1369,155,2.6,"none",100,2.2,0.17,0.167054084663166
"CPFA","APC5","APC5_CPFA","Wrightia tinctoria",1370,100,2.6,"none",95,2.1,0.17,0.213574100298059
"CPFA","APC5","APC5_CPFA","Wrightia tinctoria",1371,76,1.9,"partly_dried",85,1.9,0.17,0
"CPFA","APC5","APC5_CPFA","Dolichandrone atrovirens",1374,100,2.1,"browsed",70,1.4,0.17,0.405465108108164
"CPFA","APC4","APC4_CPFA","Dolichandrone atrovirens",1442,100,3.8,"none",72,3.4,0.51,0.111225635110224
"CPFA","APC4","APC4_CPFA","Acacia chundra",1443,100,1.2,"none",70,0.9,0.51,0.287682072451781
"CPFA","APC4","APC4_CPFA","Dolichandrone atrovirens",1444,80,1.9,"browsed",60,0.9,0.51,0.747214401830221
"CPFA","APC4","APC4_CPFA","Dolichandrone atrovirens",1445,20,1.2,"none",20,0.5,0.51,0.8754687373539
"CPFA","APC4","APC4_CPFA","Acacia chundra",1446,80,1.1,"none",70,0.8,0.51,0.318453731118535
"CPFA","APC4","APC4_CPFA","Acacia chundra",1447,110,1.6,"none",69,1.1,0.51,0.374693449441411
"CPFA","APC4","APC4_CPFA","Dolichandrone atrovirens",1448,150,2.3,"none",80,1.2,0.51,0.650587566141149
"CPFA","APC4","APC4_CPFA","Acacia chundra",1449,80,1.7,"none",73,1.4,0.51,0.194156014440957
"CPFA","APC4","APC4_CPFA","Acacia chundra",1450,110,2.7,"none",85,1.7,0.51,0.462623521948113
"CPFA","APC4","APC4_CPFA","Acacia chundra",1451,102,2.5,"none",75,2.3,0.51,0.0833816089390512
"CPFA","APC4","APC4_CPFA","Acacia chundra",1452,60,0.9,"none",36,0.6,0.51,0.405465108108164
"CPFA","APC4","APC4_CPFA","Dolichandrone atrovirens",1453,90,1.2,"browsed",90,1.1,0.51,0.0870113769896297
"CPFA","APC4","APC4_CPFA","Acacia chundra",1455,75,1.7,"none",58,0.8,0.51,0.75377180237638
"CPFA","APC4","APC4_CPFA","Acacia chundra",1456,90,2.8,"partly_dried",93,1.9,0.51,0.387765531008763
"CPFA","APC4","APC4_CPFA","Acacia chundra",1457,90,2.6,"none",75,1.5,0.51,0.550046336919272
"CPFA","APC4","APC4_CPFA","Acacia chundra",1458,50,1.3,"none",32,1.1,0.51,0.167054084663166
"CPFA","APC4","APC4_CPFA","Cassia fistula",1459,63,1.1,"none",49,0.8,0.51,0.318453731118535
"CPFA","APC4","APC4_CPFA","Dolichandrone atrovirens",1460,58,1.5,"browsed",53,1.2,0.51,0.22314355131421
"CPFA","APC4","APC4_CPFA","Morinda pubescens",1462,90,1.2,"partly_dried",87,1.2,0.51,0
"CPFA","APC4","APC4_CPFA","Acacia chundra",1464,65,1.4,"none",60,1.3,0.51,0.0741079721537218
"CPFA","APC12","APC12_CPFA","Acacia chundra",3279,75,0.9,"none",20,0.4,1.74,0.810930216216329
"CPFA","APC12","APC12_CPFA","Acacia chundra",3280,100,1.1,"none",50,0.8,1.74,0.318453731118535
"CPFA","APC12","APC12_CPFA","Acacia chundra",3281,65,0.7,"partly_dried",80,1.2,1.74,-0.538996500732687
"CPFA","APC12","APC12_CPFA","Acacia chundra",3282,100,1.6,"partly_dried",85,1.3,1.74,0.207639364778245
"CPFA","APC12","APC12_CPFA","Acacia chundra",3283,100,1.1,"none",70,1.2,1.74,-0.0870113769896297
"CPFA","APA19","APA19_CPFA","Cassia fistula",3401,120,1.6,"none",63,1.4,1.65,0.133531392624523
"CPFA","APA19","APA19_CPFA","Dolichandrone atrovirens",3402,100,1.6,"none",64,1,1.65,0.470003629245736
"CPFA","APA19","APA19_CPFA","Dolichandrone atrovirens",3403,36,1.3,"browsed",55,0.9,1.65,0.367724780125317
"CPFA","APA19","APA19_CPFA","Dolichandrone atrovirens",3404,21,1.2,"browsed",23,0.5,1.65,0.8754687373539
"CPFA","APA19","APA19_CPFA","Dolichandrone atrovirens",3405,32,2,"browsed",29,0.9,1.65,0.798507696217772
"CPFA","APA19","APA19_CPFA","Dolichandrone atrovirens",3406,9,0.8,"browsed",56,0.9,1.65,-0.117783035656383
"CPFA","APA19","APA19_CPFA","Eucalyptus globulus",3407,12,1.2,"partly_dried",49,1,1.65,0.182321556793955
"CPFA","APA19","APA19_CPFA","Dolichandrone atrovirens",3408,22,1.1,"browsed",47,1,1.65,0.0953101798043249
"CPFA","APA19","APA19_CPFA","Dolichandrone atrovirens",3409,36,2.4,"browsed",32,1,1.65,0.8754687373539
"CPFA","APA19","APA19_CPFA","Dolichandrone atrovirens",3410,21,1.2,"browsed",34,0.5,1.65,0.8754687373539
"CPFA","APA19","APA19_CPFA","Ziziphus mauritiana",3413,22,1.9,"partly_dried",16,0.6,1.65,1.15267950993839
"CPFA","APC13","APC13_CPFA","Tectona grandis",3461,21,1.3,"partly_dried",NA,NA,NA,NA
"CPFA","APC7","APC7_CPFA","Chloroxylon swietenia",3701,59,2.7,"browsed",48,1,0.41,0.993251773010283
"CPFA","APC7","APC7_CPFA","Chloroxylon swietenia",3702,70,1.2,"none",40,1.3,0.41,-0.0800427076735365
"CPFA","APC7","APC7_CPFA","Chloroxylon swietenia",3704,88,1.2,"browsed",40,1.5,0.41,-0.22314355131421
"CPFA","APC7","APC7_CPFA","Chloroxylon swietenia",3705,80,2.1,"none",29,1,0.41,0.741937344729377
"CPFA","APC7","APC7_CPFA","Chloroxylon swietenia",3706,80,1.2,"none",55,1.7,0.41,-0.348306694268216
"CPFA","APC7","APC7_CPFA","Chloroxylon swietenia",3707,45,1.8,"browsed",65,1.3,0.41,0.325422400434628
"CPFA","APC7","APC7_CPFA","Chloroxylon swietenia",3708,50,2,"browsed",36,1,0.41,0.693147180559945
"CPFA","APC2","APC2_CPFA","Pongamia pinnata",3716,40,4,"partly_dried",37,1.6,1.2,0.916290731874155
"CPFA","APC7","APC7_CPFA","Chloroxylon swietenia",3719,38,2.4,"none",51,1.3,0.41,0.613104472886409
"CPFA","APC7","APC7_CPFA","Chloroxylon swietenia",3723,135,3.7,"none",33,1,0.41,1.30833281965018
"CPFA","APC7","APC7_CPFA","Chloroxylon swietenia",3728,110,3.2,"none",86,1.9,0.41,0.521296923633286
"CPFA","APC7","APC7_CPFA","Chloroxylon swietenia",3733,70,1.9,"none",65,1.5,0.41,0.23638877806423
"CPFA","APC7","APC7_CPFA","Chloroxylon swietenia",3741,120,3.2,"none",21,0.4,0.41,2.07944154167984
"CPFA","APC7","APC7_CPFA","Chloroxylon swietenia",3742,90,2.1,"none",33,1,0.41,0.741937344729377
"CPFA","APC7","APC7_CPFA","Chloroxylon swietenia",3743,30,0.8,"trampled",74,1.1,0.41,-0.318453731118535
"CPFA","APC7","APC7_CPFA","Chloroxylon swietenia",3744,105,2.1,"none",47,1.9,0.41,0.100083458556983
"CPFA","APC7","APC7_CPFA","Chloroxylon swietenia",3745,70,1.5,"none",85,1.8,0.41,-0.182321556793955
"CPFA","APC2","APC2_CPFA","Tectona grandis",3746,90,2.4,"none",NA,NA,NA,NA
"CPFA","APC7","APC7_CPFA","Chloroxylon swietenia",3746,75,2,"none",91,1.8,0.41,0.105360515657826
"CPFA","APC2","APC2_CPFA","Tectona grandis",3747,70,2,"none",NA,NA,NA,NA
"CPFA","APC7","APC7_CPFA","Chloroxylon swietenia",3747,110,2.2,"none",86,2.3,0.41,-0.0444517625708336
"CPFA","APC7","APC7_CPFA","Chloroxylon swietenia",3748,75,2.6,"none",81,1.1,0.41,0.860201265223111
"CPFA","APC13","APC13_CPFA","Pongamia pinnata",3749,142,2.5,"none",42,2.8,0.41,-0.113328685307003
"CPFA","APC7","APC7_CPFA","Cassia fistula",3749,120,2.8,"none",65,1.4,0.41,0.693147180559945
"CPFA","APC7","APC7_CPFA","Chloroxylon swietenia",3750,27,2.1,"browsed",25,1,0.41,0.741937344729377
"CPFA","APC2","APC2_CPFA","Wrightia tinctoria",3751,84,3.1,"none",33,0.5,1.2,1.82454929205105
"CPFA","APC13","APC13_CPFA","Pongamia pinnata",3753,37,1.3,"none",47,0.8,0.41,0.485507815781701
"CPFA","APC2","APC2_CPFA","Pongamia pinnata",3754,15,0.8,"trampled",18,0.6,1.2,0.287682072451781
"CPFA","APC13","APC13_CPFA","Pongamia pinnata",3759,65,1.5,"partly_dried",43,1.7,0.41,-0.125163142954006
"CPFA","APC7","APC7_CPFA","Chloroxylon swietenia",3759,81,2.5,"browsed",77,0.8,0.41,1.13943428318836
"CPFA","APC13","APC13_CPFA","Hardwickia binata",3760,69,2.8,"none",28,1.5,0.41,0.624154309072994
"CPFA","APC13","APC13_CPFA","Tectona grandis",3762,120,1,"none",NA,NA,NA,NA
"CPFA","APC13","APC13_CPFA","Tectona grandis",3763,25,2.7,"partly_dried",NA,NA,NA,NA
"CPFA","APC13","APC13_CPFA","Pongamia pinnata",3764,77,2.8,"none",56,1.6,0.41,0.559615787935422
"CPFA","APC13","APC13_CPFA","Hardwickia binata",3770,90,2.2,"none",23,1.1,0.41,0.693147180559945
"CPFA","APC13","APC13_CPFA","Pongamia pinnata",3771,41,2.1,"none",45,1.5,0.41,0.336472236621213
"CPFA","APC13","APC13_CPFA","Tectona grandis",3773,77,3.3,"none",NA,NA,NA,NA
"CPFA","APC13","APC13_CPFA","Hardwickia binata",3777,32,2.1,"browsed",20,0.8,0.41,0.965080896043587
"CPFA","APC13","APC13_CPFA","Pongamia pinnata",3779,52,2.7,"partly_dried",42,1.3,0.41,0.730887508542792
"CPFA","APC13","APC13_CPFA","Hardwickia binata",3780,100,3.1,"none",26,1.6,0.41,0.661398482245365
"CPFA","APC13","APC13_CPFA","Hardwickia binata",3781,250,5.1,"none",22,1,0.41,1.62924053973028
"CPFA","APC13","APC13_CPFA","Hardwickia binata",3782,53,3,"none",29,1.5,0.41,0.693147180559945
"CPFA","APC13","APC13_CPFA","Pongamia pinnata",3785,15,2.1,"partly_dried",45,1.3,0.41,0.479573080261886
"CPFA","APA15","APA15_CPFA","Wrightia tinctoria",3867,25,1.1,"trampled",70,1.5,0.69,-0.310154928303839
"CPFA","APA15","APA15_CPFA","Wrightia tinctoria",3868,32,2.3,"trampled",82,2.5,0.69,-0.0833816089390512
"CPFA","APA15","APA15_CPFA","Wrightia tinctoria",3869,31,2.7,"partly_dried",33,2.6,0.69,0.0377403279828471
"CPFA","APA15","APA15_CPFA","Wrightia tinctoria",3870,45,2.1,"none",60,1.8,0.69,0.154150679827258
"CPFA","APA15","APA15_CPFA","Wrightia tinctoria",3871,47,2.4,"none",90,1.9,0.69,0.233614851181505
"CPFA","APA15","APA15_CPFA","Wrightia tinctoria",3872,109,2.5,"none",68,1.5,0.69,0.510825623765991
"CPFA","APA15","APA15_CPFA","Wrightia tinctoria",3874,123,3.7,"none",32,1.8,0.69,0.72054615474806
"CPFA","APA10","APA10_CPFA","Dolichandrone atrovirens",3901,66,3.2,"none",20,1.4,0.5,0.826678573184468
"CPFA","APA10","APA10_CPFA","Dolichandrone atrovirens",3902,44,2.1,"none",33,0.5,0.5,1.43508452528932
"CPFA","APA10","APA10_CPFA","Dolichandrone atrovirens",3903,12,2.1,"browsed",49,2.1,0.5,0
"CPFA","APA10","APA10_CPFA","Dolichandrone atrovirens",3904,44,2,"browsed",31,0.5,0.5,1.38629436111989
"CPFA","APA10","APA10_CPFA","Dolichandrone atrovirens",3906,110,2.1,"none",30,0.6,0.5,1.25276296849537
"CPFA","APA7","APA7_CPFA","Dolichandrone atrovirens",3927,50,2.3,"browsed",67,1.4,0.47,0.496436886313891
"CPFA","APA7","APA7_CPFA","Dolichandrone atrovirens",3956,110,2.5,"none",48,0.9,0.47,1.02165124753198
"CPFA","APA7","APA7_CPFA","Dolichandrone atrovirens",3973,55,2.6,"none",46,0.4,0.47,1.87180217690159
"CPFA","APA10","APA10_CPFA","Dolichandrone atrovirens",3974,140,3.4,"none",30,0.7,0.5,1.58045037556085
"CPFA","APA10","APA10_CPFA","Dolichandrone atrovirens",3975,90,2.8,"none",44,0.9,0.5,1.13497993283898
"CPFA","APA10","APA10_CPFA","Dolichandrone atrovirens",3976,30,0.8,"none",39,0.5,0.5,0.470003629245736
"CPFA","APA10","APA10_CPFA","Dolichandrone atrovirens",3977,40,1.2,"browsed",27,0.5,0.5,0.8754687373539
"CPFA","APA7","APA7_CPFA","Dolichandrone atrovirens",3980,45,1.2,"none",43,0.8,0.47,0.405465108108164
"CPFA","APA7","APA7_CPFA","Dolichandrone atrovirens",3981,70,1.8,"none",35,0.4,0.47,1.50407739677627
"CPFA","APA7","APA7_CPFA","Dolichandrone atrovirens",3984,25,1,"browsed",79,1.9,0.47,-0.641853886172395
"CPFA","APA7","APA7_CPFA","Dolichandrone atrovirens",3986,120,2.5,"none",48,0.6,0.47,1.42711635564015
"CPFA","APA7","APA7_CPFA","Tectona grandis",3987,90,2.5,"none",NA,NA,NA,NA
"CPFA","APC12","APC12_CPFA","Acacia chundra",4680,100,1.2,"none",80,1.1,1.74,0.0870113769896297
"CPFA","APC12","APC12_CPFA","Acacia chundra",4683,130,2.1,"none",75,1,1.74,0.741937344729377
"CPFA","APC12","APC12_CPFA","Acacia chundra",4684,105,1.7,"none",50,0.8,1.74,0.75377180237638
"CPFA","APC12","APC12_CPFA","Acacia chundra",4685,40,2.7,"trampled",70,0.9,1.74,1.09861228866811
"CPFA","APC12","APC12_CPFA","Acacia chundra",4686,45,1.1,"none",60,0.6,1.74,0.606135803570316
"CPFA","APC12","APC12_CPFA","Acacia chundra",4687,100,3.1,"none",45,0.6,1.74,1.64222773525709
"CPFA","APC12","APC12_CPFA","Acacia chundra",4688,90,1.8,"none",60,0.8,1.74,0.810930216216329
"CPFA","APC12","APC12_CPFA","Acacia chundra",4689,90,1.9,"none",60,0.6,1.74,1.15267950993839
"CPFA","APC12","APC12_CPFA","Acacia chundra",4690,100,1.2,"none",70,0.8,1.74,0.405465108108164
"CPFA","APC12","APC12_CPFA","Acacia chundra",4691,90,1.8,"none",90,0.9,1.74,0.693147180559945
"CPFA","APC12","APC12_CPFA","Acacia chundra",4692,80,0.8,"none",91,0.8,1.74,0
"CPFA","APC12","APC12_CPFA","Acacia chundra",4693,80,1.2,"none",40,0.5,1.74,0.8754687373539
"CPFA","APC12","APC12_CPFA","Acacia chundra",4694,130,1.6,"none",80,0.9,1.74,0.575364144903562
"CPFA","APC12","APC12_CPFA","Acacia chundra",4695,90,1.1,"none",60,0.5,1.74,0.78845736036427
"CPFA","APC12","APC12_CPFA","Acacia chundra",4696,90,1.8,"none",100,1,1.74,0.587786664902119
"CPFA","APC12","APC12_CPFA","Acacia chundra",4697,90,1.7,"none",75,0.9,1.74,0.635988766719997
"CPFA","APC12","APC12_CPFA","Acacia chundra",4698,170,1.4,"none",80,0.9,1.74,0.441832752279039
"CPFA","APC12","APC12_CPFA","Acacia chundra",4699,70,0.6,"partly_dried",70,1.6,1.74,-0.980829253011726
"CPFA","APA17","APA17_CPFA","Dolichandrone atrovirens",4733,130,1.8,"browsed",95,1.6,0.58,0.117783035656383
"CPFA","APA17","APA17_CPFA","Acacia chundra",4734,80,0.7,"none",56,0.6,0.58,0.154150679827258
"CPFA","APA17","APA17_CPFA","Dolichandrone atrovirens",4735,170,2.3,"none",55,1.1,0.58,0.737598943130779
"CPFA","APA17","APA17_CPFA","Dolichandrone atrovirens",4736,130,1.5,"none",93,1.7,0.58,-0.125163142954006
"CPFA","APA17","APA17_CPFA","Cassia fistula",4737,140,1.8,"none",80,2.7,0.58,-0.405465108108164
"CPFA","APA17","APA17_CPFA","Dolichandrone atrovirens",4738,160,3.1,"none",90,2.2,0.58,0.34294475112683
"CPFA","APA17","APA17_CPFA","Acacia chundra",4739,160,3.2,"partly_dried",90,1.8,0.58,0.575364144903562
"CPFA","APA17","APA17_CPFA","Dolichandrone atrovirens",4740,60,1.8,"none",90,2.5,0.58,-0.328504066972036
"CPFA","APA17","APA17_CPFA","Acacia chundra",4741,100,2.9,"partly_dried",60,0.5,0.58,1.75785791755237
"CPFA","APA17","APA17_CPFA","Dolichandrone atrovirens",4742,110,2.3,"none",62,1.7,0.58,0.302280871872934
"CPFA","APA21","APA21_CPFA","Dalbergia paniculata",4919,60,0.4,"partly_dried",80,0.9,0.29,-0.810930216216329
"CPFA","APA21","APA21_CPFA","Wrightia tinctoria",4920,40,2.5,"trampled",40,0.7,0.29,1.27296567581289
"CPFA","APA21","APA21_CPFA","Dalbergia paniculata",4921,145,3.1,"none",42,0.5,0.29,1.82454929205105
"CPFA","APA21","APA21_CPFA","Wrightia tinctoria",4922,20,1.2,"partly_dried",40,0.7,0.29,0.538996500732687
"CPFA","APA21","APA21_CPFA","Erythroxylum monogynum",4923,35,0.8,"partly_dried",65,0.6,0.29,0.287682072451781
"CPFA","APA21","APA21_CPFA","Dalbergia paniculata",4925,90,2.1,"none",42,0.6,0.29,1.25276296849537
"CPFA","APA21","APA21_CPFA","Dalbergia paniculata",4926,80,1.2,"partly_dried",40,0.7,0.29,0.538996500732687
"CPFA","APA21","APA21_CPFA","Wrightia tinctoria",4954,40,0.6,"none",35,0.6,0.29,0
"CPFA","APC12","APC12_CPFA","Acacia chundra",3281,80,1.2,"none",80,1.2,1.74,0
"CPFA","APC12","APC12_CPFA","Acacia chundra",3282,140,2.5,"none",85,1.3,1.74,0.653926467406664
"CAFA","APA19","APA19_CAFA","Chloroxylon swietenia",1000,100,2.5,"none",99,2.1,0.43,0.174353387144778
"CAFA","APC1","APC1_CAFA","Diospyros melanoxylon",1001,35,0.9,"none",22,0.5,1.66,0.587786664902119
"CAFA","APA19","APA19_CAFA","Chloroxylon swietenia",1002,149,2.9,"none",99,2.2,0.43,0.276253376628158
"CAFA","APC1","APC1_CAFA","Ziziphus mauritiana",1002,127,1.2,"none",24,0.4,1.66,1.09861228866811
"CAFA","APA19","APA19_CAFA","Chloroxylon swietenia",1003,90,1.6,"none",59,1.5,0.43,0.0645385211375712
"CAFA","APC1","APC1_CAFA","Tectona grandis",1003,48,3.1,"none",NA,NA,NA,NA
"CAFA","APA19","APA19_CAFA","Chloroxylon swietenia",1004,67,1.5,"browsed",70,1.5,0.43,0
"CAFA","APC1","APC1_CAFA","Dolichandrone atrovirens",1005,100,1.3,"none",51,0.6,1.66,0.773189888233482
"CAFA","APC1","APC1_CAFA","Tectona grandis",1006,25,1.3,"none",NA,NA,NA,NA
"CAFA","APC1","APC1_CAFA","Syzygium cumini",1007,88,2.2,"none",NA,NA,NA,NA
"CAFA","APC1","APC1_CAFA","Dolichandrone atrovirens",1008,67,2.4,"none",58,1.9,1.66,0.233614851181505
"CAFA","APA19","APA19_CAFA","Dalbergia paniculata",1009,63,1,"partly_dried",80,0.9,0.43,0.105360515657826
"CAFA","APC1","APC1_CAFA","Dolichandrone atrovirens",1009,38,1.2,"trampled",36,0.9,1.66,0.287682072451781
"CAFA","APC1","APC1_CAFA","Holoptelia intergrifolia",1010,10,0.4,"none",10,0.3,1.66,0.287682072451781
"CAFA","APA19","APA19_CAFA","Chloroxylon swietenia",1011,101,2.6,"none",15,1.6,0.43,0.485507815781701
"CAFA","APC1","APC1_CAFA","Tectona grandis",1011,75,1.8,"none",NA,NA,NA,NA
"CAFA","APC1","APC1_CAFA","Dolichandrone atrovirens",1012,30,1.1,"none",15,0.3,1.66,1.29928298413026
"CAFA","APA19","APA19_CAFA","Chloroxylon swietenia",1013,77,1,"none",74,0.8,0.43,0.22314355131421
"CAFA","APC1","APC1_CAFA","Tectona grandis",1014,29,1.3,"none",NA,NA,NA,NA
"CAFA","APA19","APA19_CAFA","Chloroxylon swietenia",1015,78,1.6,"browsed",99,1,0.43,0.470003629245736
"CAFA","APC1","APC1_CAFA","Dolichandrone atrovirens",1015,80,2.5,"none",20,1,1.66,0.916290731874155
"CAFA","APA19","APA19_CAFA","Dalbergia paniculata",1016,34,0.6,"none",27,0.5,0.43,0.182321556793955
"CAFA","APC1","APC1_CAFA","Dolichandrone atrovirens",1016,150,2.4,"none",63,2.3,1.66,0.042559614418796
"CAFA","APC1","APC1_CAFA","Tectona grandis",1017,60,1.5,"none",NA,NA,NA,NA
"CAFA","APC1","APC1_CAFA","Dolichandrone atrovirens",1018,170,3.5,"none",100,2.1,1.66,0.510825623765991
"CAFA","APC1","APC1_CAFA","Tectona grandis",1019,55,1.9,"none",NA,NA,NA,NA
"CAFA","APA19","APA19_CAFA","Chloroxylon swietenia",1020,66,1.6,"none",50,0.9,0.43,0.575364144903562
"CAFA","APC1","APC1_CAFA","Dolichandrone atrovirens",1020,64,2.4,"none",51,1.5,1.66,0.470003629245735
"CAFA","APC1","APC1_CAFA","Tectona grandis",1021,30,1.6,"none",NA,NA,NA,NA
"CAFA","APA19","APA19_CAFA","Chloroxylon swietenia",1022,108,2,"none",73,1.2,0.43,0.510825623765991
"CAFA","APC1","APC1_CAFA","Tectona grandis",1022,63,1.6,"none",NA,NA,NA,NA
"CAFA","APC1","APC1_CAFA","Tectona grandis",1023,50,0.9,"none",NA,NA,NA,NA
"CAFA","APA19","APA19_CAFA","Chloroxylon swietenia",1024,76,2.4,"none",56,0.7,0.43,1.23214368129263
"CAFA","APC1","APC1_CAFA","Holoptelia intergrifolia",1024,45,0.8,"none",38,0.6,1.66,0.287682072451781
"CAFA","APC1","APC1_CAFA","Tectona grandis",1025,40,1.5,"none",NA,NA,NA,NA
"CAFA","APA19","APA19_CAFA","Chloroxylon swietenia",1027,51,0.9,"none",40,0.6,0.43,0.405465108108164
"CAFA","APC1","APC1_CAFA","Tectona grandis",1027,32,1.3,"none",NA,NA,NA,NA
"CAFA","APA19","APA19_CAFA","Chloroxylon swietenia",1028,105,1.8,"none",86,1.5,0.43,0.182321556793955
"CAFA","APC1","APC1_CAFA","Tectona grandis",1028,43,1.9,"none",NA,NA,NA,NA
"CAFA","APA19","APA19_CAFA","Chloroxylon swietenia",1029,24,2,"none",91,1.2,0.43,0.510825623765991
"CAFA","APC1","APC1_CAFA","Tectona grandis",1029,49,2.4,"none",NA,NA,NA,NA
"CAFA","APA19","APA19_CAFA","Chloroxylon swietenia",1030,140,2.6,"none",90,1.4,0.43,0.619039208406224
"CAFA","APC1","APC1_CAFA","Dolichandrone atrovirens",1030,46,1.5,"none",NA,NA,NA,NA
"CAFA","APC1","APC1_CAFA","Tectona grandis",1031,52,1.5,"none",NA,NA,NA,NA
"CAFA","APC1","APC1_CAFA","Tectona grandis",1032,30,1.5,"none",NA,NA,NA,NA
"CAFA","APC1","APC1_CAFA","Holoptelia intergrifolia",1033,20,0.5,"partly_dried",23,0.5,1.66,0
"CAFA","APC1","APC1_CAFA","Tectona grandis",1034,160,1.6,"none",NA,NA,NA,NA
"CAFA","APC1","APC1_CAFA","Tectona grandis",1035,45,2.1,"none",NA,NA,NA,NA
"CAFA","APC1","APC1_CAFA","Tectona grandis",1036,67,2.4,"none",NA,NA,NA,NA
"CAFA","APC1","APC1_CAFA","Tectona grandis",1040,37,1.8,"none",NA,NA,NA,NA
"CAFA","APC1","APC1_CAFA","Tectona grandis",1043,66,1.8,"none",NA,NA,NA,NA
"CAFA","APC1","APC1_CAFA","Tectona grandis",1044,97,2.5,"none",NA,NA,NA,NA
"CAFA","APC1","APC1_CAFA","Tectona grandis",1045,65,1.6,"none",NA,NA,NA,NA
"CAFA","APC1","APC1_CAFA","Holoptelia intergrifolia",1047,36,0.9,"none",19,0.7,1.66,0.251314428280906
"CAFA","APC1","APC1_CAFA","Holoptelia intergrifolia",1048,47,1,"partly_dried",48,0.9,1.66,0.105360515657826
"CAFA","APC1","APC1_CAFA","Tectona grandis",1049,30,1.3,"none",NA,NA,NA,NA
"CAFA","APC1","APC1_CAFA","Tectona grandis",1051,20,0.7,"none",NA,NA,NA,NA
"CAFA","APC1","APC1_CAFA","Tectona grandis",1052,16,2,"none",NA,NA,NA,NA
"CAFA","APC1","APC1_CAFA","Tectona grandis",1053,47,1.8,"none",NA,NA,NA,NA
"CAFA","APC1","APC1_CAFA","Tectona grandis",1054,24,1.1,"none",NA,NA,NA,NA
"CAFA","APC1","APC1_CAFA","Tectona grandis",1055,40,1.3,"none",NA,NA,NA,NA
"CAFA","APC1","APC1_CAFA","Tectona grandis",1056,80,1.9,"none",NA,NA,NA,NA
"CAFA","APC1","APC1_CAFA","Tectona grandis",1057,67,1.4,"none",NA,NA,NA,NA
"CAFA","APA1","APA1_CAFA","Dalbergia paniculata",1108,24,1.5,"none",NA,NA,NA,NA
"CAFA","APA1","APA1_CAFA","Dalbergia paniculata",1120,22,1.9,"none",NA,NA,NA,NA
"CAFA","APA1","APA1_CAFA","Dalbergia paniculata",1122,53,2.3,"none",NA,NA,NA,NA
"CAFA","APA1","APA1_CAFA","Annona squamosa",1127,70,2,"none",NA,NA,NA,NA
"CAFA","APA18","APA18_CAFA","Dolichandrone atrovirens",1138,15,1.4,"browsed",36,0.8,1.02,0.559615787935423
"CAFA","APA18","APA18_CAFA","Dolichandrone atrovirens",1139,9,1,"browsed",17,0.8,1.02,0.22314355131421
"CAFA","APA18","APA18_CAFA","Dalbergia paniculata",1140,21,1,"partly_dried",38,0.7,1.02,0.356674943938732
"CAFA","APA18","APA18_CAFA","Dalbergia paniculata",1142,23,1.4,"partly_dried",50,0.9,1.02,0.441832752279039
"CAFA","APA18","APA18_CAFA","Dolichandrone atrovirens",1143,23,1.3,"browsed",32,0.6,1.02,0.773189888233482
"CAFA","APA18","APA18_CAFA","Dolichandrone atrovirens",1144,12,2.2,"browsed",43,1.8,1.02,0.200670695462151
"CAFA","APA18","APA18_CAFA","Dolichandrone atrovirens",1145,16,1.1,"browsed",25,0.9,1.02,0.200670695462151
"CAFA","APA18","APA18_CAFA","Dolichandrone atrovirens",1147,36,1.9,"browsed",58,1,1.02,0.641853886172395
"CAFA","APA18","APA18_CAFA","Dolichandrone atrovirens",1152,17,1,"browsed",33,0.6,1.02,0.510825623765991
"CAFA","APA1","APA1_CAFA","Dalbergia paniculata",1221,17,0.6,"none",NA,NA,NA,NA
"CAFA","APA1","APA1_CAFA","Azadirachata indica",1223,39,1.1,"browsed",NA,NA,NA,NA
"CAFA","APA1","APA1_CAFA","Acacia chundra",1224,42,1.5,"none",NA,NA,NA,NA
"CAFA","APA1","APA1_CAFA","Dalbergia paniculata",1225,35,1.2,"none",NA,NA,NA,NA
"CAFA","APA10","APA10_CAFA","Chloroxylon swietenia",1226,37,2.2,"none",NA,NA,NA,NA
"CAFA","APC6","APC6_CAFA","Dolichandrone atrovirens",1300,74,4,"none",42,2.1,2.5,0.644357016390513
"CAFA","APC6","APC6_CAFA","Dolichandrone atrovirens",1301,75,4,"none",52,2.5,2.5,0.470003629245735
"CAFA","APC6","APC6_CAFA","Dolichandrone atrovirens",1302,70,3.3,"none",47,1.3,2.5,0.931558204004943
"CAFA","APC6","APC6_CAFA","Dolichandrone atrovirens",1303,83,3.5,"none",52,1.9,2.5,0.610909082322973
"CAFA","APC6","APC6_CAFA","Dolichandrone atrovirens",1304,128,3.2,"none",47,1.9,2.5,0.521296923633286
"CAFA","APC6","APC6_CAFA","Dolichandrone atrovirens",1305,75,2.6,"none",56,1.3,2.5,0.693147180559945
"CAFA","APC6","APC6_CAFA","Dolichandrone atrovirens",1306,72,3,"none",46,1.1,2.5,1.00330210886378
"CAFA","APC6","APC6_CAFA","Dolichandrone atrovirens",1307,95,4,"none",66,1.4,2.5,1.04982212449868
"CAFA","APC6","APC6_CAFA","Dolichandrone atrovirens",1308,66,3.6,"none",48,1.5,2.5,0.8754687373539
"CAFA","APC6","APC6_CAFA","Dolichandrone atrovirens",1309,190,4.6,"none",79,2.1,2.5,0.784118958765672
"CAFA","APC6","APC6_CAFA","Dolichandrone atrovirens",1310,156,5.2,"none",70,2.5,2.5,0.732367893713227
"CAFA","APC6","APC6_CAFA","Dolichandrone atrovirens",1311,75,4.6,"none",50,2.5,2.5,0.609765571620894
"CAFA","APC6","APC6_CAFA","Dolichandrone atrovirens",1312,140,3.9,"none",88,1.7,2.5,0.83034830207343
"CAFA","APC6","APC6_CAFA","Dolichandrone atrovirens",1313,100,3.3,"none",75,1.9,2.5,0.55206858230004
"CAFA","APC6","APC6_CAFA","Dolichandrone atrovirens",1314,98,4.5,"none",73,1.9,2.5,0.862223510603879
"CAFA","APC6","APC6_CAFA","Dolichandrone atrovirens",1315,123,4.5,"none",89,2.5,2.5,0.587786664902119
"CAFA","APC6","APC6_CAFA","Dolichandrone atrovirens",1317,61,2.7,"none",44,1.7,2.5,0.462623521948113
"CAFA","APC6","APC6_CAFA","Pongamia pinnata",1318,86,2.7,"none",51,1.6,2.5,0.523248143764548
"CAFA","APC6","APC6_CAFA","Dolichandrone atrovirens",1319,130,5.1,"none",78,3,2.5,0.53062825106217
"CAFA","APC6","APC6_CAFA","Dolichandrone atrovirens",1321,61,2.2,"none",30,2.1,2.5,0.0465200156348929
"CAFA","APC6","APC6_CAFA","Dolichandrone atrovirens",1322,76,4.2,"none",40,1.9,2.5,0.793230639116928
"CAFA","APC6","APC6_CAFA","Dolichandrone atrovirens",1323,65,3.3,"none",54,1.1,2.5,1.09861228866811
"CAFA","APC6","APC6_CAFA","Dolichandrone atrovirens",1324,125,4,"none",74,1.8,2.5,0.798507696217772
"CAFA","APC6","APC6_CAFA","Dolichandrone atrovirens",1325,75,4,"none",50,1.6,2.5,0.916290731874155
"CAFA","APC6","APC6_CAFA","Dolichandrone atrovirens",1326,75,3.4,"none",43,1.3,2.5,0.961411167154625
"CAFA","APC5","APC5_CAFA","Dolichandrone atrovirens",1327,120,2.4,"none",75,1.9,0.21,0.233614851181505
"CAFA","APC6","APC6_CAFA","Dolichandrone atrovirens",1327,60,3.7,"none",40,1.9,2.5,0.666478933477784
"CAFA","APC5","APC5_CAFA","Dolichandrone atrovirens",1328,50,1.6,"browsed",30,0.8,0.21,0.693147180559945
"CAFA","APC6","APC6_CAFA","Dolichandrone atrovirens",1328,75,4.1,"none",68,2.7,2.5,0.417735200699979
"CAFA","APC5","APC5_CAFA","Dolichandrone atrovirens",1329,100,1.8,"browsed",78,1.3,0.21,0.325422400434628
"CAFA","APC5","APC5_CAFA","Dolichandrone atrovirens",1330,100,2.3,"browsed",43,1.2,0.21,0.650587566141149
"CAFA","APC6","APC6_CAFA","Dolichandrone atrovirens",1330,85,4.1,"none",72,1.9,2.5,0.769133087537867
"CAFA","APC5","APC5_CAFA","Premna tomentosa",1331,110,2.3,"none",68,1.3,0.21,0.570544858467613
"CAFA","APC6","APC6_CAFA","Dolichandrone atrovirens",1331,60,3.3,"none",42,1.3,2.5,0.931558204004943
"CAFA","APC5","APC5_CAFA","Azadirachata indica",1332,50,0.7,"none",30,0.5,0.21,0.336472236621213
"CAFA","APC6","APC6_CAFA","Dolichandrone atrovirens",1332,116,3.6,"none",51,1.6,2.5,0.810930216216329
"CAFA","APC5","APC5_CAFA","Dolichandrone atrovirens",1333,50,1.2,"browsed",22,0.8,0.21,0.405465108108164
"CAFA","APC6","APC6_CAFA","Dolichandrone atrovirens",1333,135,4,"none",63,1.9,2.5,0.744440474947496
"CAFA","APC5","APC5_CAFA","Dolichandrone atrovirens",1334,70,2.8,"none",42,1.1,0.21,0.934309237376833
"CAFA","APC5","APC5_CAFA","Dolichandrone atrovirens",1335,100,2.4,"none",62,1.3,0.21,0.613104472886409
"CAFA","APC6","APC6_CAFA","Dolichandrone atrovirens",1335,131,4.1,"none",81,2.1,2.5,0.669049628980885
"CAFA","APC5","APC5_CAFA","Dolichandrone atrovirens",1336,50,1.4,"none",23,0.8,0.21,0.559615787935423
"CAFA","APC6","APC6_CAFA","Dolichandrone atrovirens",1336,100,4,"none",47,1.7,2.5,0.85566611005772
"CAFA","APC5","APC5_CAFA","Dolichandrone atrovirens",1337,60,2.5,"browsed",43,1.9,0.21,0.27443684570176
"CAFA","APC6","APC6_CAFA","Dolichandrone atrovirens",1337,122,4.1,"browsed",68,2,2.5,0.717839793150317
"CAFA","APC5","APC5_CAFA","Dolichandrone atrovirens",1338,100,2.8,"none",70,1.6,0.21,0.559615787935422
"CAFA","APC6","APC6_CAFA","Dolichandrone atrovirens",1338,117,3.9,"none",37,1.6,2.5,0.890972923889865
"CAFA","APC5","APC5_CAFA","Dolichandrone atrovirens",1339,120,2.7,"none",66,1.3,0.21,0.730887508542792
"CAFA","APC5","APC5_CAFA","Dolichandrone atrovirens",1340,95,1.7,"browsed",40,1.2,0.21,0.348306694268216
"CAFA","APC6","APC6_CAFA","Dolichandrone atrovirens",1340,71,3.9,"none",61,1.4,2.5,1.02450431651439
"CAFA","APC5","APC5_CAFA","Dolichandrone atrovirens",1341,100,1.9,"browsed",31,0.8,0.21,0.864997437486604
"CAFA","APC6","APC6_CAFA","Dolichandrone atrovirens",1341,70,3.5,"none",38,1.4,2.5,0.916290731874155
"CAFA","APC5","APC5_CAFA","Dolichandrone atrovirens",1342,120,2.9,"none",60,1.3,0.21,0.802346472524937
"CAFA","APC6","APC6_CAFA","Dolichandrone atrovirens",1342,74,4,"none",41,1.2,2.5,1.20397280432594
"CAFA","APC5","APC5_CAFA","Dolichandrone atrovirens",1343,110,2.6,"none",49,1.3,0.21,0.693147180559945
"CAFA","APC6","APC6_CAFA","Dolichandrone atrovirens",1343,73,4,"none",51,1.6,2.5,0.916290731874155
"CAFA","APC5","APC5_CAFA","Dolichandrone atrovirens",1344,115,2.9,"none",79,1.7,0.21,0.534082485930258
"CAFA","APC6","APC6_CAFA","Dolichandrone atrovirens",1344,95,4.3,"none",42,1.8,2.5,0.870828357797398
"CAFA","APC5","APC5_CAFA","Dolichandrone atrovirens",1345,75,1.5,"none",34,0.8,0.21,0.628608659422374
"CAFA","APC6","APC6_CAFA","Dolichandrone atrovirens",1345,77,3,"none",49,1,2.5,1.09861228866811
"CAFA","APC5","APC5_CAFA","Wrightia tinctoria",1346,90,1.1,"partly_dried",40,1.1,0.21,0
"CAFA","APC6","APC6_CAFA","Dolichandrone atrovirens",1346,125,4.4,"none",56,2.1,2.5,0.739667196194838
"CAFA","APC5","APC5_CAFA","Wrightia tinctoria",1347,130,2.9,"none",100,2.3,0.21,0.231801614057324
"CAFA","APC6","APC6_CAFA","Dolichandrone atrovirens",1347,162,5.3,"none",74,2.7,2.5,0.674455047547793
"CAFA","APC5","APC5_CAFA","Wrightia tinctoria",1348,90,1.8,"none",60,1.2,0.21,0.405465108108164
"CAFA","APC6","APC6_CAFA","Dolichandrone atrovirens",1348,116,3.8,"none",41,1.6,2.5,0.864997437486604
"CAFA","APC5","APC5_CAFA","Wrightia tinctoria",1349,50,1.1,"none",34,0.5,0.21,0.78845736036427
"CAFA","APC5","APC5_CAFA","Azadirachata indica",1350,30,0.6,"browsed",33,0.5,0.21,0.182321556793955
"CAFA","APC6","APC6_CAFA","Dolichandrone atrovirens",1350,180,4.2,"none",96,2.1,2.5,0.693147180559945
"CAFA","APC5","APC5_CAFA","Wrightia tinctoria",1351,45,1.1,"none",20,0.4,0.21,1.01160091167848
"CAFA","APC6","APC6_CAFA","Dolichandrone atrovirens",1351,135,4.1,"none",85,2.1,2.5,0.669049628980885
"CAFA","APC6","APC6_CAFA","Dolichandrone atrovirens",1352,132,4,"none",56,1.5,2.5,0.980829253011726
"CAFA","APC6","APC6_CAFA","Dolichandrone atrovirens",1353,91,4,"none",54,1.7,2.5,0.85566611005772
"CAFA","APC6","APC6_CAFA","Dolichandrone atrovirens",1354,165,4.1,"none",85,2,2.5,0.717839793150317
"CAFA","APC6","APC6_CAFA","Dolichandrone atrovirens",1356,140,4.7,"none",95,2.5,2.5,0.631271776841858
"CAFA","APC6","APC6_CAFA","Dolichandrone atrovirens",1357,100,4,"none",48,1.1,2.5,1.29098418131557
"CAFA","APC6","APC6_CAFA","Dolichandrone atrovirens",1358,93,3.6,"none",58,1.7,2.5,0.750305594399894
"CAFA","APC6","APC6_CAFA","Dolichandrone atrovirens",1359,115,4.2,"none",79,1.9,2.5,0.793230639116928
"CAFA","APC6","APC6_CAFA","Dolichandrone atrovirens",1360,56,2.3,"none",30,1.1,2.5,0.737598943130779
"CAFA","APC6","APC6_CAFA","Dolichandrone atrovirens",1361,112,5.2,"none",81,1.5,2.5,1.24319351747922
"CAFA","APC6","APC6_CAFA","Dolichandrone atrovirens",1362,72,2.7,"browsed",38,2.7,2.5,0
"CAFA","APC6","APC6_CAFA","Dolichandrone atrovirens",1363,42,3.1,"none",35,1.2,2.5,0.949080554697146
"CAFA","APC6","APC6_CAFA","Dolichandrone atrovirens",1364,100,3.5,"none",50,1.4,2.5,0.916290731874155
"CAFA","APC6","APC6_CAFA","Dolichandrone atrovirens",1365,150,5.3,"none",74,2.4,2.5,0.792238083204176
"CAFA","APC6","APC6_CAFA","Dolichandrone atrovirens",1366,92,3.6,"none",43,1.4,2.5,0.944461608840851
"CAFA","APC6","APC6_CAFA","Dolichandrone atrovirens",1367,95,3.5,"none",43,1.3,2.5,0.990398704027877
"CAFA","APC6","APC6_CAFA","Dolichandrone atrovirens",1368,73,3.2,"none",37,1.3,2.5,0.90078654533819
"CAFA","APC6","APC6_CAFA","Dolichandrone atrovirens",1369,120,4.3,"none",51,2,2.5,0.765467842139571
"CAFA","APC6","APC6_CAFA","Dolichandrone atrovirens",1370,65,3.3,"none",38,1.8,2.5,0.606135803570315
"CAFA","APC6","APC6_CAFA","Dolichandrone atrovirens",1371,96,4.3,"none",38,1.9,2.5,0.816761136527122
"CAFA","APC6","APC6_CAFA","Dolichandrone atrovirens",1372,110,3.7,"none",59,1.7,2.5,0.777704568588009
"CAFA","APC11","APC11_CAFA","Dolichandrone atrovirens",1375,70,1.3,"none",16,0.3,1.68,1.46633706879343
"CAFA","APC11","APC11_CAFA","Tectona grandis",1376,25,0.8,"partly_dried",NA,NA,NA,NA
"CAFA","APC6","APC6_CAFA","Dolichandrone atrovirens",1376,46,3,"none",36,1.1,2.5,1.00330210886378
"CAFA","APC11","APC11_CAFA","Dolichandrone atrovirens",1377,90,1.8,"none",20,1.3,1.68,0.325422400434628
"CAFA","APC6","APC6_CAFA","Dolichandrone atrovirens",1377,79,3,"none",80,2.5,2.5,0.182321556793955
"CAFA","APC6","APC6_CAFA","Dolichandrone atrovirens",1377,79,3,"none",42,1.1,2.5,1.00330210886378
"CAFA","APC11","APC11_CAFA","Cassia fistula",1378,30,0.4,"none",20,0.3,1.68,0.287682072451781
"CAFA","APC6","APC6_CAFA","Dolichandrone atrovirens",1378,118,3.9,"none",37,1.1,2.5,1.26566637333128
"CAFA","APC11","APC11_CAFA","Cassia fistula",1379,60,1.1,"none",30,0.5,1.68,0.78845736036427
"CAFA","APC6","APC6_CAFA","Dolichandrone atrovirens",1379,185,5.3,"none",72,2.4,2.5,0.792238083204176
"CAFA","APC11","APC11_CAFA","Tectona grandis",1380,170,1.9,"partly_dried",NA,NA,NA,NA
"CAFA","APC6","APC6_CAFA","Dolichandrone atrovirens",1380,128,4.1,"none",46,1.5,2.5,1.0055218656021
"CAFA","APC11","APC11_CAFA","Dolichandrone atrovirens",1381,70,1.1,"none",60,0.9,1.68,0.200670695462151
"CAFA","APC6","APC6_CAFA","Dolichandrone atrovirens",1381,71,3.2,"none",38,1.3,2.5,0.90078654533819
"CAFA","APC6","APC6_CAFA","Dolichandrone atrovirens",1382,87,3.4,"none",60,1.2,2.5,1.04145387482816
"CAFA","APC11","APC11_CAFA","Dolichandrone atrovirens",1383,70,0.9,"trampled",39,0.8,1.68,0.117783035656383
"CAFA","APC6","APC6_CAFA","Dolichandrone atrovirens",1383,64,3.9,"none",38,1.7,2.5,0.83034830207343
"CAFA","APC11","APC11_CAFA","Dolichandrone atrovirens",1384,60,1.4,"none",40,1.1,1.68,0.241162056816888
"CAFA","APC6","APC6_CAFA","Dolichandrone atrovirens",1384,93,4.3,"none",39,1.8,2.5,0.870828357797398
"CAFA","APC11","APC11_CAFA","Dolichandrone atrovirens",1385,55,1.8,"none",45,1.1,1.68,0.492476485097794
"CAFA","APC6","APC6_CAFA","Dolichandrone atrovirens",1385,123,4.1,"none",53,1.8,2.5,0.823200308808143
"CAFA","APC11","APC11_CAFA","Albizia amara",1386,80,1.1,"browsed",80,1.1,1.68,0
"CAFA","APC6","APC6_CAFA","Dolichandrone atrovirens",1386,80,3.3,"none",43,1.7,2.5,0.663294217410264
"CAFA","APC6","APC6_CAFA","Dolichandrone atrovirens",1387,63,3.2,"none",38,1.5,2.5,0.757685701697516
"CAFA","APC11","APC11_CAFA","Dolichandrone atrovirens",1388,57,1.8,"browsed",50,1.6,1.68,0.117783035656383
"CAFA","APC6","APC6_CAFA","Dolichandrone atrovirens",1388,114,3.7,"none",66,1.5,2.5,0.902867711542015
"CAFA","APC11","APC11_CAFA","Albizia amara",1389,110,1.1,"browsed",100,0.9,1.68,0.200670695462151
"CAFA","APC11","APC11_CAFA","Dolichandrone atrovirens",1390,47,1.2,"none",38,0.7,1.68,0.538996500732687
"CAFA","APC6","APC6_CAFA","Dolichandrone atrovirens",1390,110,3.7,"none",53,2.6,2.5,0.352821374622743
"CAFA","APC11","APC11_CAFA","Dolichandrone atrovirens",1391,50,2.1,"none",48,1.9,1.68,0.100083458556983
"CAFA","APC6","APC6_CAFA","Dolichandrone atrovirens",1391,81,4.3,"none",43,1.2,2.5,1.27629346590556
"CAFA","APC11","APC11_CAFA","Dolichandrone atrovirens",1392,205,2.8,"none",60,0.8,1.68,1.25276296849537
"CAFA","APC6","APC6_CAFA","Dolichandrone atrovirens",1392,90,3.4,"none",40,1.9,2.5,0.581921545449721
"CAFA","APC11","APC11_CAFA","Dolichandrone atrovirens",1393,160,2.5,"browsed",83,1.9,1.68,0.27443684570176
"CAFA","APC6","APC6_CAFA","Dolichandrone atrovirens",1393,150,2.6,"none",90,2.4,2.5,0.0800427076735365
"CAFA","APC6","APC6_CAFA","Dolichandrone atrovirens",1394,148,4.3,"none",56,2,2.5,0.765467842139571
"CAFA","APC11","APC11_CAFA","Dolichandrone atrovirens",1395,60,1.3,"none",55,0.7,1.68,0.619039208406224
"CAFA","APC6","APC6_CAFA","Dolichandrone atrovirens",1395,168,4.7,"none",74,1.5,2.5,1.14209740060785
"CAFA","APC11","APC11_CAFA","Dolichandrone atrovirens",1396,110,2.1,"none",87,1.6,1.68,0.271933715483642
"CAFA","APC6","APC6_CAFA","Dolichandrone atrovirens",1396,115,3.3,"none",38,1,2.5,1.19392246847243
"CAFA","APC11","APC11_CAFA","Dolichandrone atrovirens",1397,80,1.3,"none",65,1.1,1.68,0.167054084663166
"CAFA","APC6","APC6_CAFA","Dolichandrone atrovirens",1397,54,3,"none",27,1,2.5,1.09861228866811
"CAFA","APC11","APC11_CAFA","Dolichandrone atrovirens",1399,90,2.8,"none",50,1.1,1.68,0.934309237376833
"CAFA","APC6","APC6_CAFA","Dolichandrone atrovirens",1399,74,3.5,"none",33,0.8,2.5,1.47590651980958
"CAFA","APC4","APC4_CAFA","Dolichandrone atrovirens",1418,100,2.6,"browsed",68,1.6,0.46,0.485507815781701
"CAFA","APC4","APC4_CAFA","Dolichandrone atrovirens",1419,100,2.7,"none",57,1.4,0.46,0.65677953638907
"CAFA","APC4","APC4_CAFA","Dolichandrone atrovirens",1420,40,1.5,"none",18,1.1,0.46,0.310154928303839
"CAFA","APC4","APC4_CAFA","Dolichandrone atrovirens",1421,45,1.4,"none",27,0.9,0.46,0.441832752279039
"CAFA","APC4","APC4_CAFA","Dolichandrone atrovirens",1422,65,2.3,"browsed",58,1.8,0.46,0.245122458032985
"CAFA","APC4","APC4_CAFA","Dolichandrone atrovirens",1423,50,1.1,"none",20,0.7,0.46,0.451985123743057
"CAFA","APC4","APC4_CAFA","Dolichandrone atrovirens",1424,38,0.8,"browsed",20,0.8,0.46,0
"CAFA","APC4","APC4_CAFA","Dolichandrone atrovirens",1425,40,1.1,"browsed",28,1.1,0.46,0
"CAFA","APC4","APC4_CAFA","Dolichandrone atrovirens",1426,110,2.3,"none",66,1.9,0.46,0.191055236762709
"CAFA","APC4","APC4_CAFA","Dolichandrone atrovirens",1427,40,1.5,"browsed",25,0.9,0.46,0.510825623765991
"CAFA","APC4","APC4_CAFA","Dolichandrone atrovirens",1428,50,1.8,"none",28,1.3,0.46,0.325422400434628
"CAFA","APC4","APC4_CAFA","Dolichandrone atrovirens",1429,111,1.9,"none",72,1.6,0.46,0.171850256926659
"CAFA","APC4","APC4_CAFA","Dolichandrone atrovirens",1430,100,2.5,"browsed",80,1.8,0.46,0.328504066972036
"CAFA","APC4","APC4_CAFA","Dolichandrone atrovirens",1431,98,2.8,"none",68,1.7,0.46,0.498991166118988
"CAFA","APC4","APC4_CAFA","Dolichandrone atrovirens",1432,116,2.3,"none",68,1.4,0.46,0.496436886313891
"CAFA","APC4","APC4_CAFA","Dolichandrone atrovirens",1433,30,1.2,"none",10,1.1,0.46,0.0870113769896297
"CAFA","APC4","APC4_CAFA","Dolichandrone atrovirens",1434,40,1.1,"none",20,0.7,0.46,0.451985123743057
"CAFA","APC4","APC4_CAFA","Dolichandrone atrovirens",1435,25,0.6,"none",14,0.4,0.46,0.405465108108164
"CAFA","APC4","APC4_CAFA","Dolichandrone atrovirens",1436,50,2.1,"none",35,0.9,0.46,0.847297860387204
"CAFA","APC3","APC3_CAFA","Chloroxylon swietenia",1467,50,0.6,"browsed",46,0.6,0.36,0
"CAFA","APC3","APC3_CAFA","Dolichandrone atrovirens",1468,70,1.8,"none",31,1.1,0.36,0.492476485097794
"CAFA","APC3","APC3_CAFA","Acacia chundra",1469,110,1.1,"none",65,0.7,0.36,0.451985123743057
"CAFA","APC3","APC3_CAFA","Acacia chundra",1470,140,2.2,"none",96,1.1,0.36,0.693147180559945
"CAFA","APC3","APC3_CAFA","Chloroxylon swietenia",1471,35,0.7,"browsed",33,0.4,0.36,0.559615787935423
"CAFA","APC3","APC3_CAFA","Acacia chundra",1472,120,1.6,"none",85,1.1,0.36,0.374693449441411
"CAFA","APC3","APC3_CAFA","Dolichandrone atrovirens",1473,80,2.1,"browsed",25,0.8,0.36,0.965080896043587
"CAFA","APC3","APC3_CAFA","Dolichandrone atrovirens",1474,150,2.8,"browsed",95,2.1,0.36,0.287682072451781
"CAFA","APC3","APC3_CAFA","Dolichandrone atrovirens",1475,45,0.8,"none",15,0.4,0.36,0.693147180559945
"CAFA","APC3","APC3_CAFA","Wrightia tinctoria",1476,60,1.8,"trampled",12,0.8,0.36,0.810930216216329
"CAFA","APC3","APC3_CAFA","Annona squamosa",1478,140,1.7,"none",53,0.8,0.36,0.75377180237638
"CAFA","APC3","APC3_CAFA","Dolichandrone atrovirens",1481,90,1.5,"none",45,0.9,0.36,0.510825623765991
"CAFA","APC3","APC3_CAFA","Dolichandrone atrovirens",1482,65,0.9,"none",32,0.5,0.36,0.587786664902119
"CAFA","APC3","APC3_CAFA","Wrightia tinctoria",1483,30,0.6,"none",16,0.4,0.36,0.405465108108164
"CAFA","APC3","APC3_CAFA","Dolichandrone atrovirens",1484,65,1.3,"none",21,0.6,0.36,0.773189888233482
"CAFA","APC3","APC3_CAFA","Dolichandrone atrovirens",1485,130,2.5,"none",54,1.3,0.36,0.653926467406664
"CAFA","APC3","APC3_CAFA","Chloroxylon swietenia",1486,63,0.7,"none",35,0.4,0.36,0.559615787935423
"CAFA","APC3","APC3_CAFA","Dolichandrone atrovirens",1487,130,1.8,"none",86,1.1,0.36,0.492476485097794
"CAFA","APC3","APC3_CAFA","Dolichandrone atrovirens",1488,56,0.9,"browsed",28,0.6,0.36,0.405465108108164
"CAFA","APC3","APC3_CAFA","Dalbergia paniculata",1491,60,1.1,"none",32,0.6,0.36,0.606135803570316
"CAFA","APC3","APC3_CAFA","Acacia chundra",1492,120,2.1,"none",83,0.8,0.36,0.965080896043587
"CAFA","APC3","APC3_CAFA","Chloroxylon swietenia",1493,50,1.4,"browsed",37,0.4,0.36,1.25276296849537
"CAFA","APC3","APC3_CAFA","Chloroxylon swietenia",1494,70,1.6,"browsed",70,1.1,0.36,0.374693449441411
"CAFA","APC3","APC3_CAFA","Chloroxylon swietenia",1495,50,1.1,"browsed",30,0.6,0.36,0.606135803570316
"CAFA","APC3","APC3_CAFA","Chloroxylon swietenia",1496,30,0.6,"browsed",33,0.4,0.36,0.405465108108164
"CAFA","APC3","APC3_CAFA","Chloroxylon swietenia",1497,26,0.4,"none",18,0.3,0.36,0.287682072451781
"CAFA","APC3","APC3_CAFA","Chloroxylon swietenia",1498,45,0.5,"browsed",35,0.5,0.36,0
"CAFA","APC3","APC3_CAFA","Chloroxylon swietenia",1499,40,0.6,"browsed",38,0.4,0.36,0.405465108108164
"CAFA","APA20","APA20_CAFA","Gyrocarpus americanus",3426,17,1,"partly_dried",23,0.4,0.9,0.916290731874155
"CAFA","APA20","APA20_CAFA","Gyrocarpus americanus",3427,26,0.7,"partly_dried",75,3.1,0.9,-1.48807705542983
"CAFA","APA20","APA20_CAFA","Wrightia tinctoria",3428,65,1.3,"none",56,1.1,0.9,0.167054084663166
"CAFA","APA20","APA20_CAFA","Acacia chundra",3429,78,3.9,"none",40,0.4,0.9,2.27726728500976
"CAFA","APA20","APA20_CAFA","Gyrocarpus americanus",3430,62,1.3,"partly_dried",57,1.7,0.9,-0.268263986594679
"CAFA","APA20","APA20_CAFA","Wrightia tinctoria",3431,60,0.5,"none",20,0.9,0.9,-0.587786664902119
"CAFA","APA20","APA20_CAFA","Acacia chundra",3432,176,3.4,"none",35,0.5,0.9,1.91692261218206
"CAFA","APA20","APA20_CAFA","Wrightia tinctoria",3434,46,1.3,"none",24,0.7,0.9,0.619039208406224
"CAFA","APA20","APA20_CAFA","Azadirachata indica",3435,42,0.8,"browsed",20,0.5,0.9,0.470003629245736
"CAFA","APA20","APA20_CAFA","Gyrocarpus americanus",3436,52,1.2,"partly_dried",23,0.9,0.9,0.287682072451781
"CAFA","APA20","APA20_CAFA","Carissa carandas",3437,23,0.6,"none",18,0.3,0.9,0.693147180559945
"CAFA","APA2","APA2_CAFA","Holoptelia intergrifolia",3448,66,2.7,"none",20,0.9,0.45,1.09861228866811
"CAFA","APA2","APA2_CAFA","Cassia fistula",3449,20,0.5,"partly_dried",86,1.3,0.45,-0.955511445027436
"CAFA","APA2","APA2_CAFA","Pongamia pinnata",3450,26,1.4,"none",10,0.2,0.45,1.94591014905531
"CAFA","APA2","APA2_CAFA","Dalbergia paniculata",3451,31,2,"partly_dried",56,1,0.45,0.693147180559945
"CAFA","APA2","APA2_CAFA","Dalbergia paniculata",3453,13,0.9,"none",74,0.8,0.45,0.117783035656383
"CAFA","APA2","APA2_CAFA","Dalbergia paniculata",3454,35,1.3,"partly_dried",73,1.2,0.45,0.0800427076735365
"CAFA","APA2","APA2_CAFA","Dalbergia paniculata",3455,31,1.1,"partly_dried",83,1.1,0.45,0
"CAFA","APA2","APA2_CAFA","Cassia fistula",3457,29,1.9,"partly_dried",70,0.9,0.45,0.747214401830221
"CAFA","APA2","APA2_CAFA","Cassia fistula",3458,24,1.5,"partly_dried",68,0.8,0.45,0.628608659422374
"CAFA","APA2","APA2_CAFA","Cassia fistula",3459,29,2,"partly_dried",46,0.6,0.45,1.20397280432594
"CAFA","APA2","APA2_CAFA","Pongamia pinnata",3462,27,1.3,"partly_dried",34,0.5,0.45,0.955511445027436
"CAFA","APA2","APA2_CAFA","Wrightia tinctoria",3463,120,4.6,"none",92,1.7,0.45,0.995428052432879
"CAFA","APA2","APA2_CAFA","Dalbergia paniculata",3464,29,1.3,"partly_dried",56,1.8,0.45,-0.325422400434628
"CAFA","APC8","APC8_CAFA","Tamarindus indica",3701,32,2.3,"browsed",49,0.5,0.94,1.52605630349505
"CAFA","APC8","APC8_CAFA","Dalbergia paniculata",3702,42,0.5,"partly_dried",45,0.5,0.94,0
"CAFA","APC8","APC8_CAFA","Dalbergia paniculata",3703,35,1.5,"partly_dried",20,1.1,0.94,0.310154928303839
"CAFA","APC8","APC8_CAFA","Azadirachata indica",3704,32,2.4,"trampled",75,1.1,0.94,0.780158557549575
"CAFA","APC8","APC8_CAFA","Tamarindus indica",3705,65,2.1,"browsed",36,0.5,0.94,1.43508452528932
"CAFA","APC8","APC8_CAFA","Cassia fistula",3706,45,0.8,"partly_dried",61,0.9,0.94,-0.117783035656383
"CAFA","APC8","APC8_CAFA","Chloroxylon swietenia",3707,20,1.8,"browsed",70,1.3,0.94,0.325422400434628
"CAFA","APC8","APC8_CAFA","Limonia acidissima",3708,60,1.8,"browsed",NA,NA,NA,NA
"CAFA","APC8","APC8_CAFA","Azadirachata indica",3709,40,1.2,"none",59,0.5,0.94,0.8754687373539
"CAFA","APC8","APC8_CAFA","Tamarindus indica",3711,22,0.5,"none",73,0.5,0.94,0
"CAFA","APC8","APC8_CAFA","Tamarindus indica",3713,10,0.8,"trampled",49,2.5,0.94,-1.13943428318836
"CAFA","APC9","APC9_CAFA","Pongamia pinnata",3714,30,0.8,"partly_dried",32,0.6,1,0.287682072451781
"CAFA","APC2","APC2_CAFA","Diospyros montana",3715,50,0.9,"partly_dried",56,1.4,1.5,-0.441832752279039
"CAFA","APC9","APC9_CAFA","Pongamia pinnata",3716,75,2.7,"none",30,1.4,1,0.65677953638907
"CAFA","APC9","APC9_CAFA","Pongamia pinnata",3717,60,1.7,"none",33,0.9,1,0.635988766719997
"CAFA","APC9","APC9_CAFA","Limonia acidissima",3718,70,1.5,"none",14,0.5,1,1.09861228866811
"CAFA","APC9","APC9_CAFA","Limonia acidissima",3719,53,3.5,"none",15,0.4,1,2.16905370036952
"CAFA","APC2","APC2_CAFA","Tectona grandis",3720,37,2.1,"none",NA,NA,NA,NA
"CAFA","APC9","APC9_CAFA","Tectona grandis",3720,85,1.9,"none",NA,NA,NA,NA
"CAFA","APC2","APC2_CAFA","Dalbergia paniculata",3721,32,2.1,"none",60,0.8,1.5,0.965080896043587
"CAFA","APC8","APC8_CAFA","Dalbergia paniculata",3722,56,2.2,"none",90,1.3,0.94,0.526093095896779
"CAFA","APC8","APC8_CAFA","Dalbergia paniculata",3723,54,2.2,"none",42,1,0.94,0.78845736036427
"CAFA","APC9","APC9_CAFA","Limonia acidissima",3724,40,3.2,"browsed",43,0.9,1,1.26851132546351
"CAFA","APC8","APC8_CAFA","Tectona grandis",3725,65,1.2,"partly_dried",NA,NA,NA,NA
"CAFA","APC8","APC8_CAFA","Pongamia pinnata",3725,32,1.5,"partly_dried",66,0.8,0.94,0.628608659422374
"CAFA","APC2","APC2_CAFA","Tectona grandis",3726,36,2.5,"partly_dried",NA,NA,NA,NA
"CAFA","APC9","APC9_CAFA","Limonia acidissima",3727,95,2.2,"none",47,0.6,1,1.29928298413026
"CAFA","APC9","APC9_CAFA","Pongamia pinnata",3728,60,2.2,"partly_dried",40,1.2,1,0.606135803570316
"CAFA","APC8","APC8_CAFA","Wrightia tinctoria",3730,85,2.8,"partly_dried",17,0.4,0.94,1.94591014905531
"CAFA","APC8","APC8_CAFA","Azadirachata indica",3731,62,3.4,"browsed",24,1,0.94,1.22377543162212
"CAFA","APC8","APC8_CAFA","Tamarindus indica",3732,21,0.6,"none",33,0.4,0.94,0.405465108108164
"CAFA","APC8","APC8_CAFA","Cassia fistula",3733,40,1.1,"none",17,1,0.94,0.0953101798043249
"CAFA","APC8","APC8_CAFA","Tamarindus indica",3734,80,2.7,"none",48,0.5,0.94,1.68639895357023
"CAFA","APC8","APC8_CAFA","Azadirachata indica",3735,20,0.8,"browsed",10,1,0.94,-0.22314355131421
"CAFA","APC8","APC8_CAFA","Dolichandrone atrovirens",3735,110,2.5,"none",13,0.5,0.94,1.6094379124341
"CAFA","APC2","APC2_CAFA","Gardenia gummifera",3736,90,3.2,"none",35,0.8,1.5,1.38629436111989
"CAFA","APC9","APC9_CAFA","Pongamia pinnata",3736,35,0.5,"partly_dried",36,1.3,1,-0.955511445027436
"CAFA","APC2","APC2_CAFA","Tectona grandis",3737,85,1.7,"partly_dried",NA,NA,NA,NA
"CAFA","APC9","APC9_CAFA","Limonia acidissima",3738,75,3.2,"none",58,0.8,1,1.38629436111989
"CAFA","APC2","APC2_CAFA","Dalbergia paniculata",3739,130,4,"none",68,0.8,1.5,1.6094379124341
"CAFA","APC2","APC2_CAFA","Tectona grandis",3740,130,3.2,"partly_dried",NA,NA,NA,NA
"CAFA","APC2","APC2_CAFA","Tectona grandis",3741,220,3.5,"none",NA,NA,NA,NA
"CAFA","APC2","APC2_CAFA","Tectona grandis",3742,110,2,"none",NA,NA,NA,NA
"CAFA","APC2","APC2_CAFA","Tectona grandis",3743,70,2.4,"none",NA,NA,NA,NA
"CAFA","APC9","APC9_CAFA","Limonia acidissima",3748,150,2.2,"none",37,0.5,1,1.48160454092422
"CAFA","APC2","APC2_CAFA","Tectona grandis",3750,120,1.3,"partly_dried",NA,NA,NA,NA
"CAFA","APC9","APC9_CAFA","Pongamia pinnata",3752,50,3.4,"none",40,1.3,1,0.961411167154625
"CAFA","APC9","APC9_CAFA","Pongamia pinnata",3760,40,1.1,"none",38,0.9,1,0.200670695462151
"CAFA","APC9","APC9_CAFA","Pongamia pinnata",3761,54,2.7,"none",51,1.7,1,0.462623521948113
"CAFA","APC9","APC9_CAFA","Pongamia pinnata",3763,70,2.2,"none",30,2,1,0.095310179804325
"CAFA","APC9","APC9_CAFA","Cassia fistula",3764,62,3.2,"none",53,0.4,1,2.07944154167984
"CAFA","APC9","APC9_CAFA","Pongamia pinnata",3766,82,3.2,"none",31,0.9,1,1.26851132546351
"CAFA","APC9","APC9_CAFA","Limonia acidissima",3767,55,2.4,"none",NA,NA,NA,NA
"CAFA","APC9","APC9_CAFA","Limonia acidissima",3769,110,3,"none",72,1,1,1.09861228866811
"CAFA","APC9","APC9_CAFA","Dalbergia paniculata",3770,70,3.5,"none",78,0.8,1,1.47590651980958
"CAFA","APC9","APC9_CAFA","Dalbergia paniculata",3771,44,3.2,"partly_dried",33,1.4,1,0.826678573184468
"CAFA","APC14","APC14_CAFA","Pongamia pinnata",3772,26,2.7,"none",80,1.5,1.85,0.587786664902119
"CAFA","APC9","APC9_CAFA","Limonia acidissima",3772,113,2.7,"none",25,0.9,1,1.09861228866811
"CAFA","APC9","APC9_CAFA","Limonia acidissima",3773,96,2.6,"none",43,1,1,0.955511445027436
"CAFA","APC14","APC14_CAFA","Tectona grandis",3774,100,3.5,"trampled",NA,NA,NA,NA
"CAFA","APC9","APC9_CAFA","Limonia acidissima",3774,46,2.8,"none",35,0.4,1,1.94591014905531
"CAFA","APC14","APC14_CAFA","Dolichandrone atrovirens",3775,32,2.7,"browsed",31,1,1.85,0.993251773010283
"CAFA","APC9","APC9_CAFA","Limonia acidissima",3775,41,2.7,"browsed",38,0.7,1,1.34992671694902
"CAFA","APC14","APC14_CAFA","Tectona grandis",3776,116,3.3,"partly_dried",NA,NA,NA,NA
"CAFA","APC14","APC14_CAFA","Tectona grandis",3778,25,2.3,"partly_dried",NA,NA,NA,NA
"CAFA","APC9","APC9_CAFA","Hardwickia binata",3779,32,2.8,"browsed",18,2,1,0.336472236621213
"CAFA","APC9","APC9_CAFA","Limonia acidissima",3780,42,2.5,"none",26,0.4,1,1.83258146374831
"CAFA","APC13","APC13_CAFA","Tectona grandis",3783,20,3.1,"none",NA,NA,NA,NA
"CAFA","APC13","APC13_CAFA","Holoptelia intergrifolia",3784,35,2.8,"partly_dried",46,0.7,1.62,1.38629436111989
"CAFA","APA5","APA5_CAFA","Acacia nilotica",3860,20,3,"trampled",NA,NA,NA,NA
"CAFA","APA5","APA5_CAFA","Azadirachata indica",3861,22,2.3,"browsed",NA,NA,NA,NA
"CAFA","APA5","APA5_CAFA","Ziziphus mauritiana",3862,51,3.2,"none",NA,NA,NA,NA
"CAFA","APA5","APA5_CAFA","Ziziphus mauritiana",3863,44,2.3,"partly_dried",NA,NA,NA,NA
"CAFA","APA5","APA5_CAFA","Diospyros montana",3865,140,3.3,"none",NA,NA,NA,NA
"CAFA","APA5","APA5_CAFA","Diospyros montana",3866,90,2.2,"none",NA,NA,NA,NA
"CAFA","APA5","APA5_CAFA","Diospyros montana",3873,110,3,"none",NA,NA,NA,NA
"CAFA","APA5","APA5_CAFA","Butea monosperma",3879,17,2,"none",17,2,1.09,0
"CAFA","APA5","APA5_CAFA","Butea monosperma",3888,100,2.8,"none",20,1.4,1.09,0.693147180559945
"CAFA","APA5","APA5_CAFA","Butea monosperma",3889,80,2.1,"none",10,2,1.09,0.048790164169432
"CAFA","APA5","APA5_CAFA","Ziziphus mauritiana",3890,120,2.3,"none",20,1.3,1.09,0.570544858467613
"CAFA","APA5","APA5_CAFA","Butea monosperma",3891,42,3,"none",70,1,1.09,1.09861228866811
"CAFA","APA5","APA5_CAFA","Butea monosperma",3892,120,2.8,"none",28,0.5,1.09,1.7227665977411
"CAFA","APA5","APA5_CAFA","Butea monosperma",3908,90,2,"none",28,1.4,1.09,0.356674943938732
"CAFA","APA5","APA5_CAFA","Butea monosperma",3909,50,1,"none",38,1.5,1.09,-0.405465108108164
"CAFA","APA5","APA5_CAFA","Butea monosperma",3914,50,3.1,"none",14,1,1.09,1.1314021114911
"CAFA","APA5","APA5_CAFA","Butea monosperma",3915,60,2.2,"none",23,2,1.09,0.095310179804325
"CAFA","APA7","APA7_CAFA","Cassia fistula",3940,160,3.2,"none",89,1.9,0.45,0.521296923633286
"CAFA","APA7","APA7_CAFA","Chloroxylon swietenia",3941,55,2.3,"none",23,1,0.45,0.832909122935104
"CAFA","APA7","APA7_CAFA","Chloroxylon swietenia",3942,21,2.6,"browsed",35,0.7,0.45,1.31218638896617
"CAFA","APA7","APA7_CAFA","Chloroxylon swietenia",3943,90,2.3,"browsed",27,1.4,0.45,0.496436886313891
"CAFA","APA7","APA7_CAFA","Chloroxylon swietenia",3944,60,1.4,"browsed",27,1.8,0.45,-0.251314428280906
"CAFA","APA7","APA7_CAFA","Chloroxylon swietenia",3945,134,3.3,"none",57,1,0.45,1.19392246847243
"CAFA","APA7","APA7_CAFA","Chloroxylon swietenia",3946,47,2,"browsed",33,0.6,0.45,1.20397280432594
"CAFA","APA7","APA7_CAFA","Ziziphus mauritiana",3947,44,2,"partly_dried",43,1,0.45,0.693147180559945
"CAFA","APA7","APA7_CAFA","Chloroxylon swietenia",3948,128,3.1,"browsed",71,1.8,0.45,0.543615446588982
"CAFA","APA7","APA7_CAFA","Sapindus emarginatus",3949,70,2,"partly_dried",13,0.4,0.45,1.6094379124341
"CAFA","APA7","APA7_CAFA","Azadirachata indica",3950,100,2.5,"browsed",30,0.4,0.45,1.83258146374831
"CAFA","APA10","APA10_CAFA","Dolichandrone atrovirens",3951,80,3,"browsed",56,0.9,0.5,1.20397280432594
"CAFA","APA10","APA10_CAFA","Dolichandrone atrovirens",3952,45,1.7,"browsed",60,1.5,0.5,0.125163142954006
"CAFA","APA10","APA10_CAFA","Dolichandrone atrovirens",3953,100,2.5,"browsed",47,0.8,0.5,1.13943428318836
"CAFA","APA10","APA10_CAFA","Dolichandrone atrovirens",3954,84,2.1,"none",51,0.9,0.5,0.847297860387204
"CAFA","APA10","APA10_CAFA","Dolichandrone atrovirens",3955,38,1.1,"browsed",40,1,0.5,0.0953101798043249
"CAFA","APA6","APA6_CAFA","Holoptelia intergrifolia",3957,120,2.1,"none",90,1.9,0.23,0.100083458556983
"CAFA","APA10","APA10_CAFA","Dolichandrone atrovirens",3958,80,2.5,"none",44,1,0.5,0.916290731874155
"CAFA","APA10","APA10_CAFA","Wrightia tinctoria",3959,60,1.9,"none",89,1.7,0.5,0.111225635110224
"CAFA","APA10","APA10_CAFA","Dolichandrone atrovirens",3960,55,1.5,"none",25,0.5,0.5,1.09861228866811
"CAFA","APA10","APA10_CAFA","Butea monosperma",3961,70,1.7,"none",15,0.4,0.5,1.44691898293633
"CAFA","APA10","APA10_CAFA","Butea monosperma",3962,150,3.2,"none",25,0.4,0.5,2.07944154167984
"CAFA","APA10","APA10_CAFA","Dolichandrone atrovirens",3963,60,2.7,"none",39,1.4,0.5,0.65677953638907
"CAFA","APA10","APA10_CAFA","Dolichandrone atrovirens",3964,90,2.3,"none",52,1.4,0.5,0.496436886313891
"CAFA","APA10","APA10_CAFA","Dolichandrone atrovirens",3965,120,1.9,"none",33,0.7,0.5,0.998528830111127
"CAFA","APA10","APA10_CAFA","Butea monosperma",3966,32,0.9,"none",20,0.4,0.5,0.810930216216329
"CAFA","APA6","APA6_CAFA","Pongamia pinnata",3971,35,0.9,"none",52,0.6,0.23,0.405465108108164
"CAFA","APA6","APA6_CAFA","Pongamia pinnata",3985,120,2,"none",19,0.4,0.23,1.6094379124341
"CAFA","APA6","APA6_CAFA","Wrightia tinctoria",3988,40,1,"none",49,0.5,0.23,0.693147180559945
"CAFA","APA6","APA6_CAFA","Pongamia pinnata",3989,110,2.4,"none",16,0.3,0.23,2.07944154167984
"CAFA","APA6","APA6_CAFA","Pongamia pinnata",3990,140,3.2,"none",17,0.3,0.23,2.36712361413162
"CAFA","APA8","APA8_CAFA","Dolichandrone atrovirens",3991,60,1.5,"none",38,1.1,0.41,0.310154928303839
"CAFA","APA8","APA8_CAFA","Dolichandrone atrovirens",3992,95,2.1,"none",33,0.9,0.41,0.847297860387204
"CAFA","APA8","APA8_CAFA","Dolichandrone atrovirens",3993,100,1.6,"none",29,0.7,0.41,0.826678573184468
"CAFA","APA8","APA8_CAFA","Dolichandrone atrovirens",3994,110,2.3,"none",29,0.7,0.41,1.18958406687384
"CAFA","APA8","APA8_CAFA","Dolichandrone atrovirens",3995,60,1.2,"none",59,0.6,0.41,0.693147180559945
"CAFA","APA8","APA8_CAFA","Dolichandrone atrovirens",3996,40,1.1,"none",58,1.3,0.41,-0.167054084663166
"CAFA","APA8","APA8_CAFA","Dolichandrone atrovirens",3997,70,1.3,"none",36,0.7,0.41,0.619039208406224
"CAFA","APA8","APA8_CAFA","Dolichandrone atrovirens",3998,110,2.5,"none",45,0.7,0.41,1.27296567581289
"CAFA","APA10","APA10_CAFA","Pongamia pinnata",3999,45,1.1,"none",29,0.4,0.5,1.01160091167848
"CAFA","APA10","APA10_CAFA","Dolichandrone atrovirens",4000,42,1.2,"none",52,0.6,0.5,0.693147180559945
"CAFA","APC13","APC13_CAFA","Tectona grandis",4501,70,1.6,"none",NA,NA,NA,NA
"CAFA","APC13","APC13_CAFA","Tectona grandis",4502,90,2,"none",NA,NA,NA,NA
"CAFA","APC13","APC13_CAFA","Dolichandrone atrovirens",4503,160,3.5,"none",28,0.9,1.62,1.35812348415319
"CAFA","APC13","APC13_CAFA","Pongamia pinnata",4504,170,3.5,"none",80,1.3,1.62,0.990398704027877
"CAFA","APC13","APC13_CAFA","Holoptelia intergrifolia",4506,95,2.3,"none",20,0.7,1.62,1.18958406687384
"CAFA","APC13","APC13_CAFA","Tectona grandis",4507,93,3.5,"none",NA,NA,NA,NA
"CAFA","APC7","APC7_CAFA","Dolichandrone atrovirens",4510,41,2.7,"browsed",55,1.5,2.76,0.587786664902119
"CAFA","APC13","APC13_CAFA","Tectona grandis",4512,23,2.6,"none",NA,NA,NA,NA
"CAFA","APC7","APC7_CAFA","Dolichandrone atrovirens",4513,105,4.8,"none",45,1.6,2.76,1.09861228866811
"CAFA","APC13","APC13_CAFA","Syzygium cumini",4515,96,5.3,"none",NA,NA,NA,NA
"CAFA","APC13","APC13_CAFA","Syzygium cumini",4516,90,4.1,"none",NA,NA,NA,NA
"CAFA","APC13","APC13_CAFA","Tectona grandis",4517,79,3,"partly_dried",NA,NA,NA,NA
"CAFA","APC7","APC7_CAFA","Dolichandrone atrovirens",4518,95,4.6,"none",50,1.4,2.76,1.18958406687384
"CAFA","APC13","APC13_CAFA","Tectona grandis",4519,82,3.3,"none",NA,NA,NA,NA
"CAFA","APC7","APC7_CAFA","Dolichandrone atrovirens",4521,34,2,"none",54,1.7,2.76,0.162518929497775
"CAFA","APC7","APC7_CAFA","Dolichandrone atrovirens",4531,86,0.8,"none",80,3,2.76,-1.32175583998232
"CAFA","APC7","APC7_CAFA","Dolichandrone atrovirens",4533,49,2.5,"none",60,4,2.76,-0.470003629245735
"CAFA","APC7","APC7_CAFA","Dolichandrone atrovirens",4536,112,1.5,"none",22,0.6,2.76,0.916290731874155
"CAFA","APC7","APC7_CAFA","Dolichandrone atrovirens",4537,168,4.3,"none",16,3,2.76,0.360002734031407
"CAFA","APC7","APC7_CAFA","Dolichandrone atrovirens",4538,10,4.2,"browsed",28,0.8,2.76,1.65822807660353
"CAFA","APC7","APC7_CAFA","Dolichandrone atrovirens",4539,156,5.6,"none",50,1.6,2.76,1.25276296849537
"CAFA","APC7","APC7_CAFA","Syzygium cumini",4540,46,3.7,"browsed",NA,NA,NA,NA
"CAFA","APC7","APC7_CAFA","Dolichandrone atrovirens",4541,140,4.6,"none",16,0.4,2.76,2.4423470353692
"CAFA","APC7","APC7_CAFA","Dolichandrone atrovirens",4542,36,2.6,"none",38,1.4,2.76,0.619039208406224
"CAFA","APC7","APC7_CAFA","Dolichandrone atrovirens",4543,85,3.5,"none",80,2.6,2.76,0.297251523467932
"CAFA","APC7","APC7_CAFA","Dolichandrone atrovirens",4544,48,3,"none",75,2,2.76,0.405465108108164
"CAFA","APC7","APC7_CAFA","Dolichandrone atrovirens",4545,100,3.2,"none",35,1,2.76,1.16315080980568
"CAFA","APC7","APC7_CAFA","Dolichandrone atrovirens",4546,83,2.6,"none",32,1.7,2.76,0.424883193965266
"CAFA","APC7","APC7_CAFA","Dolichandrone atrovirens",4547,60,2.2,"none",60,1.9,2.76,0.146603474191876
"CAFA","APC7","APC7_CAFA","Dolichandrone atrovirens",4548,75,2.6,"none",45,0.9,2.76,1.06087196068526
"CAFA","APC7","APC7_CAFA","Dolichandrone atrovirens",4549,130,4.2,"none",43,1.2,2.76,1.25276296849537
"CAFA","APC7","APC7_CAFA","Dolichandrone atrovirens",4550,220,5.2,"none",30,0.7,2.76,2.00533356952611
"CAFA","APC7","APC7_CAFA","Pongamia pinnata",4551,60,2.7,"none",58,0.8,2.76,1.21639532432449
"CAFA","APC7","APC7_CAFA","Dalbergia paniculata",4552,96,4.2,"none",60,0.8,2.76,1.65822807660353
"CAFA","APC7","APC7_CAFA","Dolichandrone atrovirens",4553,87,5,"none",35,1.3,2.76,1.34707364796661
"CAFA","APC7","APC7_CAFA","Dolichandrone atrovirens",4554,48,2.6,"none",40,1.4,2.76,0.619039208406224
"CAFA","APC7","APC7_CAFA","Dolichandrone atrovirens",4555,90,3.6,"none",90,2.1,2.76,0.538996500732687
"CAFA","APC7","APC7_CAFA","Dolichandrone atrovirens",4556,89,3.3,"none",70,1.7,2.76,0.663294217410264
"CAFA","APC7","APC7_CAFA","Dolichandrone atrovirens",4557,130,3.2,"none",58,1.6,2.76,0.693147180559945
"CAFA","APC7","APC7_CAFA","Dolichandrone atrovirens",4558,120,4.2,"none",90,1.7,2.76,0.904456274227152
"CAFA","APC7","APC7_CAFA","Dolichandrone atrovirens",4559,60,3.1,"none",35,1.1,2.76,1.03609193168678
"CAFA","APC7","APC7_CAFA","Dolichandrone atrovirens",4560,80,3.2,"none",60,1.8,2.76,0.575364144903562
"CAFA","APC7","APC7_CAFA","Dolichandrone atrovirens",4561,211,5.3,"none",57,1.9,2.76,1.02585293438568
"CAFA","APC7","APC7_CAFA","Dolichandrone atrovirens",4562,100,3.7,"none",64,3.2,2.76,0.145182009844498
"CAFA","APC7","APC7_CAFA","Dolichandrone atrovirens",4563,70,3.7,"none",90,2.8,2.76,0.278713402469021
"CAFA","APC7","APC7_CAFA","Dolichandrone atrovirens",4564,120,4,"none",70,1.7,2.76,0.85566611005772
"CAFA","APC7","APC7_CAFA","Dolichandrone atrovirens",4565,48,3.2,"none",53,1.3,2.76,0.90078654533819
"CAFA","APC7","APC7_CAFA","Dolichandrone atrovirens",4566,40,3.7,"browsed",49,1.8,2.76,0.72054615474806
"CAFA","APC7","APC7_CAFA","Dolichandrone atrovirens",4567,90,4.1,"none",85,2.8,2.76,0.381367556529104
"CAFA","APC7","APC7_CAFA","Dolichandrone atrovirens",4568,97,5.7,"none",90,3.2,2.76,0.577315365034824
"CAFA","APC7","APC7_CAFA","Dolichandrone atrovirens",4569,100,5,"none",85,1.8,2.76,1.02165124753198
"CAFA","APC7","APC7_CAFA","Dolichandrone atrovirens",4570,190,4.2,"none",35,1,2.76,1.43508452528932
"CAFA","APC6","APC6_CAFA","Dolichandrone atrovirens",4572,120,4.6,"none",90,2.6,2.5,0.570544858467613
"CAFA","APC6","APC6_CAFA","Dolichandrone atrovirens",4573,82,3.2,"none",71,2.1,2.5,0.421213465076304
"CAFA","APC6","APC6_CAFA","Dolichandrone atrovirens",4574,240,5.6,"none",74,2,2.5,1.02961941718116
"CAFA","APC6","APC6_CAFA","Dolichandrone atrovirens",4575,90,3.2,"browsed",74,2,2.5,0.470003629245736
"CAFA","APC7","APC7_CAFA","Dolichandrone atrovirens",4576,160,4.3,"none",75,2.6,2.76,0.50310357767208
"CAFA","APC6","APC6_CAFA","Dolichandrone atrovirens",4578,70,3,"none",89,1.8,2.5,0.510825623765991
"CAFA","APC6","APC6_CAFA","Dolichandrone atrovirens",4579,168,5.5,"none",60,1.6,2.5,1.23474446299269
"CAFA","APC11","APC11_CAFA","Dolichandrone atrovirens",4601,117,4.3,"none",68,1.2,1.68,1.27629346590556
"CAFA","APC11","APC11_CAFA","Dolichandrone atrovirens",4602,182,5,"none",80,1.2,1.68,1.42711635564015
"CAFA","APC11","APC11_CAFA","Tectona grandis",4603,87,4.6,"none",NA,NA,NA,NA
"CAFA","APC11","APC11_CAFA","Dolichandrone atrovirens",4604,117,4.6,"none",19,0.3,1.68,2.73002910782099
"CAFA","APC11","APC11_CAFA","Dalbergia paniculata",4605,135,4.2,"none",57,0.5,1.68,2.12823170584927
"CAFA","APC10","APC10_CAFA","Wrightia tinctoria",4636,60,1.5,"partly_dried",45,1.2,1.4,0.22314355131421
"CAFA","APC10","APC10_CAFA","Albizia amara",4637,80,1.3,"none",30,0.5,1.4,0.955511445027436
"CAFA","APC10","APC10_CAFA","Cassia fistula",4638,80,1.1,"none",50,1.1,1.4,0
"CAFA","APC10","APC10_CAFA","Tectona grandis",4639,80,1.4,"none",NA,NA,NA,NA
"CAFA","APC10","APC10_CAFA","Cassia fistula",4641,80,1.1,"none",50,0.6,1.4,0.606135803570316
"CAFA","APC10","APC10_CAFA","Cassia fistula",4642,140,3.3,"none",25,0.3,1.4,2.39789527279837
"CAFA","APC10","APC10_CAFA","Wrightia tinctoria",4643,85,1.8,"partly_dried",38,1.2,1.4,0.405465108108164
"CAFA","APC10","APC10_CAFA","Cassia fistula",4644,45,0.8,"partly_dried",30,0.8,1.4,0
"CAFA","APC10","APC10_CAFA","Wrightia tinctoria",4645,90,1.4,"none",70,1.1,1.4,0.241162056816888
"CAFA","APC10","APC10_CAFA","Wrightia tinctoria",4646,100,2.1,"partly_dried",40,0.7,1.4,1.09861228866811
"CAFA","APC10","APC10_CAFA","Cassia fistula",4647,120,1.1,"none",50,0.8,1.4,0.318453731118535
"CAFA","APC10","APC10_CAFA","Cassia fistula",4648,60,0.6,"none",28,0.7,1.4,-0.154150679827258
"CAFA","APC10","APC10_CAFA","Wrightia tinctoria",4649,40,1.5,"partly_dried",50,0.9,1.4,0.510825623765991
"CAFA","APC10","APC10_CAFA","Tectona grandis",4650,70,0.8,"partly_dried",NA,NA,NA,NA
"CAFA","APC10","APC10_CAFA","Cassia fistula",4652,65,1.1,"partly_dried",77,1.4,1.4,-0.241162056816888
"CAFA","APC10","APC10_CAFA","Cassia fistula",4653,50,0.8,"partly_dried",28,0.5,1.4,0.470003629245736
"CAFA","APC10","APC10_CAFA","Cassia fistula",4654,70,1.4,"none",28,0.4,1.4,1.25276296849537
"CAFA","APC10","APC10_CAFA","Cassia fistula",4655,30,0.8,"none",28,0.3,1.4,0.980829253011726
"CAFA","APC10","APC10_CAFA","Wrightia tinctoria",4656,70,1.5,"partly_dried",70,1.2,1.4,0.22314355131421
"CAFA","APC10","APC10_CAFA","Acacia chundra",4657,65,1.9,"partly_dried",70,1.1,1.4,0.54654370636807
"CAFA","APC12","APC12_CAFA","Acacia chundra",4658,120,2.2,"none",80,0.6,1.92,1.29928298413026
"CAFA","APC12","APC12_CAFA","Acacia chundra",4659,60,1.3,"none",58,0.8,1.92,0.485507815781701
"CAFA","APC12","APC12_CAFA","Acacia chundra",4660,60,0.6,"none",60,0.8,1.92,-0.287682072451781
"CAFA","APC12","APC12_CAFA","Acacia chundra",4661,45,0.8,"none",100,1.5,1.92,-0.628608659422374
"CAFA","APC12","APC12_CAFA","Acacia chundra",4662,70,1.9,"none",88,1.6,1.92,0.171850256926659
"CAFA","APC12","APC12_CAFA","Acacia chundra",4663,70,1.1,"partly_dried",68,1.5,1.92,-0.310154928303839
"CAFA","APC12","APC12_CAFA","Acacia chundra",4664,80,0.6,"partly_dried",63,0.7,1.92,-0.154150679827258
"CAFA","APC12","APC12_CAFA","Acacia chundra",4665,100,1.1,"none",100,1.8,1.92,-0.492476485097794
"CAFA","APC12","APC12_CAFA","Acacia chundra",4666,85,1.2,"none",70,1.3,1.92,-0.0800427076735365
"CAFA","APC12","APC12_CAFA","Acacia chundra",4668,150,3.3,"none",70,0.8,1.92,1.41706601978664
"CAFA","APC12","APC12_CAFA","Acacia chundra",4669,150,2.4,"none",98,1.3,1.92,0.613104472886409
"CAFA","APC12","APC12_CAFA","Acacia chundra",4670,210,2.1,"partly_dried",80,1.1,1.92,0.646627164925052
"CAFA","APC12","APC12_CAFA","Acacia chundra",4671,110,1.4,"none",45,0.7,1.92,0.693147180559945
"CAFA","APC12","APC12_CAFA","Acacia chundra",4672,190,3.8,"none",85,0.9,1.92,1.44036158239017
"CAFA","APC12","APC12_CAFA","Acacia chundra",4674,170,3.7,"partly_dried",60,0.8,1.92,1.53147637096439
"CAFA","APC12","APC12_CAFA","Acacia chundra",4675,110,1.6,"none",90,1.7,1.92,-0.0606246218164347
"CAFA","APC12","APC12_CAFA","Acacia chundra",4676,140,2.4,"none",60,1.2,1.92,0.693147180559945
"CAFA","APC12","APC12_CAFA","Wrightia tinctoria",4677,100,1.8,"none",15,2,1.92,-0.105360515657826
"CAFA","APC12","APC12_CAFA","Wrightia tinctoria",4678,70,0.9,"trampled",20,0.3,1.92,1.09861228866811
"CAFA","APC12","APC12_CAFA","Wrightia tinctoria",4679,110,1.3,"none",70,1.2,1.92,0.0800427076735365
"CAFA","APA17","APA17_CAFA","Acacia chundra",4744,170,3.5,"none",68,0.8,0.86,1.47590651980958
"CAFA","APA17","APA17_CAFA","Acacia chundra",4745,120,3.8,"none",75,1,0.86,1.33500106673234
"CAFA","APA17","APA17_CAFA","Wrightia tinctoria",4746,152,4.1,"partly_dried",62,1.1,0.86,1.31567679390594
"CAFA","APA17","APA17_CAFA","Cassia fistula",4747,80,1.1,"trampled",40,0.7,0.86,0.451985123743057
"CAFA","APA17","APA17_CAFA","Dolichandrone atrovirens",4748,100,2.5,"none",92,1.6,0.86,0.446287102628419
"CAFA","APA17","APA17_CAFA","Acacia chundra",4749,160,2.8,"partly_dried",80,1.1,0.86,0.934309237376833
"CAFA","APA17","APA17_CAFA","Acacia chundra",4750,80,1.4,"none",80,0.9,0.86,0.441832752279039
"CAFA","APA17","APA17_CAFA","Cassia fistula",4751,110,2.1,"none",69,0.9,0.86,0.847297860387204
"CAFA","APA17","APA17_CAFA","Dolichandrone atrovirens",4752,80,1.9,"trampled",60,1.1,0.86,0.54654370636807
"CAFA","APA17","APA17_CAFA","Acacia chundra",4754,120,2.2,"partly_dried",50,0.5,0.86,1.48160454092422
"CAFA","APA17","APA17_CAFA","Acacia chundra",4755,160,3.8,"none",85,1.5,0.86,0.929535958624176
"CAFA","APA17","APA17_CAFA","Acacia chundra",4756,120,2.1,"none",76,0.9,0.86,0.847297860387204
"CAFA","APA17","APA17_CAFA","Dolichandrone atrovirens",4757,115,1.7,"none",80,1.2,0.86,0.348306694268216
"CAFA","APA17","APA17_CAFA","Dolichandrone atrovirens",4758,100,1.2,"browsed",74,1.7,0.86,-0.348306694268216
"CAFA","APA17","APA17_CAFA","Acacia chundra",4759,80,2.2,"partly_dried",70,0.6,0.86,1.29928298413026
"CAFA","APA17","APA17_CAFA","Dolichandrone atrovirens",4760,95,1.2,"none",40,1.1,0.86,0.0870113769896297
"CAFA","APA17","APA17_CAFA","Dolichandrone atrovirens",4761,140,2.8,"none",55,0.6,0.86,1.54044504094715
"CAFA","APA17","APA17_CAFA","Dolichandrone atrovirens",4762,210,2.9,"none",70,1.3,0.86,0.802346472524937
"CAFA","APA17","APA17_CAFA","Dolichandrone atrovirens",4763,115,2.1,"none",28,0.8,0.86,0.965080896043587
"CAFA","APA17","APA17_CAFA","Acacia chundra",4764,130,3.1,"none",74,0.8,0.86,1.35454566280531
"CAFA","APA17","APA17_CAFA","Dolichandrone atrovirens",4765,120,2.1,"none",36,0.8,0.86,0.965080896043587
"CAFA","APA17","APA17_CAFA","Acacia chundra",4766,80,2.2,"partly_dried",60,0.8,0.86,1.01160091167848
"CAFA","APA17","APA17_CAFA","Acacia chundra",4767,130,2.3,"none",80,0.8,0.86,1.05605267424931
"CAFA","APA17","APA17_CAFA","Acacia chundra",4768,100,1.7,"none",17,3,0.86,-0.567984037605939
"CAFA","APA16","APA16_CAFA","Wrightia tinctoria",4769,40,1.9,"partly_dried",60,1.8,0.58,0.0540672212702756
"CAFA","APA16","APA16_CAFA","Dolichandrone atrovirens",4770,110,1.1,"none",18,0.7,0.58,0.451985123743057
"CAFA","APA16","APA16_CAFA","Dolichandrone atrovirens",4771,75,1.8,"browsed",52,1.2,0.58,0.405465108108164
"CAFA","APA16","APA16_CAFA","Dolichandrone atrovirens",4772,90,1.3,"none",13,0.7,0.58,0.619039208406224
"CAFA","APA16","APA16_CAFA","Dolichandrone atrovirens",4774,110,1.6,"none",80,1.9,0.58,-0.171850256926659
"CAFA","APA16","APA16_CAFA","Wrightia tinctoria",4775,130,3.7,"none",22,0.6,0.58,1.81915844341617
"CAFA","APA16","APA16_CAFA","Dolichandrone atrovirens",4776,90,1.9,"browsed",18,0.6,0.58,1.15267950993839
"CAFA","APA16","APA16_CAFA","Premna tomentosa",4777,16,0.7,"partly_dried",60,0.9,0.58,-0.251314428280906
"CAFA","APA16","APA16_CAFA","Acacia chundra",4778,70,1.7,"none",40,0.5,0.58,1.22377543162212
"CAFA","APA16","APA16_CAFA","Dolichandrone atrovirens",4779,30,1.1,"none",30,0.7,0.58,0.451985123743057
"CAFA","APA16","APA16_CAFA","Wrightia tinctoria",4780,140,3.1,"none",40,0.4,0.58,2.04769284336526
"CAFA","APA16","APA16_CAFA","Acacia chundra",4782,45,0.7,"partly_dried",75,0.7,0.58,0
"CAFA","APA16","APA16_CAFA","Acacia chundra",4783,40,1.2,"partly_dried",100,1.1,0.58,0.0870113769896297
"CAFA","APA16","APA16_CAFA","Acacia chundra",4784,90,1.6,"none",70,0.8,0.58,0.693147180559945
"CAFA","APA16","APA16_CAFA","Azadirachata indica",4785,50,0.6,"none",37,0.6,0.58,0
"CAFA","APA16","APA16_CAFA","Albizia amara",4786,50,0.9,"none",45,0.5,0.58,0.587786664902119
"CAFA","APA16","APA16_CAFA","Wrightia tinctoria",4787,56,0.8,"none",55,1.7,0.58,-0.75377180237638
"CAFA","APA12","APA12_CAFA","Azadirachata indica",4910,55,1,"browsed",70,1.2,1.56,-0.182321556793955
"CAFA","APA12","APA12_CAFA","Erythroxylum monogynum",4911,90,0.8,"none",60,0.8,1.56,0
"CAFA","APA12","APA12_CAFA","Azadirachata indica",4912,36,0.6,"none",50,0.4,1.56,0.405465108108164
"CAFA","APA12","APA12_CAFA","Albizia amara",4914,35,0.8,"none",10,2,1.56,-0.916290731874155
"CAFA","APA12","APA12_CAFA","Dalbergia paniculata",4915,148,1.5,"none",80,2.2,1.56,-0.382992252256106
"CAFA","APA12","APA12_CAFA","Albizia amara",4916,120,1.5,"none",19,0.5,1.56,1.09861228866811
"CAFA","APA12","APA12_CAFA","Azadirachata indica",4917,70,1.5,"browsed",20,0.3,1.56,1.6094379124341
"CAFA","APA12","APA12_CAFA","Dolichandrone atrovirens",4918,60,1.9,"trampled",70,1.3,1.56,0.379489621704904
"CAFA","APA21","APA21_CAFA","Premna tomentosa",4927,60,1.9,"partly_dried",88,1.1,1.38,0.54654370636807
"CAFA","APA21","APA21_CAFA","Premna tomentosa",4928,95,1.5,"partly_dried",100,1.2,1.38,0.22314355131421
"CAFA","APA21","APA21_CAFA","Cassia fistula",4930,55,1.1,"partly_dried",19,0.4,1.38,1.01160091167848
"CAFA","APA21","APA21_CAFA","Premna tomentosa",4931,80,0.9,"partly_dried",86,1.2,1.38,-0.287682072451781
"CAFA","APA21","APA21_CAFA","Azadirachata indica",4932,80,0.9,"none",62,1.1,1.38,-0.200670695462151
"CAFA","APA21","APA21_CAFA","Dalbergia paniculata",4933,65,1.1,"none",68,1.1,1.38,0
"CAFA","APA21","APA21_CAFA","Wrightia tinctoria",4934,180,3.2,"none",40,0.5,1.38,1.85629799036563
"CAFA","APA21","APA21_CAFA","Dalbergia paniculata",4936,130,1.8,"none",50,0.5,1.38,1.28093384546206
"CAFA","APA21","APA21_CAFA","Azadirachata indica",4937,60,0.9,"none",35,0.4,1.38,0.810930216216329
"CAFA","APA21","APA21_CAFA","Dalbergia paniculata",4938,200,3.9,"none",60,0.5,1.38,2.05412373369555
"CAFA","APA21","APA21_CAFA","Dalbergia paniculata",4939,80,1.8,"partly_dried",38,0.6,1.38,1.09861228866811
"CAFA","APA21","APA21_CAFA","Azadirachata indica",4940,110,1.6,"none",33,0.5,1.38,1.16315080980568
"CAFA","APA21","APA21_CAFA","Dalbergia paniculata",4941,105,1.8,"partly_dried",60,0.5,1.38,1.28093384546206
"CAFA","APA21","APA21_CAFA","Premna tomentosa",4942,55,0.7,"none",50,0.7,1.38,0
"CAFA","APA21","APA21_CAFA","Dalbergia paniculata",4943,40,0.5,"partly_dried",70,0.7,1.38,-0.336472236621213
"CAFA","APA21","APA21_CAFA","Dalbergia paniculata",4944,85,0.9,"none",15,0.6,1.38,0.405465108108164
"CAFA","APA21","APA21_CAFA","Dalbergia paniculata",4945,40,0.7,"none",50,0.5,1.38,0.336472236621213
"CAFA","APA21","APA21_CAFA","Dalbergia paniculata",4946,50,0.8,"partly_dried",20,0.5,1.38,0.470003629245736
"CAFA","APA21","APA21_CAFA","Cassia fistula",4947,70,0.8,"none",16,0.4,1.38,0.693147180559945
"CAFA","APA21","APA21_CAFA","Dalbergia paniculata",4949,80,1.5,"none",75,1.3,1.38,0.143100843640673
"CAFA","APA21","APA21_CAFA","Wrightia tinctoria",4950,90,1.1,"none",90,1.3,1.38,-0.167054084663166
"CAFA","APA21","APA21_CAFA","Dolichandrone atrovirens",4951,30,1.5,"none",30,0.6,1.38,0.916290731874155
"CAFA","APC8","APC8_CAFA","Tamarindus indica",3711,110,1.7,"none",73,0.5,0.94,1.22377543162212
"CAFA","APC8","APC8_CAFA","Wrightia tinctoria",3730,170,2.7,"none",17,0.4,0.94,1.90954250488444
"CAFA","APC9","APC9_CAFA","Limonia acidissima",3774,90,1.4,"none",35,0.4,1,1.25276296849537
