,site,village,treatment,tag.no,sci.name,dead.alive,height,rcd,disturbance,flame.height,type.resprout
1,APC6_CAFA,APC6,CAFA,1372,Dolichandrone atrovirens,alive,164,40,none,0,regular_growth
2,APC6_CAFA,APC6,CAFA,1340,Dolichandrone atrovirens,alive,100,23,none,0,regular_growth
3,APC6_CAFA,APC6,CAFA,1378,Dolichandrone atrovirens,alive,115,25,none,0,regular_growth
4,APC6_CAFA,APC6,CAFA,1394,Dolichandrone atrovirens,alive,150,32,none,0,regular_growth
5,APC6_CAFA,APC6,CAFA,1383,Dolichandrone atrovirens,alive,68,21,none,0,regular_growth
6,APC6_CAFA,APC6,CAFA,1397,Dolichandrone atrovirens,alive,67,22,none,0,regular_growth
7,APC6_CAFA,APC6,CAFA,1390,Dolichandrone atrovirens,alive,94,24,none,0,regular_growth
8,APC6_CAFA,APC6,CAFA,1395,Dolichandrone atrovirens,alive,195,32,none,0,regular_growth
9,APC6_CAFA,APC6,CAFA,1389,Dolichandrone atrovirens,alive,99,23,none,0,regular_growth
10,APC6_CAFA,APC6,CAFA,1393,Dolichandrone atrovirens,alive,135,41,none,0,regular_growth
11,APC6_CAFA,APC6,CAFA,1382,Dolichandrone atrovirens,alive,82,19,none,0,regular_growth
12,APC6_CAFA,APC6,CAFA,1399,Dolichandrone atrovirens,alive,60,20,none,0,regular_growth
13,APC6_CAFA,APC6,CAFA,1380,Dolichandrone atrovirens,alive,134,23,none,0,regular_growth
14,APC6_CAFA,APC6,CAFA,1388,Dolichandrone atrovirens,alive,112,22,none,0,regular_growth
15,APC6_CAFA,APC6,CAFA,1391,Dolichandrone atrovirens,alive,66,28,none,0,regular_growth
16,APC6_CAFA,APC6,CAFA,1392,Dolichandrone atrovirens,dead,NA,NA,drought,0,NA
17,APC6_CAFA,APC6,CAFA,1384,Dolichandrone atrovirens,alive,86,24,none,0,regular_growth
18,APC6_CAFA,APC6,CAFA,1376,Dolichandrone atrovirens,alive,33,4,none,0,regular_growth
19,APC6_CAFA,APC6,CAFA,1342,Dolichandrone atrovirens,alive,69,23,none,0,regular_growth
20,APC6_CAFA,APC6,CAFA,1345,Dolichandrone atrovirens,alive,95,25,none,0,regular_growth
21,APC6_CAFA,APC6,CAFA,1385,Dolichandrone atrovirens,alive,83,25,none,0,regular_growth
22,APC6_CAFA,APC6,CAFA,1387,Dolichandrone atrovirens,alive,58,19,none,0,regular_growth
23,APC6_CAFA,APC6,CAFA,1381,Dolichandrone atrovirens,alive,68,19,none,0,regular_growth
24,APC6_CAFA,APC6,CAFA,1396,Dolichandrone atrovirens,alive,98,20,none,0,regular_growth
25,APC6_CAFA,APC6,CAFA,1300,Dolichandrone atrovirens,alive,76,23,none,0,regular_growth
26,APC6_CAFA,APC6,CAFA,1377,Dolichandrone atrovirens,alive,38,5,drought,0,collar
27,APC6_CAFA,APC6,CAFA,1344,Dolichandrone atrovirens,alive,117,29,none,0,regular_growth
28,APC6_CAFA,APC6,CAFA,1374,Dolichandrone atrovirens,alive,160,30,none,0,regular_growth
29,APC6_CAFA,APC6,CAFA,1379,Dolichandrone atrovirens,alive,210,41,none,0,regular_growth
30,APC6_CAFA,APC6,CAFA,1373,Dolichandrone atrovirens,alive,52,6,drought,0,collar
31,APC6_CAFA,APC6,CAFA,1353,Dolichandrone atrovirens,alive,85,22,none,0,regular_growth
32,APC6_CAFA,APC6,CAFA,1367,Dolichandrone atrovirens,alive,69,6,drought,0,collar
33,APC6_CAFA,APC6,CAFA,1365,Dolichandrone atrovirens,alive,154,39,none,0,regular_growth
34,APC6_CAFA,APC6,CAFA,1364,Dolichandrone atrovirens,alive,113,23,none,0,regular_growth
35,APC6_CAFA,APC6,CAFA,1366,Dolichandrone atrovirens,dead,NA,NA,drought,0,NA
36,APC6_CAFA,APC6,CAFA,1343,Dolichandrone atrovirens,alive,79,29,none,0,regular_growth
37,APC6_CAFA,APC6,CAFA,1333,Dolichandrone atrovirens,alive,130,33,none,0,regular_growth
38,APC6_CAFA,APC6,CAFA,1352,Dolichandrone atrovirens,alive,120,23,none,0,regular_growth
39,APC6_CAFA,APC6,CAFA,1351,Dolichandrone atrovirens,alive,127,25,none,0,regular_growth
40,APC6_CAFA,APC6,CAFA,1350,Dolichandrone atrovirens,alive,174,28,none,0,regular_growth
41,APC6_CAFA,APC6,CAFA,1303,Dolichandrone atrovirens,dead,NA,NA,drought,0,NA
42,APC6_CAFA,APC6,CAFA,1371,Dolichandrone atrovirens,alive,48,20,none,0,regular_growth
43,APC6_CAFA,APC6,CAFA,1336,Dolichandrone atrovirens,alive,110,24,none,0,regular_growth
44,APC6_CAFA,APC6,CAFA,1338,Dolichandrone atrovirens,alive,135,23,none,0,regular_growth
45,APC6_CAFA,APC6,CAFA,1341,Dolichandrone atrovirens,alive,64,19,none,0,regular_growth
46,APC6_CAFA,APC6,CAFA,1369,Dolichandrone atrovirens,alive,128,30,none,0,regular_growth
47,APC6_CAFA,APC6,CAFA,1368,Dolichandrone atrovirens,alive,58,10,drought,0,collar
48,APC6_CAFA,APC6,CAFA,1370,Dolichandrone atrovirens,alive,50,19,none,0,regular_growth
49,APC6_CAFA,APC6,CAFA,1347,Dolichandrone atrovirens,dead,NA,NA,drought,0,NA
50,APC6_CAFA,APC6,CAFA,1337,Dolichandrone atrovirens,alive,130,29,none,0,regular_growth
51,APC6_CAFA,APC6,CAFA,1335,Dolichandrone atrovirens,alive,122,30,none,0,regular_growth
52,APC6_CAFA,APC6,CAFA,1332,Dolichandrone atrovirens,alive,74,22,none,0,regular_growth
53,APC6_CAFA,APC6,CAFA,1348,Dolichandrone atrovirens,alive,90,24,none,0,regular_growth
54,APC6_CAFA,APC6,CAFA,1361,Dolichandrone atrovirens,alive,49,4,drought,0,collar
55,APC6_CAFA,APC6,CAFA,4574,Dolichandrone atrovirens,alive,184,31,none,0,regular_growth
56,APC6_CAFA,APC6,CAFA,4575,Dolichandrone atrovirens,alive,110,31,none,0,regular_growth
57,APC6_CAFA,APC6,CAFA,1307,Dolichandrone atrovirens,alive,110,23,none,0,regular_growth
58,APC6_CAFA,APC6,CAFA,1302,Dolichandrone atrovirens,alive,59,19,none,0,regular_growth
59,APC6_CAFA,APC6,CAFA,1308,Dolichandrone atrovirens,alive,56,23,none,0,regular_growth
60,APC6_CAFA,APC6,CAFA,1322,Dolichandrone atrovirens,alive,69,29,none,0,regular_growth
61,APC6_CAFA,APC6,CAFA,1323,Dolichandrone atrovirens,alive,46,16,drought,0,collar
62,APC6_CAFA,APC6,CAFA,1306,Dolichandrone atrovirens,alive,50,17,none,0,regular_growth
63,APC6_CAFA,APC6,CAFA,1324,Dolichandrone atrovirens,alive,124,24,none,0,regular_growth
64,APC6_CAFA,APC6,CAFA,1325,Dolichandrone atrovirens,alive,83,24,none,0,regular_growth
65,APC6_CAFA,APC6,CAFA,1326,Dolichandrone atrovirens,alive,58,22,none,0,regular_growth
66,APC6_CAFA,APC6,CAFA,1305,Dolichandrone atrovirens,alive,66,22,none,0,regular_growth
67,APC6_CAFA,APC6,CAFA,1327,Dolichandrone atrovirens,alive,60,29,none,0,regular_growth
68,APC6_CAFA,APC6,CAFA,1301,Dolichandrone atrovirens,alive,67,29,none,0,regular_growth
69,APC6_CAFA,APC6,CAFA,1331,Dolichandrone atrovirens,alive,68,26,none,0,regular_growth
70,APC6_CAFA,APC6,CAFA,4579,Dolichandrone atrovirens,alive,73,26,none,0,regular_growth
71,APC6_CAFA,APC6,CAFA,4573,Dolichandrone atrovirens,alive,116,29,none,0,regular_growth
72,APC6_CAFA,APC6,CAFA,1309,Dolichandrone atrovirens,alive,214,30,none,0,regular_growth
73,APC6_CAFA,APC6,CAFA,1313,Dolichandrone atrovirens,alive,77,19,none,0,regular_growth
74,APC6_CAFA,APC6,CAFA,1312,Dolichandrone atrovirens,alive,150,24,none,0,regular_growth
75,APC6_CAFA,APC6,CAFA,1330,Dolichandrone atrovirens,alive,83,23,none,0,regular_growth
76,APC6_CAFA,APC6,CAFA,1314,Dolichandrone atrovirens,alive,87,29,none,0,regular_growth
77,APC6_CAFA,APC6,CAFA,4578,Dolichandrone atrovirens,dead,NA,NA,drought,0,NA
78,APC6_CAFA,APC6,CAFA,1311,Dolichandrone atrovirens,alive,65,29,none,0,regular_growth
79,APC6_CAFA,APC6,CAFA,1358,Dolichandrone atrovirens,alive,74,8,browsed,0,collar
80,APC6_CAFA,APC6,CAFA,1310,Dolichandrone atrovirens,alive,146,35,none,0,regular_growth
81,APC6_CAFA,APC6,CAFA,1360,Dolichandrone atrovirens,alive,42,19,none,0,regular_growth
82,APC6_CAFA,APC6,CAFA,1357,Dolichandrone atrovirens,alive,68,23,none,0,regular_growth
83,APC6_CAFA,APC6,CAFA,1359,Dolichandrone atrovirens,alive,90,28,none,0,regular_growth
84,APC6_CAFA,APC6,CAFA,1328,Dolichandrone atrovirens,alive,70,30,none,0,regular_growth
85,APC6_CAFA,APC6,CAFA,1356,Dolichandrone atrovirens,alive,131,32,none,0,regular_growth
86,APC6_CAFA,APC6,CAFA,1315,Dolichandrone atrovirens,alive,106,32,none,0,regular_growth
87,APC6_CAFA,APC6,CAFA,1317,Dolichandrone atrovirens,alive,58,20,none,0,regular_growth
88,APC6_CAFA,APC6,CAFA,1321,Dolichandrone atrovirens,alive,50,15,none,0,regular_growth
89,APC6_CAFA,APC6,CAFA,1318,Pongamia pinnata,alive,49,19,none,0,regular_growth
90,APC6_CAFA,APC6,CAFA,1363,Dolichandrone atrovirens,alive,60,16,none,0,regular_growth
91,APC6_CAFA,APC6,CAFA,4572,Dolichandrone atrovirens,dead,NA,NA,drought,0,NA
92,APC6_CAFA,APC6,CAFA,1362,Dolichandrone atrovirens,dead,NA,NA,drought,0,NA
93,APC6_CAFA,APC6,CAFA,1304,Dolichandrone atrovirens,dead,NA,NA,drought,0,NA
94,APC6_CAFA,APC6,CAFA,1319,Dolichandrone atrovirens,dead,NA,NA,drought,0,NA
95,APC6_CAFA,APC6,CAFA,1354,Dolichandrone atrovirens,dead,NA,NA,drought,0,NA
96,APC7_CAFA,APC7,CAFA,4570,Dolichandrone atrovirens,alive,35,13,none,0,regular_growth
97,APC7_CAFA,APC7,CAFA,4571,Dolichandrone atrovirens,alive,69,26,none,0,regular_growth
98,APC7_CAFA,APC7,CAFA,4521,Dolichandrone atrovirens,alive,91,29,none,0,regular_growth
99,APC7_CAFA,APC7,CAFA,4510,Dolichandrone atrovirens,alive,70,24,none,0,regular_growth
100,APC7_CAFA,APC7,CAFA,4559,Dolichandrone atrovirens,alive,38,17,none,0,regular_growth
101,APC7_CAFA,APC7,CAFA,4560,Dolichandrone atrovirens,alive,46,11,none,0,regular_growth
102,APC7_CAFA,APC7,CAFA,4563,Dolichandrone atrovirens,alive,95,33,none,0,regular_growth
103,APC7_CAFA,APC7,CAFA,4576,Dolichandrone atrovirens,alive,95,32,none,0,regular_growth
104,APC7_CAFA,APC7,CAFA,4561,Dolichandrone atrovirens,alive,73,22,none,0,regular_growth
105,APC7_CAFA,APC7,CAFA,4558,Dolichandrone atrovirens,alive,95,29,none,0,regular_growth
106,APC7_CAFA,APC7,CAFA,4557,Dolichandrone atrovirens,alive,63,20,none,0,regular_growth
107,APC7_CAFA,APC7,CAFA,4556,Dolichandrone atrovirens,alive,98,21,none,0,regular_growth
108,APC7_CAFA,APC7,CAFA,4555,Dolichandrone atrovirens,alive,195,38,none,0,regular_growth
109,APC7_CAFA,APC7,CAFA,4568,Dolichandrone atrovirens,alive,110,40,none,0,regular_growth
110,APC7_CAFA,APC7,CAFA,4566,Dolichandrone atrovirens,alive,75,7,browsed,0,collar
111,APC7_CAFA,APC7,CAFA,4567,Dolichandrone atrovirens,alive,197,39,none,0,regular_growth
112,APC7_CAFA,APC7,CAFA,4565,Dolichandrone atrovirens,alive,122,31,none,0,regular_growth
113,APC7_CAFA,APC7,CAFA,4569,Dolichandrone atrovirens,alive,150,32,none,0,regular_growth
114,APC7_CAFA,APC7,CAFA,4544,Dolichandrone atrovirens,alive,210,40,none,0,regular_growth
115,APC7_CAFA,APC7,CAFA,4564,Dolichandrone atrovirens,alive,195,32,none,0,regular_growth
116,APC7_CAFA,APC7,CAFA,4539,Dolichandrone atrovirens,dead,NA,NA,drought,0,NA
117,APC7_CAFA,APC7,CAFA,4543,Dolichandrone atrovirens,alive,110,23,none,0,regular_growth
118,APC7_CAFA,APC7,CAFA,4554,Dolichandrone atrovirens,alive,65,19,none,0,regular_growth
119,APC7_CAFA,APC7,CAFA,4547,Dolichandrone atrovirens,alive,74,29,none,0,regular_growth
120,APC7_CAFA,APC7,CAFA,4548,Dolichandrone atrovirens,alive,45,19,none,0,regular_growth
121,APC7_CAFA,APC7,CAFA,4532,Dolichandrone atrovirens,alive,31,11,none,0,regular_growth
122,APC7_CAFA,APC7,CAFA,4553,Dolichandrone atrovirens,alive,45,13,none,0,regular_growth
123,APC7_CAFA,APC7,CAFA,4551,Pongamia pinnata,dead,NA,NA,trampled,0,NA
124,APC7_CAFA,APC7,CAFA,4550,Dolichandrone atrovirens,alive,34,4,browsed,0,collar
125,APC7_CAFA,APC7,CAFA,4552,Dalbergia paniculata,alive,92,22,none,0,regular_growth
126,APC7_CAFA,APC7,CAFA,4546,Dolichandrone atrovirens,alive,29,3,browsed,0,collar
127,APC7_CAFA,APC7,CAFA,4545,Dolichandrone atrovirens,alive,39,5,browsed,0,collar
128,APC7_CAFA,APC7,CAFA,4538,Dolichandrone atrovirens,alive,31,19,none,0,regular_growth
129,APC7_CAFA,APC7,CAFA,4531,Dolichandrone atrovirens,alive,40,11,none,0,regular_growth
130,APC7_CAFA,APC7,CAFA,4536,Dolichandrone atrovirens,alive,32,6,trampled,0,collar
131,APC7_CAFA,APC7,CAFA,4537,Dolichandrone atrovirens,alive,25,8,none,0,regular_growth
132,APC7_CAFA,APC7,CAFA,4540,Syzygium cumini,alive,71,10,none,0,regular_growth
133,APC7_CAFA,APC7,CAFA,4533,Dolichandrone atrovirens,alive,15,6,none,0,regular_growth
134,APC7_CAFA,APC7,CAFA,4541,Dolichandrone atrovirens,alive,13,3,browsed,0,collar
135,APC7_CAFA,APC7,CAFA,4534,Dolichandrone atrovirens,alive,42,2,browsed,0,collar
136,APC7_CAFA,APC7,CAFA,4542,Dolichandrone atrovirens,alive,50,3,trampled,0,collar
137,APC7_CAFA,APC7,CAFA,4513,Dolichandrone atrovirens,alive,53,19,none,0,regular_growth
138,APC7_CAFA,APC7,CAFA,4518,Dolichandrone atrovirens,dead,NA,NA,trampled,0,NA
139,APC4_CPFA,APC4,CPFA,1442,Dolichandrone atrovirens,alive,122,3.8,none,0,regular_growth
140,APC6_Control,APC6,Control,4520,Dolichandrone atrovirens,alive,75,25,none,0,regular_growth
141,APC6_Control,APC6,Control,4522,Dolichandrone atrovirens,alive,60,16,none,0,regular_growth
142,APC6_Control,APC6,Control,4523,Dolichandrone atrovirens,alive,64,24,none,0,regular_growth
143,APC6_Control,APC6,Control,4524,Dolichandrone atrovirens,alive,126,32,none,0,regular_growth
144,APC6_Control,APC6,Control,4509,Dolichandrone atrovirens,alive,210,44,none,0,regular_growth
145,APC6_Control,APC6,Control,4508,Dolichandrone atrovirens,alive,56,23,none,0,regular_growth
146,APC6_Control,APC6,Control,4526,Dolichandrone atrovirens,alive,36,6,fire,20,collar
147,APC6_Control,APC6,Control,4527,Dolichandrone atrovirens,alive,30,5,fire,30,collar
148,APC6_Control,APC6,Control,4529,Dolichandrone atrovirens,alive,145,29,none,0,regular_growth
149,APC6_Control,APC6,Control,4528,Dolichandrone atrovirens,alive,190,29,none,0,regular_growth
150,APC6_Control,APC6,Control,4530,Dolichandrone atrovirens,alive,125,42,none,0,regular_growth
151,APC4_CPFA,APC4,CPFA,1443,Acacia chundra,alive,16,1.4,none,0,regular_growth
152,APC6_Control,APC6,Control,4505,Dolichandrone atrovirens,alive,106,11,fire,50,collar
153,APC6_Control,APC6,Control,4514,Dolichandrone atrovirens,alive,50,10,none,0,regular_growth
154,APC6_Control,APC6,Control,4511,Dolichandrone atrovirens,alive,90,19,none,0,regular_growth
155,APC6_Control,APC6,Control,4525,Dolichandrone atrovirens,dead,NA,NA,fire,40,NA
156,APC4_CPFA,APC4,CPFA,1444,Dolichandrone atrovirens,alive,60,2.1,browsed,0,axillary
157,APC4_CPFA,APC4,CPFA,1445,Dolichandrone atrovirens,alive,14,1.4,drought,0,collar
158,APC4_CPFA,APC4,CPFA,1446,Acacia chundra,alive,63,1.3,none,0,regular_growth
159,APC4_CPFA,APC4,CPFA,1447,Acacia chundra,alive,120,1.6,none,0,regular_growth
160,APC4_CPFA,APC4,CPFA,1448,Dolichandrone atrovirens,alive,109,2.5,browsed,0,axillary
161,APC4_CPFA,APC4,CPFA,1449,Acacia chundra,alive,99,2.2,none,0,regular_growth
162,APC4_CPFA,APC4,CPFA,1450,Acacia chundra,alive,105,2.6,none,0,regular_growth
163,APC4_CPFA,APC4,CPFA,1451,Acacia chundra,alive,126,3.1,none,0,regular_growth
164,APC4_CPFA,APC4,CPFA,1452,Acacia chundra,alive,29,1.3,none,0,regular_growth
165,APC4_CPFA,APC4,CPFA,1453,Dolichandrone atrovirens,alive,15,1.1,drought,0,collar
166,APC4_CPFA,APC4,CPFA,1455,Acacia chundra,alive,70,1.6,none,0,regular_growth
167,APC4_CPFA,APC4,CPFA,1456,Acacia chundra,alive,71,2.7,none,0,regular_growth
168,APC4_CPFA,APC4,CPFA,1457,Acacia chundra,alive,43,1.8,none,0,regular_growth
169,APC4_CPFA,APC4,CPFA,1458,Acacia chundra,alive,11,1.3,none,0,regular_growth
170,APC4_CPFA,APC4,CPFA,1459,Cassia fistula,alive,20,0.5,none,0,regular_growth
171,APC4_CPFA,APC4,CPFA,1460,Dolichandrone atrovirens,alive,62,1.6,browsed,0,axillary
172,APC4_CPFA,APC4,CPFA,1462,Morinda pubescens,alive,22,1.2,none,0,regular_growth
173,APC4_CPFA,APC4,CPFA,1464,Acacia chundra,alive,93,1.8,none,0,regular_growth
174,APC7_CPFA,APC7,CPFA,3747,Chloroxylon swietenia,alive,104,19,none,0,regular_growth
175,APC7_CPFA,APC7,CPFA,3746,Chloroxylon swietenia,alive,105,25,none,0,regular_growth
176,APC7_CPFA,APC7,CPFA,3748,Chloroxylon swietenia,alive,110,20,none,0,regular_growth
177,APC7_CPFA,APC7,CPFA,3728,Chloroxylon swietenia,alive,82,17,none,0,regular_growth
178,APC7_CPFA,APC7,CPFA,3733,Chloroxylon swietenia,alive,100,24,none,0,regular_growth
179,APC7_CPFA,APC7,CPFA,3744,Chloroxylon swietenia,alive,89,20,none,0,regular_growth
180,APC7_CPFA,APC7,CPFA,3745,Chloroxylon swietenia,alive,103,18,none,0,regular_growth
181,APC7_CPFA,APC7,CPFA,3741,Chloroxylon swietenia,alive,30,8,none,0,regular_growth
182,APC7_CPFA,APC7,CPFA,3750,Chloroxylon swietenia,alive,40,10,none,0,regular_growth
183,APC7_CPFA,APC7,CPFA,3751,Chloroxylon swietenia,alive,33,8,none,0,regular_growth
184,APC7_CPFA,APC7,CPFA,3743,Chloroxylon swietenia,alive,85,18,none,0,regular_growth
185,APC7_CPFA,APC7,CPFA,3706,Chloroxylon swietenia,alive,70,15,none,0,regular_growth
186,APC7_CPFA,APC7,CPFA,3707,Chloroxylon swietenia,alive,75,20,none,0,regular_growth
187,APC7_CPFA,APC7,CPFA,3708,Chloroxylon swietenia,alive,55,10,none,0,regular_growth
188,APC7_CPFA,APC7,CPFA,3702,Chloroxylon swietenia,alive,48,8,none,0,regular_growth
189,APC7_CPFA,APC7,CPFA,3701,Chloroxylon swietenia,alive,75,10,none,0,regular_growth
190,APC7_CPFA,APC7,CPFA,3723,Chloroxylon swietenia,alive,70,10,none,0,regular_growth
191,APC7_CPFA,APC7,CPFA,3759,Chloroxylon swietenia,alive,120,20,none,0,regular_growth
192,APC7_CPFA,APC7,CPFA,3704,Chloroxylon swietenia,alive,60,19,none,0,regular_growth
193,APC7_CPFA,APC7,CPFA,3705,Chloroxylon swietenia,alive,100,20,none,0,regular_growth
194,APC7_CPFA,APC7,CPFA,3749,Cassia fistula,alive,107,20,none,0,regular_growth
195,APC7_CPFA,APC7,CPFA,3719,Chloroxylon swietenia,dead,NA,NA,trampled,0,NA
196,APC2_CAFA,APC2,CAFA,3736,Gardenia gummifera,alive,45,10,none,0,regular_growth
197,APC2_CAFA,APC2,CAFA,3739,Dalbergia paniculata,alive,250,22,none,0,regular_growth
198,APC4_CAFA,APC4,CAFA,1418,Dolichandrone atrovirens,alive,88,2.5,browsed,0,axillary
199,APC4_CAFA,APC4,CAFA,1419,Dolichandrone atrovirens,alive,106,2.8,browsed,0,axillary
200,APC4_CAFA,APC4,CAFA,1420,Dolichandrone atrovirens,alive,27,1.8,browsed,0,axillary
201,APC4_CAFA,APC4,CAFA,1421,Dolichandrone atrovirens,alive,40,1.4,trampled,0,axillary
202,APC4_CAFA,APC4,CAFA,1422,Dolichandrone atrovirens,alive,70,2.4,browsed,0,axillary
203,APC4_CAFA,APC4,CAFA,1424,Dolichandrone atrovirens,alive,3,0.2,drought,0,collar
204,APC4_CAFA,APC4,CAFA,1423,Dolichandrone atrovirens,alive,14,0.5,drought,0,collar
205,APC4_CAFA,APC4,CAFA,1425,Dolichandrone atrovirens,alive,18,3.4,trampled,0,collar
206,APC4_CAFA,APC4,CAFA,1426,Dolichandrone atrovirens,alive,105,3.5,drought,0,axillary
207,APC4_CAFA,APC4,CAFA,1427,Dolichandrone atrovirens,alive,35,1.6,drought,0,axillary
208,APC4_CAFA,APC4,CAFA,1428,Dolichandrone atrovirens,alive,40,1.9,drought,0,axillary
209,APC4_CAFA,APC4,CAFA,1429,Dolichandrone atrovirens,alive,13,0.6,trampled,0,collar
210,APC4_CAFA,APC4,CAFA,1430,Dolichandrone atrovirens,alive,91,2.9,browsed,0,axillary
211,APC4_CAFA,APC4,CAFA,1431,Dolichandrone atrovirens,alive,103,3.2,browsed,0,axillary
212,APC4_CAFA,APC4,CAFA,1432,Dolichandrone atrovirens,alive,29,0.5,trampled,0,collar
213,APC4_CAFA,APC4,CAFA,1433,Dolichandrone atrovirens,alive,10,1.5,trampled,0,collar
214,APC4_CAFA,APC4,CAFA,1434,Dolichandrone atrovirens,alive,9,1.8,browsed,0,collar
215,APC4_CAFA,APC4,CAFA,1435,Dolichandrone atrovirens,alive,7,0.2,browsed,0,collar
216,APC4_CAFA,APC4,CAFA,1436,Dolichandrone atrovirens,alive,37,1.9,trampled,0,axillary
217,APC1_CAFA,APC1,CAFA,1001,Diospyros melanoxylon,alive,22,0.4,trampled,0,collar
218,APC1_CAFA,APC1,CAFA,1002,Ziziphus mauritiana,alive,85,1.8,trampled,0,collar
219,APC1_CAFA,APC1,CAFA,1006,Tectona grandis,alive,8,1.3,browsed,0,epicormic
220,APC1_CAFA,APC1,CAFA,1005,Dolichandrone atrovirens,alive,89,2.2,browsed,0,axillary
221,APC1_CAFA,APC1,CAFA,1003,Tectona grandis,alive,14,1.5,browsed,0,epicormic
222,APC1_CAFA,APC1,CAFA,1020,Dolichandrone atrovirens,alive,80,2.3,browsed,0,axillary
223,APC1_CAFA,APC1,CAFA,1015,Dolichandrone atrovirens,alive,115,2.7,browsed,0,axillary
224,APC1_CAFA,APC1,CAFA,1016,Dolichandrone atrovirens,alive,160,4.6,browsed,0,axillary
225,APC1_CAFA,APC1,CAFA,1017,Tectona grandis,alive,60,1.5,browsed,0,axillary
226,APC1_CAFA,APC1,CAFA,1014,Tectona grandis,alive,25,1.3,browsed,0,epicormic
227,APC1_CAFA,APC1,CAFA,1012,Dolichandrone atrovirens,alive,27,1.2,none,0,regular_growth
228,APC1_CAFA,APC1,CAFA,1011,Tectona grandis,alive,80,1.9,trampled,0,axillary
229,APC1_CAFA,APC1,CAFA,1008,Dolichandrone atrovirens,alive,73,2.7,drought,0,axillary
230,APC1_CAFA,APC1,CAFA,1007,Syzygium cumini,alive,98,2.1,trampled,0,axillary
231,APC1_CAFA,APC1,CAFA,1027,Tectona grandis,alive,10,1.5,browsed,0,epicormic
232,APC1_CAFA,APC1,CAFA,1028,Tectona grandis,alive,26,2.1,browsed,0,epicormic
233,APC1_CAFA,APC1,CAFA,1030,Dolichandrone atrovirens,alive,30,1.5,drought,0,epicormic
234,APC1_CAFA,APC1,CAFA,1010,Holoptelia intergrifolia,dead,NA,NA,trampled,0,NA
235,APC1_CAFA,APC1,CAFA,1021,Tectona grandis,alive,20,1.7,browsed,0,epicormic
236,APC1_CAFA,APC1,CAFA,1009,Dolichandrone atrovirens,alive,7,3.1,trampled,0,epicormic
237,APC1_CAFA,APC1,CAFA,1034,Tectona grandis,alive,75,1.5,trampled,0,axillary
238,APC1_CAFA,APC1,CAFA,1035,Tectona grandis,alive,51,2.5,trampled,0,axillary
239,APC1_CAFA,APC1,CAFA,1022,Tectona grandis,alive,62,1.7,browsed,0,axillary
240,APC1_CAFA,APC1,CAFA,1045,Tectona grandis,alive,70,1.8,browsed,0,axillary
241,APC1_CAFA,APC1,CAFA,1025,Tectona grandis,alive,44,1.7,browsed,0,axillary
242,APC1_CAFA,APC1,CAFA,1049,Tectona grandis,alive,28,1.3,browsed,0,axillary
243,APC1_CAFA,APC1,CAFA,1023,Tectona grandis,alive,40,1.1,trampled,0,axillary
244,APC1_CAFA,APC1,CAFA,1036,Tectona grandis,alive,70,2.5,browsed,0,axillary
245,APC1_CAFA,APC1,CAFA,1024,Holoptelia intergrifolia,alive,30,0.9,browsed,0,epicormic
246,APC1_CAFA,APC1,CAFA,1048,Holoptelia intergrifolia,dead,NA,NA,trampled,0,NA
247,APC1_CAFA,APC1,CAFA,1047,Holoptelia intergrifolia,alive,38,1.1,trampled,0,axillary
248,APC1_CAFA,APC1,CAFA,1033,Holoptelia intergrifolia,dead,NA,NA,trampled,0,NA
249,APC1_CAFA,APC1,CAFA,1031,Tectona grandis,alive,20,1.6,trampled,0,collar
250,APC1_CAFA,APC1,CAFA,1032,Tectona grandis,alive,35,1.4,drought,0,axillary
251,APC1_CAFA,APC1,CAFA,1039,Dolichandrone atrovirens,alive,36,1.9,trampled,0,epicormic
252,APC1_CAFA,APC1,CAFA,1040,Tectona grandis,alive,42,2.2,trampled,0,axillary
253,APC1_CAFA,APC1,CAFA,1044,Tectona grandis,alive,100,2.6,drought,0,axillary
254,APC1_CAFA,APC1,CAFA,1043,Tectona grandis,alive,70,1.9,browsed,0,axillary
255,APC1_CAFA,APC1,CAFA,1057,Tectona grandis,alive,44,1.2,drought,0,axillary
256,APC1_CAFA,APC1,CAFA,1056,Tectona grandis,alive,78,2.1,browsed,0,epicormic
257,APC1_CAFA,APC1,CAFA,1055,Tectona grandis,alive,46,1.6,browsed,0,axillary
258,APC1_CAFA,APC1,CAFA,1052,Tectona grandis,alive,16,1.9,browsed,0,collar
259,APC1_CAFA,APC1,CAFA,1053,Tectona grandis,alive,50,1.9,browsed,0,axillary
260,APC1_CAFA,APC1,CAFA,1054,Tectona grandis,alive,16,1.1,browsed,0,epicormic
261,APC1_CAFA,APC1,CAFA,1059,Tectona grandis,alive,25,1.4,browsed,0,axillary
262,APC1_CAFA,APC1,CAFA,1058,Tectona grandis,alive,32,1.6,browsed,0,axillary
263,APC1_CAFA,APC1,CAFA,1051,Tectona grandis,alive,20,1.1,browsed,0,axillary
264,APC1_CAFA,APC1,CAFA,1050,Syzygium cumini,alive,8,0.3,trampled,0,collar
265,APC1_CAFA,APC1,CAFA,1019,Tectona grandis,alive,32,1.9,browsed,0,epicormic
266,APC1_CAFA,APC1,CAFA,1018,Dolichandrone atrovirens,alive,190,3.9,browsed,0,axillary
267,APC1_Control,APC1,Control,1400,Acacia chundra,alive,155,3.9,fire,95,axillary
268,APC1_Control,APC1,Control,1401,Dolichandrone atrovirens,alive,77,2.3,drought,0,epicormic
269,APC1_Control,APC1,Control,1402,Dolichandrone atrovirens,alive,90,3.2,fire,60,axillary
270,APC1_Control,APC1,Control,1403,Gardenia gummifera,alive,29,1.6,browsed,0,axillary
271,APC1_Control,APC1,Control,1417,Dolichandrone atrovirens,alive,144,3.9,drought,0,axillary
272,APC1_Control,APC1,Control,1416,Dolichandrone atrovirens,alive,119,3.4,drought,0,axillary
273,APC1_Control,APC1,Control,1415,Dolichandrone atrovirens,alive,98,2.9,fire,65,axillary
274,APC1_Control,APC1,Control,1414,Acacia chundra,alive,74,2.9,fire,65,epicormic
275,APC1_Control,APC1,Control,1411,Dolichandrone atrovirens,alive,117,4.2,fire,120,epicormic
276,APC1_Control,APC1,Control,1413,Dolichandrone atrovirens,alive,100,3.1,fire,120,axillary
277,APC1_Control,APC1,Control,1412,Dolichandrone atrovirens,alive,172,3.1,fire,80,axillary
278,APC1_Control,APC1,Control,1410,Dolichandrone atrovirens,alive,82,3.1,fire,90,epicormic
279,APC1_Control,APC1,Control,1404,Dolichandrone atrovirens,alive,90,2.8,drought,0,epicormic
280,APC1_Control,APC1,Control,1405,Dolichandrone atrovirens,alive,19,0.3,fire,80,collar
281,APC1_Control,APC1,Control,1406,Dolichandrone atrovirens,alive,48,0.7,fire,120,collar
282,APC1_Control,APC1,Control,1407,Dolichandrone atrovirens,alive,62,1.9,none,0,regular_growth
283,APC1_Control,APC1,Control,1409,Dolichandrone atrovirens,alive,24,1.9,fire,90,collar
284,APC1_Control,APC1,Control,1408,Dolichandrone atrovirens,alive,187,2.9,fire,85,axillary
285,APC4_Control,APC4,Control,1437,Dolichandrone atrovirens,alive,50,2.2,none,0,regular_growth
286,APC4_Control,APC4,Control,1439,Dolichandrone atrovirens,alive,43,1.7,none,0,regular_growth
287,APC4_Control,APC4,Control,1438,Dolichandrone atrovirens,alive,109,2.3,browsed,0,axillary
288,APC4_Control,APC4,Control,1440,Dolichandrone atrovirens,alive,33,1.6,browsed,0,axillary
289,APC4_Control,APC4,Control,1441,Dolichandrone atrovirens,alive,124,3.1,browsed,0,axillary
290,APC4_Control,APC4,Control,1090,Dolichandrone atrovirens,alive,93,2.1,none,0,regular_growth
291,APC4_Control,APC4,Control,1091,Dolichandrone atrovirens,alive,92,2.2,none,0,regular_growth
292,APC4_Control,APC4,Control,1092,Dolichandrone atrovirens,alive,22,1.5,fire,70,collar
293,APC4_Control,APC4,Control,1095,Dolichandrone atrovirens,alive,21,0.8,fire,110,collar
294,APC4_Control,APC4,Control,1094,Dolichandrone atrovirens,alive,92,2.3,browsed,0,axillary
295,APC4_Control,APC4,Control,1096,Dolichandrone atrovirens,alive,130,2.6,none,0,regular_growth
296,APC4_Control,APC4,Control,1097,Dolichandrone atrovirens,alive,68,2.1,none,0,regular_growth
297,APC4_Control,APC4,Control,1093,Dolichandrone atrovirens,alive,34,1.1,none,0,regular_growth
298,APC4_Control,APC4,Control,4731,Dolichandrone atrovirens,alive,13,0.4,fire,65,collar
299,APC4_Control,APC4,Control,1098,Dolichandrone atrovirens,alive,32,1.4,browsed,0,axillary
300,APC1_CPFA,APC1,CPFA,1082,Acacia chundra,alive,8,0.4,none,0,regular_growth
301,APC1_CPFA,APC1,CPFA,1080,Acacia chundra,alive,50,1.2,none,0,regular_growth
302,APC1_CPFA,APC1,CPFA,1081,Erythroxylum monogynum,alive,8,0.2,none,0,regular_growth
303,APC1_CPFA,APC1,CPFA,1083,Acacia chundra,alive,7,0.2,none,0,regular_growth
304,APC1_CPFA,APC1,CPFA,1079,Dolichandrone atrovirens,alive,11,0.2,none,0,regular_growth
305,APC1_CPFA,APC1,CPFA,1078,Acacia chundra,alive,52,1.1,drought,0,epicormic
306,APC1_CPFA,APC1,CPFA,1077,Acacia chundra,alive,40,0.4,none,0,regular_growth
307,APC1_CPFA,APC1,CPFA,1076,Dolichandrone atrovirens,alive,27,2.2,drought,0,collar
308,APC1_CPFA,APC1,CPFA,1074,Dolichandrone atrovirens,alive,20,0.9,none,0,regular_growth
309,APC1_CPFA,APC1,CPFA,1073,Gardenia gummifera,alive,5,0.1,none,0,regular_growth
310,APC1_CPFA,APC1,CPFA,1072,Acacia chundra,alive,47,1.2,none,0,regular_growth
311,APC1_CPFA,APC1,CPFA,1085,Morinda pubescens,alive,10,0.5,none,0,regular_growth
312,APC1_CPFA,APC1,CPFA,1086,Erythroxylum monogynum,alive,14,0.2,none,0,regular_growth
313,APC1_CPFA,APC1,CPFA,1084,Dolichandrone atrovirens,alive,30,1.2,drought,0,collar
314,APC1_CPFA,APC1,CPFA,1071,Dolichandrone atrovirens,alive,31,1.2,none,0,regular_growth
315,APC1_CPFA,APC1,CPFA,1069,Dolichandrone atrovirens,alive,20,1.5,none,0,regular_growth
316,APC1_CPFA,APC1,CPFA,1067,Acacia chundra,alive,20,1.2,none,0,regular_growth
317,APC1_CPFA,APC1,CPFA,1066,Acacia chundra,alive,15,0.4,none,0,regular_growth
318,APC1_CPFA,APC1,CPFA,1065,Dolichandrone atrovirens,alive,26,0.6,none,0,regular_growth
319,APC1_CPFA,APC1,CPFA,1064,Acacia chundra,alive,10,0.3,none,0,regular_growth
320,APC1_CPFA,APC1,CPFA,1061,Dolichandrone atrovirens,alive,59,2.7,none,0,regular_growth
321,APC1_CPFA,APC1,CPFA,1060,Erythroxylum monogynum,dead,NA,NA,trampled,0,NA
322,APC1_CPFA,APC1,CPFA,1042,Acacia chundra,dead,NA,NA,trampled,0,NA
323,APC1_CPFA,APC1,CPFA,1041,Acacia chundra,alive,63,1.9,drought,0,epicormic
324,APC1_CPFA,APC1,CPFA,1088,Erythroxylum monogynum,alive,11,0.2,none,0,regular_growth
325,APC10_Control,APC10,Control,4993,Dolichandrone atrovirens,alive,16,0.5,fire,150,collar
326,APC10_Control,APC10,Control,4992,Dolichandrone atrovirens,alive,17,0.4,fire,150,collar
327,APC10_Control,APC10,Control,4991,Dolichandrone atrovirens,alive,96,1.7,drought,0,epicormic
328,APC10_Control,APC10,Control,4989,Acacia chundra,alive,63,0.5,fire,150,collar
329,APC10_Control,APC10,Control,5000,Dolichandrone atrovirens,alive,44,0.6,fire,150,collar
330,APC10_Control,APC10,Control,4999,Dolichandrone atrovirens,alive,160,2.5,fire,150,axillary
331,APC10_Control,APC10,Control,4998,Acacia chundra,alive,60,1.7,drought,150,epicormic
332,APC10_Control,APC10,Control,4997,Acacia chundra,alive,70,2.6,fire,150,epicormic
333,APC10_Control,APC10,Control,4996,Acacia chundra,alive,57,0.6,fire,150,collar
334,APC10_Control,APC10,Control,4995,Dolichandrone atrovirens,alive,150,2.6,fire,130,axillary
335,APC10_Control,APC10,Control,4994,Dolichandrone atrovirens,alive,55,0.7,fire,130,collar
336,APC10_Control,APC10,Control,4990,Dolichandrone atrovirens,alive,56,1.6,fire,150,epicormic
337,APC10_Control,APC10,Control,4988,Acacia chundra,alive,43,0.3,fire,130,collar
338,APC10_Control,APC10,Control,4986,Dolichandrone atrovirens,alive,82,2.6,fire,120,epicormic
339,APC10_Control,APC10,Control,4987,Acacia chundra,alive,33,0.9,fire,130,collar
340,APC10_Control,APC10,Control,4985,Cassia fistula,alive,165,2.2,fire,130,axillary
341,APC10_Control,APC10,Control,4984,Acacia chundra,alive,85,0.5,fire,140,collar
342,APC10_Control,APC10,Control,4983,Acacia chundra,alive,43,0.4,fire,150,collar
343,APC10_Control,APC10,Control,4982,Dolichandrone atrovirens,alive,80,1.7,fire,140,epicormic
344,APC10_Control,APC10,Control,4981,Dolichandrone atrovirens,alive,42,2.6,fire,120,epicormic
345,APC10_Control,APC10,Control,4980,Acacia chundra,alive,16,0.2,fire,150,collar
346,APC10_Control,APC10,Control,4979,Cassia fistula,alive,23,0.9,fire,150,collar
347,APC10_Control,APC10,Control,4978,Acacia chundra,alive,73,1.5,fire,150,epicormic
348,APC10_Control,APC10,Control,4977,Acacia chundra,alive,23,1.1,trampled,0,collar
349,APC10_Control,APC10,Control,4976,Acacia chundra,alive,150,1.4,fire,100,axillary
350,APC10_Control,APC10,Control,4975,Acacia chundra,alive,40,1.1,trampled,0,axillary
351,APC10_Control,APC10,Control,4974,Dolichandrone atrovirens,alive,46,0.7,fire,100,collar
352,APC10_Control,APC10,Control,4973,Acacia chundra,alive,57,1.1,drought,0,axillary
353,APC10_Control,APC10,Control,4972,Acacia chundra,alive,60,0.8,fire,100,collar
354,APC10_Control,APC10,Control,4971,Acacia chundra,alive,76,0.4,fire,100,collar
355,APC2_CAFA,APC2,CAFA,3721,Dalbergia paniculata,alive,15,2,trampled,0,collar
356,APC2_CAFA,APC2,CAFA,3720,Tectona grandis,alive,155,33,none,0,regular_growth
357,APC2_CAFA,APC2,CAFA,3737,Tectona grandis,alive,110,29,browsed,0,epicormic
358,APC2_CAFA,APC2,CAFA,3715,Diospyros montana,alive,65,18,none,0,regular_growth
359,APC2_CAFA,APC2,CAFA,3726,Tectona grandis,alive,27,8,browsed,0,epicormic
360,APC2_CAFA,APC2,CAFA,3741,Tectona grandis,alive,60,19,browsed,0,epicormic
361,APC2_CAFA,APC2,CAFA,3742,Tectona grandis,alive,9,2,trampled,0,collar
362,APC2_CAFA,APC2,CAFA,3750,Tectona grandis,alive,12,4,trampled,0,collar
363,APC2_CAFA,APC2,CAFA,3740,Tectona grandis,alive,95,23,none,0,regular_growth
364,APC2_CAFA,APC2,CAFA,3743,Tectona grandis,alive,87,18,none,0,regular_growth
365,APC2_CPFA,APC2,CPFA,3716,Pongamia pinnata,dead,NA,NA,trampled,0,NA
366,APC2_CPFA,APC2,CPFA,3754,Pongamia pinnata,alive,36,8,none,0,regular_growth
367,APC2_CPFA,APC2,CPFA,3751,Wrightia tinctoria,alive,17,2,none,0,regular_growth
368,APC2_CPFA,APC2,CPFA,3746,Tectona grandis,alive,10,4,none,0,regular_growth
369,APC2_CPFA,APC2,CPFA,3747,Tectona grandis,alive,12,4,none,0,regular_growth
370,APC14_CAFA,APC14,CAFA,3778,Tectona grandis,alive,174,35,none,0,regular_growth
371,APC14_CAFA,APC14,CAFA,3775,Dolichandrone atrovirens,alive,43,19,none,0,regular_growth
372,APC14_CAFA,APC14,CAFA,3772,Pongamia pinnata,alive,33,4,trampled,0,collar
373,APC14_CAFA,APC14,CAFA,3774,Tectona grandis,alive,88,19,none,0,regular_growth
374,APC14_CAFA,APC14,CAFA,3776,Tectona grandis,alive,94,17,none,0,regular_growth
375,APC13_CAFA,APC13,CAFA,3784,Holoptelia intergrifolia,alive,47,10,none,0,regular_growth
376,APC13_CAFA,APC13,CAFA,3783,Tectona grandis,alive,51,10,none,0,regular_growth
377,APC13_CAFA,APC13,CAFA,4506,Holoptelia intergrifolia,alive,23,11,none,0,regular_growth
378,APC13_CAFA,APC13,CAFA,4502,Tectona grandis,alive,25,8,none,0,regular_growth
379,APC13_CAFA,APC13,CAFA,4501,Tectona grandis,alive,65,20,none,0,regular_growth
380,APC13_CAFA,APC13,CAFA,4516,Syzygium cumini,alive,16,8,trampled,0,collar
381,APC13_CAFA,APC13,CAFA,4512,Tectona grandis,alive,87,31,none,0,regular_growth
382,APC13_CAFA,APC13,CAFA,4507,Tectona grandis,alive,98,31,none,0,regular_growth
383,APC13_CAFA,APC13,CAFA,4517,Tectona grandis,alive,10,2,trampled,0,collar
384,APC13_CAFA,APC13,CAFA,4519,Tectona grandis,alive,70,19,none,0,regular_growth
385,APC13_CAFA,APC13,CAFA,4515,Syzygium cumini,alive,55,5,trampled,0,collar
386,APC8_CAFA,APC8,CAFA,3712,Unknown,alive,15,8,none,0,regular_growth
387,APC8_CAFA,APC8,CAFA,3710,Tamarindus indica,alive,65,8,none,0,regular_growth
388,APC8_CAFA,APC8,CAFA,3701,Tamarindus indica,alive,39,6,none,0,regular_growth
389,APC8_CAFA,APC8,CAFA,3708,Limonia acidissima,alive,12,4,browsed,0,epicormic
390,APC8_CAFA,APC8,CAFA,3711,Tamarindus indica,alive,69,8,none,0,regular_growth
391,APC8_CAFA,APC8,CAFA,3709,Azadirachata indica,dead,NA,NA,drought,0,NA
392,APC8_CAFA,APC8,CAFA,3703,Dalbergia paniculata,alive,23,8,browsed,0,epicormic
393,APC8_CAFA,APC8,CAFA,3702,Dalbergia paniculata,alive,43,9,browsed,0,epicormic
394,APC8_CAFA,APC8,CAFA,3723,Dalbergia paniculata,alive,86,15,none,0,regular_growth
395,APC8_CAFA,APC8,CAFA,3705,Tamarindus indica,dead,NA,NA,drought,0,NA
396,APC8_CAFA,APC8,CAFA,3713,Tamarindus indica,dead,NA,NA,drought,0,NA
397,APC8_CAFA,APC8,CAFA,3732,Tamarindus indica,dead,NA,NA,drought,0,NA
398,APC8_CAFA,APC8,CAFA,3722,Dalbergia paniculata,alive,20,2,trampled,0,collar
399,APC8_CAFA,APC8,CAFA,3725,Pongamia pinnata,alive,85,12,none,0,regular_growth
400,APC8_CAFA,APC8,CAFA,3734,Tamarindus indica,dead,NA,NA,drought,0,NA
401,APC8_CAFA,APC8,CAFA,3735,Azadirachata indica,alive,118,19,none,0,regular_growth
402,APC8_CAFA,APC8,CAFA,3733,Cassia fistula,alive,16,2,trampled,0,collar
403,APC8_CAFA,APC8,CAFA,3706,Cassia fistula,alive,32,4,trampled,0,collar
404,APC8_CAFA,APC8,CAFA,3704,Azadirachata indica,alive,25,3,trampled,0,collar
405,APC8_CAFA,APC8,CAFA,3731,Azadirachata indica,alive,15,2,trampled,0,collar
406,APC8_CAFA,APC8,CAFA,3730,Wrightia tinctoria,alive,13,2,trampled,0,collar
407,APC9_CAFA,APC9,CAFA,3761,Pongamia pinnata,alive,15,2,browsed,0,epicormic
408,APC9_CAFA,APC9,CAFA,3762,Syzygium cumini,alive,65,15,none,0,regular_growth
409,APC9_CAFA,APC9,CAFA,3716,Pongamia pinnata,alive,40,5,trampled,0,collar
410,APC9_CAFA,APC9,CAFA,3717,Pongamia pinnata,alive,65,15,none,0,regular_growth
411,APC9_CAFA,APC9,CAFA,3728,Pongamia pinnata,alive,45,16,none,0,regular_growth
412,APC9_CAFA,APC9,CAFA,3714,Pongamia pinnata,alive,38,10,none,0,regular_growth
413,APC9_CAFA,APC9,CAFA,3718,Limonia acidissima,alive,15,6,trampled,0,collar
414,APC9_CAFA,APC9,CAFA,3767,Limonia acidissima,alive,15,2,trampled,0,collar
415,APC9_CAFA,APC9,CAFA,3719,Limonia acidissima,alive,16,2,trampled,0,collar
416,APC9_CAFA,APC9,CAFA,3724,Limonia acidissima,alive,16,2,browsed,0,epicormic
417,APC9_CAFA,APC9,CAFA,3769,Limonia acidissima,alive,68,10,none,0,regular_growth
418,APC9_CAFA,APC9,CAFA,3727,Limonia acidissima,alive,25,8,none,0,regular_growth
419,APC9_CAFA,APC9,CAFA,3729,Limonia acidissima,alive,50,12,none,0,regular_growth
420,APC9_CAFA,APC9,CAFA,3738,Limonia acidissima,alive,40,12,none,0,regular_growth
421,APC9_CAFA,APC9,CAFA,3748,Limonia acidissima,alive,35,9,none,0,regular_growth
422,APC9_CAFA,APC9,CAFA,3780,Limonia acidissima,alive,30,6,none,0,regular_growth
423,APC9_CAFA,APC9,CAFA,3768,Limonia acidissima,alive,38,3,trampled,0,collar
424,APC9_CAFA,APC9,CAFA,3779,Hardwickia binata,alive,18,4,trampled,0,collar
425,APC9_CAFA,APC9,CAFA,3772,Limonia acidissima,alive,40,10,none,0,regular_growth
426,APC9_CAFA,APC9,CAFA,3763,Pongamia pinnata,alive,45,12,none,0,regular_growth
427,APC9_CAFA,APC9,CAFA,3773,Limonia acidissima,alive,13,2,trampled,0,collar
428,APC9_CAFA,APC9,CAFA,3774,Limonia acidissima,dead,NA,NA,drought,0,NA
429,APC9_CAFA,APC9,CAFA,3770,Dalbergia paniculata,alive,100,12,none,0,regular_growth
430,APC9_CAFA,APC9,CAFA,3764,Cassia fistula,alive,80,10,none,0,regular_growth
431,APC9_CAFA,APC9,CAFA,3775,Limonia acidissima,alive,15,4,trampled,0,collar
432,APC9_CAFA,APC9,CAFA,3776,Limonia acidissima,alive,40,10,none,0,regular_growth
433,APC9_CAFA,APC9,CAFA,3777,Limonia acidissima,alive,15,2,trampled,0,collar
434,APC9_CAFA,APC9,CAFA,3734,Pongamia pinnata,alive,60,10,trampled,0,collar
435,APC9_CAFA,APC9,CAFA,3736,Pongamia pinnata,alive,25,5,none,0,regular_growth
436,APC9_CAFA,APC9,CAFA,3752,Pongamia pinnata,alive,70,11,trampled,0,collar
437,APC9_CAFA,APC9,CAFA,3760,Pongamia pinnata,alive,50,8,trampled,0,collar
438,APC9_CAFA,APC9,CAFA,3765,Pongamia pinnata,alive,17,5,trampled,0,collar
439,APC9_CAFA,APC9,CAFA,3766,Pongamia pinnata,alive,58,15,none,0,regular_growth
440,APC8_Control,APC8,Control,3752,Dolichandrone atrovirens,alive,31,2,fire,30,collar
441,APC8_Control,APC8,Control,3729,Dolichandrone atrovirens,alive,46,6,fire,50,collar
442,APC8_Control,APC8,Control,3740,Dolichandrone atrovirens,alive,73,2,fire,30,collar
443,APC8_Control,APC8,Control,3738,Dolichandrone atrovirens,alive,45,15,none,0,regular_growth
444,APC8_Control,APC8,Control,3739,Dolichandrone atrovirens,alive,67,12,none,0,regular_growth
445,APC8_Control,APC8,Control,3737,Dolichandrone atrovirens,alive,69,8,fire,50,collar
446,APC8_Control,APC8,Control,3731,Dolichandrone atrovirens,alive,100,19,none,0,regular_growth
447,APC8_Control,APC8,Control,3727,Dolichandrone atrovirens,alive,44,7,fire,60,collar
448,APC8_Control,APC8,Control,3726,Dolichandrone atrovirens,alive,58,15,none,0,regular_growth
449,APC8_Control,APC8,Control,3724,Dolichandrone atrovirens,alive,47,8,fire,60,collar
450,APC8_Control,APC8,Control,3725,Tectona grandis,alive,12,2,fire,30,collar
451,APC8_Control,APC8,Control,3722,Dolichandrone atrovirens,alive,55,11,none,0,regular_growth
452,APC8_Control,APC8,Control,3721,Wrightia tinctoria,alive,21,2,fire,30,collar
453,APC8_Control,APC8,Control,3735,Dolichandrone atrovirens,alive,15,2,fire,50,collar
454,APC13_CAFA,APC13,CAFA,4503,Dolichandrone atrovirens,alive,39,10,drought,0,collar
455,APC13_CAFA,APC13,CAFA,4504,Pongamia pinnata,alive,60,10,trampled,0,collar
456,APC13_CPFA,APC13,CPFA,3749,Pongamia pinnata,alive,40,10,none,0,regular_growth
457,APC13_CPFA,APC13,CPFA,3781,Hardwickia binata,alive,15,8,none,0,regular_growth
458,APC13_CPFA,APC13,CPFA,3770,Hardwickia binata,alive,20,10,none,0,regular_growth
459,APC13_CPFA,APC13,CPFA,3779,Pongamia pinnata,dead,NA,NA,trampled,0,NA
460,APC13_CPFA,APC13,CPFA,3771,Pongamia pinnata,dead,NA,NA,trampled,0,NA
461,APC13_CPFA,APC13,CPFA,3782,Hardwickia binata,alive,15,2,none,0,regular_growth
462,APC13_CPFA,APC13,CPFA,3785,Pongamia pinnata,alive,70,10,none,0,regular_growth
463,APC13_CPFA,APC13,CPFA,3764,Pongamia pinnata,alive,100,10,none,0,regular_growth
464,APC13_CPFA,APC13,CPFA,3763,Tectona grandis,alive,55,12,none,0,regular_growth
465,APC13_CPFA,APC13,CPFA,3762,Tectona grandis,alive,40,20,none,0,regular_growth
466,APC13_CPFA,APC13,CPFA,3780,Hardwickia binata,alive,20,11,none,0,regular_growth
467,APC13_CPFA,APC13,CPFA,3461,Tectona grandis,alive,120,35,none,0,regular_growth
468,APC13_CPFA,APC13,CPFA,3759,Pongamia pinnata,alive,45,12,none,0,regular_growth
469,APC13_CPFA,APC13,CPFA,3760,Hardwickia binata,dead,NA,NA,trampled,0,NA
470,APC13_CPFA,APC13,CPFA,3753,Pongamia pinnata,alive,60,10,none,0,regular_growth
471,APC13_CPFA,APC13,CPFA,3773,Tectona grandis,alive,20,6,none,0,regular_growth
472,APC13_CPFA,APC13,CPFA,3777,Hardwickia binata,alive,15,2,none,0,regular_growth
473,APC10_CAFA,APC10,CAFA,4636,Wrightia tinctoria,alive,94,1.2,trampled,0,axillary
474,APC10_CAFA,APC10,CAFA,4637,Albizia amara,alive,47,0.9,browsed,0,epicormic
475,APC10_CAFA,APC10,CAFA,4638,Cassia fistula,alive,70,1.4,drought,0,axillary
476,APC10_CAFA,APC10,CAFA,4641,Cassia fistula,alive,90,1.1,trampled,0,axillary
477,APC10_CAFA,APC10,CAFA,4642,Cassia fistula,alive,40,0.8,drought,0,axillary
478,APC10_CAFA,APC10,CAFA,4643,Wrightia tinctoria,alive,45,1.3,trampled,0,axillary
479,APC10_CAFA,APC10,CAFA,4644,Cassia fistula,alive,52,0.9,browsed,0,axillary
480,APC10_CAFA,APC10,CAFA,4645,Wrightia tinctoria,alive,70,1.2,browsed,0,axillary
481,APC10_CAFA,APC10,CAFA,4646,Wrightia tinctoria,alive,50,0.8,trampled,0,axillary
482,APC10_CAFA,APC10,CAFA,4647,Cassia fistula,alive,66,1.7,browsed,0,axillary
483,APC10_CAFA,APC10,CAFA,4648,Cassia fistula,alive,40,0.8,browsed,0,axillary
484,APC10_CAFA,APC10,CAFA,4649,Wrightia tinctoria,alive,78,1.9,browsed,0,axillary
485,APC10_CAFA,APC10,CAFA,4650,Tectona grandis,alive,45,1.4,trampled,0,axillary
486,APC10_CAFA,APC10,CAFA,4652,Cassia fistula,alive,115,2.2,drought,0,axillary
487,APC10_CAFA,APC10,CAFA,4653,Cassia fistula,alive,33,1.2,browsed,0,axillary
488,APC10_CAFA,APC10,CAFA,4654,Cassia fistula,alive,46,0.6,browsed,0,axillary
489,APC10_CAFA,APC10,CAFA,4655,Cassia fistula,alive,37,0.6,browsed,0,axillary
490,APC10_CAFA,APC10,CAFA,4656,Wrightia tinctoria,alive,80,1.4,browsed,0,axillary
491,APC10_CAFA,APC10,CAFA,4657,Acacia chundra,alive,71,1.3,browsed,0,axillary
492,APC12_Control,APC12,Control,4970,Dolichandrone atrovirens,alive,7,1.8,fire,90,collar
493,APC12_Control,APC12,Control,4969,Dolichandrone atrovirens,alive,16,0.9,fire,120,collar
494,APC12_Control,APC12,Control,4968,Wrightia tinctoria,alive,38,0.4,fire,110,collar
495,APC12_Control,APC12,Control,4967,Dolichandrone atrovirens,alive,160,3.8,none,0,regular_growth
496,APC12_Control,APC12,Control,4966,Dolichandrone atrovirens,alive,40,0.8,fire,50,collar
497,APC12_Control,APC12,Control,4965,Dolichandrone atrovirens,alive,8,0.3,fire,70,collar
498,APC12_Control,APC12,Control,4964,Dolichandrone atrovirens,alive,10,0.2,fire,60,collar
499,APC12_Control,APC12,Control,4963,Dolichandrone atrovirens,alive,10,0.9,fire,60,collar
500,APC12_Control,APC12,Control,4962,Dolichandrone atrovirens,alive,30,1.1,drought,0,epicormic
501,APC12_Control,APC12,Control,4961,Dolichandrone atrovirens,alive,18,1.2,fire,60,collar
502,APC12_Control,APC12,Control,4960,Dolichandrone atrovirens,alive,46,1.3,fire,60,collar
503,APC12_Control,APC12,Control,4959,Dolichandrone atrovirens,alive,20,0.9,fire,60,collar
504,APC12_Control,APC12,Control,4958,Dolichandrone atrovirens,alive,19,1.4,fire,60,collar
505,APC12_Control,APC12,Control,4957,Dolichandrone atrovirens,alive,36,1.6,drought,0,epicormic
506,APC12_Control,APC12,Control,4956,Dolichandrone atrovirens,alive,80,4.2,none,0,regular_growth
507,APC12_Control,APC12,Control,4955,Dolichandrone atrovirens,alive,66,2.1,fire,80,epicormic
508,APC12_Control,APC12,Control,4954,Dolichandrone atrovirens,alive,145,2.3,none,0,regular_growth
509,APC12_Control,APC12,Control,4953,Dolichandrone atrovirens,alive,124,2.6,none,0,regular_growth
510,APC12_Control,APC12,Control,4952,Dolichandrone atrovirens,alive,40,1.7,fire,70,collar
511,APC3_CAFA,APC3,CAFA,1497,Chloroxylon swietenia,alive,5,0.6,browsed,0,collar
512,APC3_CAFA,APC3,CAFA,1495,Chloroxylon swietenia,alive,22,1.1,browsed,0,epicormic
513,APC3_CAFA,APC3,CAFA,1498,Chloroxylon swietenia,alive,8,0.6,browsed,0,collar
514,APC3_CAFA,APC3,CAFA,1467,Chloroxylon swietenia,alive,20,1.5,browsed,0,collar
515,APC3_CAFA,APC3,CAFA,1468,Dolichandrone atrovirens,alive,43,2.8,drought,0,epicormic
516,APC3_CAFA,APC3,CAFA,1469,Acacia chundra,alive,10,0.9,trampled,0,collar
517,APC3_CAFA,APC3,CAFA,1470,Acacia chundra,alive,130,2.1,browsed,0,epicormic
518,APC3_CAFA,APC3,CAFA,1473,Dolichandrone atrovirens,alive,55,1.9,drought,0,epicormic
519,APC3_CAFA,APC3,CAFA,1474,Dolichandrone atrovirens,alive,140,4.2,browsed,0,axillary
520,APC3_CAFA,APC3,CAFA,1494,Chloroxylon swietenia,dead,NA,NA,trampled,0,NA
521,APC3_CAFA,APC3,CAFA,1493,Chloroxylon swietenia,dead,NA,NA,trampled,0,NA
522,APC3_CAFA,APC3,CAFA,1499,Chloroxylon swietenia,dead,NA,NA,trampled,0,NA
523,APC3_CAFA,APC3,CAFA,1472,Acacia chundra,dead,NA,NA,trampled,0,NA
524,APC3_CAFA,APC3,CAFA,1471,Chloroxylon swietenia,dead,NA,NA,trampled,0,NA
525,APC3_CAFA,APC3,CAFA,1476,Wrightia tinctoria,alive,61,1.5,trampled,0,axillary
526,APC3_CAFA,APC3,CAFA,1492,Acacia chundra,alive,150,2.1,browsed,0,axillary
527,APC3_CAFA,APC3,CAFA,1491,Dalbergia paniculata,dead,NA,NA,trampled,0,NA
528,APC3_CAFA,APC3,CAFA,1481,Dolichandrone atrovirens,alive,97,1.4,browsed,0,axillary
529,APC3_CAFA,APC3,CAFA,1482,Dolichandrone atrovirens,alive,64,0.7,browsed,0,axillary
530,APC3_CAFA,APC3,CAFA,1474,Dolichandrone atrovirens,dead,NA,NA,trampled,0,NA
531,APC3_CAFA,APC3,CAFA,1483,Wrightia tinctoria,alive,7,0.8,trampled,0,collar
532,APC3_CAFA,APC3,CAFA,1485,Dolichandrone atrovirens,alive,142,2.4,browsed,0,axillary
533,APC3_CAFA,APC3,CAFA,1486,Chloroxylon swietenia,alive,130,2.9,trampled,0,axillary
534,APC3_CAFA,APC3,CAFA,1487,Dolichandrone atrovirens,alive,133,2.1,browsed,0,axillary
535,APC3_CAFA,APC3,CAFA,1488,Dolichandrone atrovirens,alive,46,0.9,browsed,0,axillary
536,APC3_CAFA,APC3,CAFA,1475,Dolichandrone atrovirens,dead,NA,NA,trampled,0,NA
537,APC3_CAFA,APC3,CAFA,1478,Annona squamosa,dead,NA,NA,trampled,0,NA
538,APC3_CAFA,APC3,CAFA,1496,Chloroxylon swietenia,dead,NA,NA,trampled,0,NA
539,APC5_CPFA,APC5,CPFA,1374,Dolichandrone atrovirens,alive,76,2.1,none,0,regular_growth
540,APC5_CPFA,APC5,CPFA,1371,Wrightia tinctoria,alive,76,2.1,none,0,regular_growth
541,APC5_CPFA,APC5,CPFA,1370,Wrightia tinctoria,alive,93,2.8,drought,0,epicormic
542,APC5_CPFA,APC5,CPFA,1369,Dolichandrone atrovirens,alive,113,2.1,none,0,regular_growth
543,APC5_CPFA,APC5,CPFA,1368,Azadirachata indica,alive,3,0.4,none,0,regular_growth
544,APC5_CPFA,APC5,CPFA,1367,Premna tomentosa,alive,55,2.9,none,0,regular_growth
545,APC5_CAFA,APC5,CAFA,1327,Dolichandrone atrovirens,alive,113,2.3,browsed,0,axillary
546,APC5_CAFA,APC5,CAFA,1329,Dolichandrone atrovirens,alive,100,2.1,browsed,0,axillary
547,APC5_CAFA,APC5,CAFA,1328,Dolichandrone atrovirens,alive,30,1.5,browsed,0,epicormic
548,APC5_CAFA,APC5,CAFA,1330,Dolichandrone atrovirens,alive,120,2.5,browsed,0,axillary
549,APC5_CAFA,APC5,CAFA,1333,Dolichandrone atrovirens,alive,42,1.3,drought,0,axillary
550,APC5_CAFA,APC5,CAFA,1334,Dolichandrone atrovirens,alive,50,2.9,drought,0,epicormic
551,APC5_CAFA,APC5,CAFA,1335,Dolichandrone atrovirens,alive,72,2.5,trampled,0,epicormic
552,APC5_CAFA,APC5,CAFA,1336,Dolichandrone atrovirens,alive,16,1.8,trampled,0,collar
553,APC5_CAFA,APC5,CAFA,1337,Dolichandrone atrovirens,alive,60,2.3,trampled,0,epicormic
554,APC5_CAFA,APC5,CAFA,1332,Azadirachata indica,alive,22,0.7,trampled,0,collar
555,APC5_CAFA,APC5,CAFA,1331,Premna tomentosa,alive,66,2.5,browsed,0,axillary
556,APC5_CAFA,APC5,CAFA,1338,Dolichandrone atrovirens,alive,80,2.6,trampled,0,axillary
557,APC5_CAFA,APC5,CAFA,1339,Dolichandrone atrovirens,alive,72,3.3,trampled,0,collar
558,APC5_CAFA,APC5,CAFA,1340,Dolichandrone atrovirens,alive,60,1.4,trampled,0,epicormic
559,APC5_CAFA,APC5,CAFA,1344,Dolichandrone atrovirens,alive,31,3.1,trampled,0,epicormic
560,APC5_CAFA,APC5,CAFA,1343,Dolichandrone atrovirens,alive,40,3.6,trampled,0,collar
561,APC5_CAFA,APC5,CAFA,1341,Dolichandrone atrovirens,alive,33,2.1,trampled,0,epicormic
562,APC5_CAFA,APC5,CAFA,1342,Dolichandrone atrovirens,alive,120,2.8,trampled,0,axillary
563,APC5_CAFA,APC5,CAFA,1345,Dolichandrone atrovirens,alive,47,1.7,trampled,0,epicormic
564,APC5_CAFA,APC5,CAFA,1347,Wrightia tinctoria,alive,90,2.7,browsed,0,epicormic
565,APC5_CAFA,APC5,CAFA,1346,Wrightia tinctoria,alive,70,1.3,browsed,0,axillary
566,APC5_CAFA,APC5,CAFA,1348,Wrightia tinctoria,alive,30,1.6,trampled,0,collar
567,APC5_CAFA,APC5,CAFA,1349,Wrightia tinctoria,alive,24,1.4,trampled,0,collar
568,APC5_CAFA,APC5,CAFA,1350,Azadirachata indica,alive,20,0.6,browsed,0,epicormic
569,APC5_CAFA,APC5,CAFA,1351,Wrightia tinctoria,alive,13,1.4,trampled,0,collar
570,APC12_CAFA,APC12,CAFA,4658,Acacia chundra,alive,78,0.6,browsed,0,axillary
571,APC12_CAFA,APC12,CAFA,4659,Acacia chundra,alive,52,1.2,browsed,0,epicormic
572,APC12_CAFA,APC12,CAFA,4660,Acacia chundra,alive,48,1.2,browsed,0,epicormic
573,APC12_CAFA,APC12,CAFA,4661,Acacia chundra,alive,148,2.7,drought,0,axillary
574,APC12_CAFA,APC12,CAFA,4662,Acacia chundra,alive,167,2.5,trampled,0,axillary
575,APC12_CAFA,APC12,CAFA,4663,Acacia chundra,alive,160,3.2,browsed,0,axillary
576,APC12_CAFA,APC12,CAFA,4664,Acacia chundra,alive,110,1.5,browsed,0,epicormic
577,APC12_CAFA,APC12,CAFA,4665,Acacia chundra,alive,235,4.3,drought,0,axillary
578,APC12_CAFA,APC12,CAFA,4666,Acacia chundra,alive,177,3.1,browsed,0,axillary
579,APC12_CAFA,APC12,CAFA,4668,Acacia chundra,alive,150,1.8,browsed,0,axillary
580,APC12_CAFA,APC12,CAFA,4669,Acacia chundra,alive,160,2.4,browsed,0,axillary
581,APC12_CAFA,APC12,CAFA,4670,Acacia chundra,alive,115,2.1,browsed,0,axillary
582,APC12_CAFA,APC12,CAFA,4671,Acacia chundra,alive,31,1.1,trampled,0,collar
583,APC12_CAFA,APC12,CAFA,4672,Acacia chundra,alive,20,1.6,trampled,0,collar
584,APC12_CAFA,APC12,CAFA,4673,Acacia chundra,alive,28,0.9,trampled,0,collar
585,APC12_CAFA,APC12,CAFA,4674,Acacia chundra,alive,8,1.2,trampled,0,collar
586,APC12_CAFA,APC12,CAFA,4675,Acacia chundra,alive,66,1.9,browsed,0,epicormic
587,APC12_CAFA,APC12,CAFA,4676,Acacia chundra,alive,53,1.4,trampled,0,collar
588,APC12_CAFA,APC12,CAFA,4678,Wrightia tinctoria,alive,50,1.1,browsed,0,axillary
589,APC12_CAFA,APC12,CAFA,4677,Wrightia tinctoria,alive,43,1.1,trampled,0,collar
590,APC12_CAFA,APC12,CAFA,4679,Wrightia tinctoria,alive,102,2.9,browsed,0,axillary
591,APC12_CPFA,APC12,CPFA,4680,Acacia chundra,alive,60,2.1,none,0,regular_growth
592,APC12_CPFA,APC12,CPFA,4681,Acacia chundra,alive,18,0.9,none,0,regular_growth
593,APC12_CPFA,APC12,CPFA,4682,Acacia chundra,alive,47,1.8,none,0,regular_growth
594,APC12_CPFA,APC12,CPFA,4683,Acacia chundra,alive,38,2.2,drought,0,epicormic
595,APC12_CPFA,APC12,CPFA,4684,Acacia chundra,alive,60,1.2,drought,0,epicormic
596,APC12_CPFA,APC12,CPFA,4685,Acacia chundra,alive,99,1.7,drought,0,epicormic
597,APC12_CPFA,APC12,CPFA,4686,Acacia chundra,alive,43,1.2,none,0,regular_growth
598,APC12_CPFA,APC12,CPFA,4687,Acacia chundra,alive,65,1.1,none,0,regular_growth
599,APC12_CPFA,APC12,CPFA,4688,Acacia chundra,alive,100,1.5,none,0,regular_growth
600,APC12_CPFA,APC12,CPFA,4689,Acacia chundra,alive,40,0.9,drought,0,epicormic
601,APC12_CPFA,APC12,CPFA,4690,Acacia chundra,alive,20,1.5,drought,0,epicormic
602,APC12_CPFA,APC12,CPFA,4691,Acacia chundra,alive,40,1.7,drought,0,epicormic
603,APC12_CPFA,APC12,CPFA,4692,Acacia chundra,alive,120,1.5,none,0,regular_growth
604,APC12_CPFA,APC12,CPFA,4693,Acacia chundra,alive,50,0.6,none,0,regular_growth
605,APC12_CPFA,APC12,CPFA,4694,Acacia chundra,alive,120,1.7,none,0,regular_growth
606,APC12_CPFA,APC12,CPFA,4696,Acacia chundra,alive,80,2.1,drought,0,epicormic
607,APC12_CPFA,APC12,CPFA,4695,Acacia chundra,alive,70,1.5,none,0,regular_growth
608,APC12_CPFA,APC12,CPFA,4697,Acacia chundra,alive,110,1.7,none,0,regular_growth
609,APC12_CPFA,APC12,CPFA,4698,Acacia chundra,alive,12,1.9,none,0,regular_growth
610,APC12_CPFA,APC12,CPFA,4699,Acacia chundra,alive,180,3.3,none,0,regular_growth
611,APC12_CPFA,APC12,CPFA,3283,Acacia chundra,alive,55,2.1,none,0,regular_growth
612,APC12_CPFA,APC12,CPFA,3282,Acacia chundra,alive,135,1.7,none,0,regular_growth
613,APC12_CPFA,APC12,CPFA,3279,Acacia chundra,alive,23,0.7,none,0,regular_growth
614,APC12_CPFA,APC12,CPFA,3280,Acacia chundra,alive,15,1.1,none,0,regular_growth
615,APC12_CPFA,APC12,CPFA,3281,Acacia chundra,alive,90,1.7,none,0,regular_growth
616,APA18_CAFA,APA18,CAFA,1152,Dolichandrone atrovirens,alive,0.5,1.1,browsed,0,axillary
617,APA18_CAFA,APA18,CAFA,1139,Dolichandrone atrovirens,alive,0.13,4,browsed,0,axillary
618,APA7_CAFA,APA7,CAFA,3941,Chloroxylon swietenia,alive,39,8,browsed,0,collar
619,APA7_CAFA,APA7,CAFA,3942,Chloroxylon swietenia,alive,12,2,browsed,0,collar
620,APA7_CAFA,APA7,CAFA,3945,Chloroxylon swietenia,alive,93,15,none,0,regular_growth
621,APA7_CAFA,APA7,CAFA,3946,Chloroxylon swietenia,alive,65,12,none,0,regular_growth
622,APA7_CAFA,APA7,CAFA,3947,Ziziphus mauritiana,alive,10,3,trampled,0,collar
623,APA7_CAFA,APA7,CAFA,3940,Cassia fistula,dead,NA,NA,drought,0,NA
624,APA7_CAFA,APA7,CAFA,3948,Chloroxylon swietenia,alive,90,20,none,0,regular_growth
625,APA7_CAFA,APA7,CAFA,3943,Chloroxylon swietenia,alive,30,21,browsed,0,epicormic
626,APA7_CAFA,APA7,CAFA,3944,Chloroxylon swietenia,alive,35,19,browsed,0,epicormic
627,APA7_CAFA,APA7,CAFA,3949,Sapindus emarginatus,alive,22,6,trampled,0,collar
628,APA7_CAFA,APA7,CAFA,3950,Azadirachata indica,alive,30,10,trampled,0,collar
629,APA8_CAFA,APA8,CAFA,3998,Dolichandrone atrovirens,alive,70,12,trampled,0,collar
630,APA8_CAFA,APA8,CAFA,3996,Dolichandrone atrovirens,alive,40,10,drought,0,collar
631,APA8_CAFA,APA8,CAFA,3995,Dolichandrone atrovirens,alive,70,10,drought,0,collar
632,APA8_CAFA,APA8,CAFA,3993,Dolichandrone atrovirens,alive,45,11,none,0,regular_growth
633,APA8_CAFA,APA8,CAFA,3994,Dolichandrone atrovirens,alive,52,10,browsed,0,collar
634,APA8_CAFA,APA8,CAFA,3992,Dolichandrone atrovirens,alive,23,6,browsed,0,collar
635,APA8_CAFA,APA8,CAFA,3991,Dolichandrone atrovirens,alive,40,10,browsed,0,collar
636,APA8_CAFA,APA8,CAFA,3997,Dolichandrone atrovirens,alive,30,10,browsed,0,collar
637,APA7_CPFA,APA7,CPFA,3981,Dolichandrone atrovirens,alive,40,8,none,0,regular_growth
638,APA7_CPFA,APA7,CPFA,3984,Dolichandrone atrovirens,alive,40,8,none,0,regular_growth
639,APA7_CPFA,APA7,CPFA,3983,Diospyros montana,alive,24,11,none,0,regular_growth
640,APA7_CPFA,APA7,CPFA,3986,Dolichandrone atrovirens,alive,50,8,drought,0,collar
641,APA7_CPFA,APA7,CPFA,3927,Dolichandrone atrovirens,alive,45,5,none,0,regular_growth
642,APA7_CPFA,APA7,CPFA,3987,Tectona grandis,alive,50,10,none,0,regular_growth
643,APA7_CPFA,APA7,CPFA,3956,Dolichandrone atrovirens,alive,58,4,drought,0,collar
644,APA7_CPFA,APA7,CPFA,3980,Dolichandrone atrovirens,alive,75,8,none,0,regular_growth
645,APA7_CPFA,APA7,CPFA,3973,Dolichandrone atrovirens,alive,65,8,drought,0,collar
646,APA10_CPFA,APA10,CPFA,3974,Dolichandrone atrovirens,alive,31,7,none,0,regular_growth
647,APA10_CPFA,APA10,CPFA,3903,Dolichandrone atrovirens,alive,66,13,drought,0,collar
648,APA10_CPFA,APA10,CPFA,3904,Dolichandrone atrovirens,alive,35,4,none,0,regular_growth
649,APA10_CPFA,APA10,CPFA,3902,Dolichandrone atrovirens,alive,35,6,none,0,regular_growth
650,APA10_CPFA,APA10,CPFA,3976,Dolichandrone atrovirens,alive,40,10,none,0,regular_growth
651,APA10_CPFA,APA10,CPFA,3977,Dolichandrone atrovirens,alive,10,6,none,0,regular_growth
652,APA10_CPFA,APA10,CPFA,3975,Dolichandrone atrovirens,alive,46,8,none,0,regular_growth
653,APA10_CPFA,APA10,CPFA,3901,Dolichandrone atrovirens,alive,30,5,none,0,regular_growth
654,APA10_CPFA,APA10,CPFA,3906,Dolichandrone atrovirens,alive,20,6,none,0,regular_growth
655,APA10_CAFA,APA10,CAFA,3959,Wrightia tinctoria,alive,107,25,none,0,regular_growth
656,APA10_CAFA,APA10,CAFA,3958,Dolichandrone atrovirens,alive,90,25,none,0,regular_growth
657,APA10_CAFA,APA10,CAFA,3955,Dolichandrone atrovirens,alive,160,22,none,0,regular_growth
658,APA10_CAFA,APA10,CAFA,3953,Dolichandrone atrovirens,alive,98,20,none,0,regular_growth
659,APA10_CAFA,APA10,CAFA,3951,Dolichandrone atrovirens,alive,120,22,none,0,regular_growth
660,APA10_CAFA,APA10,CAFA,3954,Dolichandrone atrovirens,alive,60,18,none,0,regular_growth
661,APA10_CAFA,APA10,CAFA,3963,Dolichandrone atrovirens,alive,85,25,none,0,regular_growth
662,APA10_CAFA,APA10,CAFA,3952,Dolichandrone atrovirens,alive,107,25,none,0,regular_growth
663,APA10_CAFA,APA10,CAFA,3960,Dolichandrone atrovirens,alive,67,15,none,0,regular_growth
664,APA10_CAFA,APA10,CAFA,3964,Dolichandrone atrovirens,alive,160,45,none,0,regular_growth
665,APA10_CAFA,APA10,CAFA,3965,Dolichandrone atrovirens,alive,60,15,browsed,0,epicormic
666,APA10_CAFA,APA10,CAFA,3961,Butea monosperma,alive,30,5,trampled,0,collar
667,APA10_CAFA,APA10,CAFA,3999,Pongamia pinnata,alive,90,12,none,0,regular_growth
668,APA10_CAFA,APA10,CAFA,4000,Dolichandrone atrovirens,alive,102,27,none,0,regular_growth
669,APA10_CAFA,APA10,CAFA,3962,Butea monosperma,alive,45,8,none,0,regular_growth
670,APA10_CAFA,APA10,CAFA,3966,Butea monosperma,alive,45,8,none,0,regular_growth
671,APA10_CAFA,APA10,CAFA,3967,Butea monosperma,alive,25,4,trampled,0,collar
672,APA7_Control,APA7,Control,3911,Cassia fistula,alive,45,8,none,0,regular_growth
673,APA7_Control,APA7,Control,3907,Cassia fistula,alive,55,8,fire,30,collar
674,APA7_Control,APA7,Control,3979,Cassia fistula,dead,NA,NA,fire,50,NA
675,APA7_Control,APA7,Control,3978,Cassia fistula,alive,55,5,fire,30,collar
676,APA7_Control,APA7,Control,3913,Cassia fistula,alive,50,4,fire,50,collar
677,APA7_Control,APA7,Control,3910,Acacia leucophloea,dead,NA,NA,fire,50,NA
678,APA7_Control,APA7,Control,3912,Carissa carandas,alive,14,6,fire,30,collar
679,APA7_Control,APA7,Control,3905,Carissa carandas,alive,8,2,fire,20,collar
680,APA7_Control,APA7,Control,3982,Cassia fistula,alive,85,12,fire,30,collar
681,APA6_Control,APA6,Control,3918,Acacia leucophloea,dead,NA,NA,fire,30,NA
682,APA6_Control,APA6,Control,3875,Cassia fistula,alive,34,8,fire,40,collar
683,APA6_Control,APA6,Control,3876,Cassia fistula,alive,95,10,fire,50,collar
684,APA6_Control,APA6,Control,3877,Ziziphus mauritiana,alive,21,2,fire,50,collar
685,APA6_Control,APA6,Control,3880,Dolichandrone atrovirens,alive,130,30,none,0,regular_growth
686,APA6_CAFA,APA6,CAFA,3988,Wrightia tinctoria,alive,140,23,none,0,regular_growth
687,APA6_CAFA,APA6,CAFA,3989,Pongamia pinnata,alive,20,2,trampled,0,collar
688,APA6_CAFA,APA6,CAFA,3957,Holoptelia intergrifolia,alive,150,35,none,0,regular_growth
689,APA6_CAFA,APA6,CAFA,3990,Pongamia pinnata,alive,40,6,trampled,0,collar
690,APA6_CAFA,APA6,CAFA,3971,Pongamia pinnata,alive,24,5,trampled,0,collar
691,APA6_CAFA,APA6,CAFA,3972,Pongamia pinnata,alive,15,2,trampled,0,collar
692,APA6_CAFA,APA6,CAFA,3989,Pongamia pinnata,alive,19,5,trampled,0,collar
693,APA18_CAFA,APA18,CAFA,1140,Dalbergia paniculata,dead,NA,NA,drought,0,NA
694,APA19_Control,APA19,Control,1053,Dolichandrone atrovirens,alive,0.24,1,none,0,regular_growth
695,APA19_Control,APA19,Control,1052,Dolichandrone atrovirens,alive,0.34,1.5,none,0,regular_growth
696,APA19_Control,APA19,Control,1052,Dolichandrone atrovirens,alive,0.34,2.3,none,0,regular_growth
697,APA19_Control,APA19,Control,1050,Dolichandrone atrovirens,alive,0.52,2.2,none,0,regular_growth
698,APA18_CPFA,APA18,CPFA,1106,Dolichandrone atrovirens,alive,0.86,3.6,none,0,regular_growth
699,APA18_CPFA,APA18,CPFA,1105,Dolichandrone atrovirens,alive,0.26,1.1,none,0,regular_growth
700,APA18_CPFA,APA18,CPFA,1101,Dolichandrone atrovirens,alive,0.42,1.7,none,0,regular_growth
701,APA18_CPFA,APA18,CPFA,1102,Dolichandrone atrovirens,alive,0.34,1.4,none,0,regular_growth
702,APA19_CPFA,APA19,CPFA,3413,Ziziphus mauritiana,alive,0.6,4,none,0,regular_growth
703,APA19_CPFA,APA19,CPFA,3401,Cassia fistula,alive,0.86,2.2,none,0,regular_growth
704,APA19_CPFA,APA19,CPFA,3402,Dolichandrone atrovirens,alive,0.17,1.1,none,0,regular_growth
705,APA19_CPFA,APA19,CPFA,3412,Cassia fistula,alive,0.34,5,none,0,regular_growth
706,APA19_CPFA,APA19,CPFA,3411,Dolichandrone atrovirens,alive,0.45,1.7,none,0,regular_growth
707,APA19_CPFA,APA19,CPFA,3404,Dolichandrone atrovirens,alive,0.47,1.8,none,0,regular_growth
708,APA19_CPFA,APA19,CPFA,3403,Dolichandrone atrovirens,alive,0.8,1.8,none,0,regular_growth
709,APA19_CPFA,APA19,CPFA,3410,Dolichandrone atrovirens,alive,0.2,8,none,0,regular_growth
710,APA19_CPFA,APA19,CPFA,3405,Dolichandrone atrovirens,alive,0.29,1.3,none,0,regular_growth
711,APA19_CPFA,APA19,CPFA,3406,Dolichandrone atrovirens,alive,0.66,1.2,none,0,regular_growth
712,APA19_CPFA,APA19,CPFA,3407,Eucalyptus globulus,alive,0.74,2.7,none,0,regular_growth
713,APA19_CPFA,APA19,CPFA,3408,Dolichandrone atrovirens,alive,0.5,1.4,none,0,regular_growth
714,APA19_CPFA,APA19,CPFA,3409,Dolichandrone atrovirens,alive,0.99,2,none,0,regular_growth
715,APA19_Control,APA19,Control,1054,Dolichandrone atrovirens,alive,0.45,1.1,none,0,regular_growth
716,APA19_Control,APA19,Control,1056,Dolichandrone atrovirens,alive,0.23,0.7,none,0,regular_growth
717,APA19_Control,APA19,Control,1055,Dolichandrone atrovirens,alive,0.16,7,none,0,regular_growth
718,APA19_Control,APA19,Control,1049,Dolichandrone atrovirens,alive,0.72,9,none,0,regular_growth
719,APA19_Control,APA19,Control,1048,Dolichandrone atrovirens,alive,0.21,6,none,0,regular_growth
720,APA19_Control,APA19,Control,1047,Dolichandrone atrovirens,alive,103,3,none,0,regular_growth
721,APA19_Control,APA19,Control,1046,Dolichandrone atrovirens,alive,0.51,1.1,none,0,regular_growth
722,APA19_Control,APA19,Control,1045,Dolichandrone atrovirens,alive,0.5,1,none,0,regular_growth
723,APA19_Control,APA19,Control,1044,Dolichandrone atrovirens,alive,0.9,2.7,none,0,regular_growth
724,APA19_Control,APA19,Control,1059,Cassia fistula,alive,0.4,6,none,0,regular_growth
725,APA19_Control,APA19,Control,1057,Dolichandrone atrovirens,alive,0.2,5,none,0,regular_growth
726,APA19_Control,APA19,Control,1058,Dolichandrone atrovirens,alive,0.38,7,none,0,regular_growth
727,APA20_CAFA,APA20,CAFA,3437,Carissa carandas,alive,0.2,5,drought,0,axillary
728,APA20_CAFA,APA20,CAFA,3427,Gyrocarpus americanus,alive,0.72,3.7,none,0,regular_growth
729,APA20_CAFA,APA20,CAFA,3428,Wrightia tinctoria,alive,0.5,1.5,none,0,regular_growth
730,APA20_CAFA,APA20,CAFA,3426,Gyrocarpus americanus,alive,0.65,1.2,none,0,regular_growth
731,APA20_CAFA,APA20,CAFA,3436,Gyrocarpus americanus,alive,0.71,2.7,none,0,regular_growth
732,APA20_CAFA,APA20,CAFA,3435,Azadirachata indica,alive,0.22,6,trampled,0,axillary
733,APA20_CAFA,APA20,CAFA,3434,Wrightia tinctoria,alive,0.27,8,trampled,0,axillary
734,APA20_CAFA,APA20,CAFA,3430,Gyrocarpus americanus,alive,168,3.4,none,0,regular_growth
735,APA20_CAFA,APA20,CAFA,3429,Acacia chundra,alive,0.34,5,trampled,0,axillary
736,APA20_CAFA,APA20,CAFA,3431,Wrightia tinctoria,alive,0.35,1.4,drought,0,axillary
737,APA19_CAFA,APA19,CAFA,1004,Chloroxylon swietenia,alive,0.67,1.5,browsed,0,axillary
738,APA19_CAFA,APA19,CAFA,1000,Chloroxylon swietenia,alive,90,1.7,browsed,0,axillary
739,APA19_CAFA,APA19,CAFA,1002,Chloroxylon swietenia,alive,149,2.8,none,0,regular_growth
740,APA19_CAFA,APA19,CAFA,1003,Chloroxylon swietenia,alive,0.72,1.3,browsed,0,axillary
741,APA19_CAFA,APA19,CAFA,1009,Dalbergia paniculata,alive,0.63,1,none,0,regular_growth
742,APA20_CAFA,APA20,CAFA,3432,Acacia chundra,alive,0.38,9,trampled,0,axillary
743,APA17_CPFA,APA17,CPFA,4733,Dolichandrone atrovirens,alive,93,3.6,browsed,0,epicormic
744,APA17_CPFA,APA17,CPFA,4734,Acacia chundra,alive,50,0.5,none,0,regular_growth
745,APA17_CPFA,APA17,CPFA,4735,Dolichandrone atrovirens,alive,53,2.2,browsed,0,epicormic
746,APA17_CPFA,APA17,CPFA,4737,Cassia fistula,dead,NA,NA,drought,0,NA
747,APA17_CPFA,APA17,CPFA,4736,Dolichandrone atrovirens,alive,30,2.1,browsed,0,epicormic
748,APA17_CPFA,APA17,CPFA,4738,Dolichandrone atrovirens,alive,100,2.5,browsed,0,epicormic
749,APA17_CPFA,APA17,CPFA,4739,Acacia chundra,alive,210,4.3,none,0,regular_growth
750,APA17_CPFA,APA17,CPFA,4740,Dolichandrone atrovirens,alive,106,4.1,browsed,0,epicormic
751,APA17_CPFA,APA17,CPFA,4741,Acacia chundra,alive,44,0.8,none,0,regular_growth
752,APA17_CPFA,APA17,CPFA,4742,Dolichandrone atrovirens,alive,40,0.7,none,0,regular_growth
753,APA17_CAFA,APA17,CAFA,4752,Dolichandrone atrovirens,alive,17,1.5,browsed,0,collar
754,APA17_CAFA,APA17,CAFA,4751,Cassia fistula,alive,23,1.1,trampled,0,collar
755,APA17_CAFA,APA17,CAFA,4754,Acacia chundra,alive,25,0.9,trampled,0,collar
756,APA17_CAFA,APA17,CAFA,4755,Acacia chundra,alive,120,3.2,browsed,0,epicormic
757,APA17_CAFA,APA17,CAFA,4757,Dolichandrone atrovirens,alive,100,1.6,browsed,0,axillary
758,APA17_CAFA,APA17,CAFA,4756,Acacia chundra,alive,200,2.6,trampled,0,axillary
759,APA17_CAFA,APA17,CAFA,4758,Dolichandrone atrovirens,alive,83,2.6,browsed,0,epicormic
760,APA17_CAFA,APA17,CAFA,4750,Acacia chundra,alive,95,1.9,trampled,0,collar
761,APA17_CAFA,APA17,CAFA,4749,Acacia chundra,alive,110,2.3,browsed,0,epicormic
762,APA17_CAFA,APA17,CAFA,4748,Dolichandrone atrovirens,alive,130,3.1,trampled,0,epicormic
763,APA17_CAFA,APA17,CAFA,4747,Cassia fistula,alive,45,0.8,trampled,0,collar
764,APA17_CAFA,APA17,CAFA,4746,Wrightia tinctoria,alive,82,2.1,browsed,0,axillary
765,APA17_CAFA,APA17,CAFA,4761,Dolichandrone atrovirens,alive,116,1.9,trampled,0,axillary
766,APA17_CAFA,APA17,CAFA,4762,Dolichandrone atrovirens,alive,90,1.6,browsed,0,axillary
767,APA17_CAFA,APA17,CAFA,4760,Dolichandrone atrovirens,alive,26,2.6,browsed,0,collar
768,APA17_CAFA,APA17,CAFA,4759,Acacia chundra,alive,135,1.8,browsed,0,epicormic
769,APA17_CAFA,APA17,CAFA,4763,Dolichandrone atrovirens,alive,12,1.5,browsed,0,epicormic
770,APA17_CAFA,APA17,CAFA,4764,Acacia chundra,alive,45,0.9,trampled,0,collar
771,APA17_CAFA,APA17,CAFA,4765,Dolichandrone atrovirens,alive,33,0.6,browsed,0,collar
772,APA17_CAFA,APA17,CAFA,4768,Acacia chundra,alive,90,2.3,browsed,0,epicormic
773,APA17_CAFA,APA17,CAFA,4766,Acacia chundra,alive,22,1.8,trampled,0,collar
774,APA17_CAFA,APA17,CAFA,4767,Acacia chundra,alive,27,2.5,trampled,0,collar
775,APA17_CAFA,APA17,CAFA,4744,Acacia chundra,alive,62,1.5,trampled,0,collar
776,APA17_CAFA,APA17,CAFA,4743,Dolichandrone atrovirens,alive,172,2.7,browsed,0,axillary
777,APA17_CAFA,APA17,CAFA,4745,Acacia chundra,alive,27,1.8,trampled,0,collar
778,APC11_Control,APC11,Control,4606,Dolichandrone atrovirens,alive,28,0.5,fire,180,collar
779,APC11_Control,APC11,Control,4607,Dolichandrone atrovirens,alive,15,0.9,fire,180,collar
780,APC11_Control,APC11,Control,4608,Dolichandrone atrovirens,alive,48,1.2,fire,180,collar
781,APC11_Control,APC11,Control,4609,Dolichandrone atrovirens,alive,126,3.9,fire,180,epicormic
782,APC11_Control,APC11,Control,4610,Dolichandrone atrovirens,alive,44,0.9,fire,190,collar
783,APC11_Control,APC11,Control,4611,Dolichandrone atrovirens,alive,51,0.8,fire,190,collar
784,APC11_Control,APC11,Control,4612,Dolichandrone atrovirens,alive,80,1.7,fire,190,collar
785,APC11_Control,APC11,Control,4613,Dolichandrone atrovirens,alive,45,1.1,fire,190,collar
786,APC11_Control,APC11,Control,4614,Dalbergia sissoo,alive,30,0.5,fire,200,collar
787,APC11_Control,APC11,Control,4616,Dolichandrone atrovirens,alive,64,1.2,fire,210,collar
788,APC11_Control,APC11,Control,4615,Dolichandrone atrovirens,alive,15,0.8,fire,200,collar
789,APC11_Control,APC11,Control,4617,Dolichandrone atrovirens,alive,30,0.5,fire,190,collar
790,APC11_Control,APC11,Control,4618,Dolichandrone atrovirens,alive,40,2.3,fire,190,collar
791,APC11_Control,APC11,Control,4619,Dolichandrone atrovirens,alive,27,2.1,fire,180,collar
792,APC11_Control,APC11,Control,4620,Dolichandrone atrovirens,alive,20,1.5,fire,180,collar
793,APC11_Control,APC11,Control,4621,Dolichandrone atrovirens,alive,47,1.1,fire,180,collar
794,APC11_Control,APC11,Control,4622,Dolichandrone atrovirens,alive,35,1.5,drought,0,epicormic
795,APC11_Control,APC11,Control,4623,Dolichandrone atrovirens,alive,60,2.2,fire,90,collar
796,APC11_Control,APC11,Control,4624,Dolichandrone atrovirens,alive,28,1.1,fire,100,collar
797,APC11_Control,APC11,Control,4625,Dolichandrone atrovirens,alive,47,1.4,fire,100,collar
798,APC11_Control,APC11,Control,4626,Dolichandrone atrovirens,alive,30,0.9,fire,100,collar
799,APC11_Control,APC11,Control,4627,Dolichandrone atrovirens,alive,80,1.3,fire,100,collar
800,APC11_Control,APC11,Control,4628,Dolichandrone atrovirens,alive,70,1.1,fire,110,collar
801,APC11_Control,APC11,Control,4629,Dolichandrone atrovirens,alive,43,0.9,fire,110,collar
802,APC11_Control,APC11,Control,4630,Dolichandrone atrovirens,alive,86,1.5,fire,110,collar
803,APC11_Control,APC11,Control,4631,Dolichandrone atrovirens,alive,33,0.7,fire,150,collar
804,APC11_Control,APC11,Control,4632,Cassia fistula,alive,57,2.3,fire,150,collar
805,APC11_Control,APC11,Control,4633,Dolichandrone atrovirens,alive,47,1.7,fire,150,epicormic
806,APC11_Control,APC11,Control,4634,Dolichandrone atrovirens,alive,44,0.8,fire,150,collar
807,APC11_Control,APC11,Control,4635,Dolichandrone atrovirens,alive,110,3.7,fire,190,epicormic
808,APA16_CAFA,APA16,CAFA,4787,Wrightia tinctoria,alive,22,1.7,trampled,0,collar
809,APA16_CAFA,APA16,CAFA,4785,Azadirachata indica,dead,NA,NA,trampled,0,NA
810,APA16_CAFA,APA16,CAFA,4784,Acacia chundra,dead,NA,NA,trampled,0,NA
811,APA16_CAFA,APA16,CAFA,4783,Acacia chundra,dead,NA,NA,trampled,0,NA
812,APA16_CAFA,APA16,CAFA,4782,Acacia chundra,alive,120,2.3,browsed,0,epicormic
813,APA16_CAFA,APA16,CAFA,4780,Wrightia tinctoria,alive,60,1.7,trampled,0,collar
814,APC11_CAFA,APC11,CAFA,4605,Dalbergia paniculata,alive,98,1.4,browsed,0,epicormic
815,APC11_CAFA,APC11,CAFA,1375,Dolichandrone atrovirens,alive,57,1.2,browsed,0,axillary
816,APC11_CAFA,APC11,CAFA,1376,Tectona grandis,alive,27,0.7,trampled,0,collar
817,APC11_CAFA,APC11,CAFA,1377,Dolichandrone atrovirens,alive,30,1.5,browsed,0,epicormic
818,APC11_CAFA,APC11,CAFA,1378,Cassia fistula,alive,12,0.5,trampled,0,collar
819,APC11_CAFA,APC11,CAFA,1379,Cassia fistula,alive,31,1.2,trampled,0,collar
820,APC11_CAFA,APC11,CAFA,1380,Tectona grandis,alive,142,0.5,browsed,0,epicormic
821,APC11_CAFA,APC11,CAFA,1381,Dolichandrone atrovirens,alive,69,1.5,browsed,0,axillary
822,APC11_CAFA,APC11,CAFA,1382,Albizia amara,alive,150,1.8,browsed,0,epicormic
823,APC11_CAFA,APC11,CAFA,1383,Dolichandrone atrovirens,alive,46,1.1,browsed,0,axillary
824,APC11_CAFA,APC11,CAFA,1384,Dolichandrone atrovirens,alive,53,1.2,browsed,0,epicormic
825,APC11_CAFA,APC11,CAFA,1385,Dolichandrone atrovirens,alive,24,0.7,browsed,0,epicormic
826,APC11_CAFA,APC11,CAFA,1386,Albizia amara,alive,93,0.9,browsed,0,axillary
827,APC11_CAFA,APC11,CAFA,1387,Dolichandrone atrovirens,alive,60,1.1,browsed,0,axillary
828,APC11_CAFA,APC11,CAFA,1388,Dolichandrone atrovirens,alive,50,2.1,browsed,0,axillary
829,APC11_CAFA,APC11,CAFA,1389,Albizia amara,alive,113,1.1,browsed,0,axillary
830,APC11_CAFA,APC11,CAFA,1390,Dolichandrone atrovirens,alive,35,1.1,browsed,0,axillary
831,APC11_CAFA,APC11,CAFA,1391,Dolichandrone atrovirens,alive,45,1.1,browsed,0,axillary
832,APC11_CAFA,APC11,CAFA,1392,Dolichandrone atrovirens,alive,236,3.2,browsed,0,axillary
833,APC11_CAFA,APC11,CAFA,1393,Dolichandrone atrovirens,alive,126,2.2,browsed,0,epicormic
834,APC11_CAFA,APC11,CAFA,1395,Dolichandrone atrovirens,alive,66,1.2,browsed,0,epicormic
835,APC11_CAFA,APC11,CAFA,1396,Dolichandrone atrovirens,alive,34,1.9,drought,0,epicormic
836,APC11_CAFA,APC11,CAFA,1397,Dolichandrone atrovirens,alive,15,1.5,drought,0,collar
837,APC11_CAFA,APC11,CAFA,1398,Dolichandrone atrovirens,alive,20,1.3,trampled,0,collar
838,APC11_CAFA,APC11,CAFA,1399,Dolichandrone atrovirens,alive,15,1.9,trampled,0,collar
839,APC11_CAFA,APC11,CAFA,4601,Dolichandrone atrovirens,alive,90,1.7,browsed,0,axillary
840,APC11_CAFA,APC11,CAFA,4602,Dolichandrone atrovirens,alive,126,1.5,browsed,0,axillary
841,APC11_CAFA,APC11,CAFA,4603,Tectona grandis,alive,70,1.1,trampled,0,axillary
842,APC11_CAFA,APC11,CAFA,4604,Dolichandrone atrovirens,dead,NA,NA,trampled,0,NA
843,APA16_CAFA,APA16,CAFA,4779,Dolichandrone atrovirens,dead,NA,NA,trampled,0,NA
844,APA16_CAFA,APA16,CAFA,4778,Acacia chundra,alive,27,0.3,trampled,0,collar
845,APA16_CAFA,APA16,CAFA,4777,Premna tomentosa,alive,10,2.1,trampled,0,collar
846,APA16_CAFA,APA16,CAFA,4776,Dolichandrone atrovirens,alive,15,1.5,browsed,0,collar
847,APA16_CAFA,APA16,CAFA,4769,Wrightia tinctoria,alive,33,1.3,trampled,0,collar
848,APA16_CAFA,APA16,CAFA,4774,Dolichandrone atrovirens,alive,130,3.1,browsed,0,epicormic
849,APA16_CAFA,APA16,CAFA,4775,Wrightia tinctoria,alive,5,1.9,trampled,0,collar
850,APA16_CAFA,APA16,CAFA,4770,Dolichandrone atrovirens,alive,6,0.9,browsed,0,collar
851,APA16_CAFA,APA16,CAFA,4771,Dolichandrone atrovirens,alive,13,3.2,browsed,0,collar
852,APA16_CAFA,APA16,CAFA,4772,Dolichandrone atrovirens,alive,10,0.4,browsed,0,collar
853,APC3_Control,APC3,Control,1300,Dolichandrone atrovirens,alive,110,1.6,fire,120,epicormic
854,APC3_Control,APC3,Control,1301,Dolichandrone atrovirens,alive,180,2.4,fire,120,axillary
855,APC3_Control,APC3,Control,1302,Chloroxylon swietenia,alive,140,2.6,none,0,regular_growth
856,APC3_Control,APC3,Control,1303,Chloroxylon swietenia,alive,150,2.8,none,0,regular_growth
857,APC3_Control,APC3,Control,1304,Chloroxylon swietenia,alive,128,2.1,drought,0,axillary
858,APC3_Control,APC3,Control,1321,Acacia chundra,alive,90,1.2,fire,120,collar
859,APC3_Control,APC3,Control,1322,Tectona grandis,alive,130,2.1,drought,0,axillary
860,APC3_Control,APC3,Control,1305,Acacia chundra,alive,159,0.8,none,0,regular_growth
861,APC3_Control,APC3,Control,1306,Chloroxylon swietenia,alive,110,2.2,none,0,regular_growth
862,APC3_Control,APC3,Control,1307,Chloroxylon swietenia,alive,106,1.2,none,0,regular_growth
863,APC3_Control,APC3,Control,1308,Chloroxylon swietenia,alive,64,1.3,drought,0,axillary
864,APC3_Control,APC3,Control,1309,Chloroxylon swietenia,alive,143,2.1,none,0,regular_growth
865,APC3_Control,APC3,Control,1310,Chloroxylon swietenia,alive,140,1.8,none,0,regular_growth
866,APC3_Control,APC3,Control,1311,Chloroxylon swietenia,alive,106,1.5,none,0,regular_growth
867,APC3_Control,APC3,Control,1312,Chloroxylon swietenia,alive,110,1.4,browsed,0,axillary
868,APC3_Control,APC3,Control,1314,Azadirachata indica,alive,64,1.1,browsed,0,axillary
869,APC3_Control,APC3,Control,1313,Azadirachata indica,alive,92,0.8,browsed,0,axillary
870,APC3_Control,APC3,Control,1317,Dolichandrone atrovirens,alive,75,1.8,drought,0,epicormic
871,APC3_Control,APC3,Control,1323,Dolichandrone atrovirens,alive,65,2.1,drought,0,epicormic
872,APC3_Control,APC3,Control,1315,Dolichandrone atrovirens,alive,80,1.9,fire,100,axillary
873,APC3_Control,APC3,Control,1316,Tectona grandis,dead,NA,NA,trampled,0,NA
874,APC3_Control,APC3,Control,1319,Dolichandrone atrovirens,alive,83,1.5,drought,0,axillary
875,APC3_Control,APC3,Control,1320,Dolichandrone atrovirens,alive,60,1.8,drought,0,epicormic
876,APC3_Control,APC3,Control,1318,Chloroxylon swietenia,alive,76,1.8,fire,210,epicormic
877,APC3_Control,APC3,Control,1324,Dolichandrone atrovirens,alive,87,2.1,drought,0,axillary
878,APC3_Control,APC3,Control,1325,Chloroxylon swietenia,alive,75,2.1,browsed,0,axillary
879,APC3_Control,APC3,Control,1326,Dolichandrone atrovirens,alive,53,2.4,fire,200,epicormic
880,APA18_CAFA,APA18,CAFA,1142,Dalbergia paniculata,alive,0.77,2.1,none,0,regular_growth
881,APA18_CAFA,APA18,CAFA,1138,Dolichandrone atrovirens,alive,0.44,0.7,browsed,0,axillary
882,APA18_CAFA,APA18,CAFA,1143,Dolichandrone atrovirens,alive,0.64,1.6,none,0,regular_growth
883,APA18_CAFA,APA18,CAFA,1145,Dolichandrone atrovirens,alive,0.45,1.6,browsed,0,axillary
884,APA18_CAFA,APA18,CAFA,1144,Dolichandrone atrovirens,dead,NA,NA,drought,0,NA
885,APA18_CAFA,APA18,CAFA,1147,Dolichandrone atrovirens,alive,0.96,2,browsed,0,axillary
886,APA5_CAFA,APA5,CAFA,3860,Acacia nilotica,alive,32,4,trampled,0,collar
887,APA5_CAFA,APA5,CAFA,3861,Azadirachata indica,alive,10,30,browsed,0,epicormic
888,APA5_CAFA,APA5,CAFA,3862,Ziziphus mauritiana,alive,30,5,trampled,0,collar
889,APA5_CAFA,APA5,CAFA,3866,Diospyros montana,alive,15,6,browsed,0,epicormic
890,APA5_CAFA,APA5,CAFA,3865,Diospyros montana,alive,25,8,browsed,0,epicormic
891,APA5_CAFA,APA5,CAFA,3863,Ziziphus mauritiana,alive,100,13,none,0,regular_growth
892,APA5_CAFA,APA5,CAFA,3873,Diospyros montana,alive,15,4,trampled,0,collar
893,APA5_CAFA,APA5,CAFA,3890,Ziziphus mauritiana,alive,30,12,none,0,regular_growth
894,APA5_CAFA,APA5,CAFA,3891,Butea monosperma,alive,30,8,trampled,0,collar
895,APA5_CAFA,APA5,CAFA,3892,Butea monosperma,alive,35,6,trampled,0,collar
896,APA5_CAFA,APA5,CAFA,3909,Butea monosperma,alive,30,9,none,0,regular_growth
897,APA5_CAFA,APA5,CAFA,3908,Butea monosperma,alive,40,12,none,0,regular_growth
898,APA5_CAFA,APA5,CAFA,3889,Butea monosperma,alive,43,9,trampled,0,collar
899,APA5_CAFA,APA5,CAFA,3888,Butea monosperma,alive,25,8,trampled,0,collar
900,APA5_CAFA,APA5,CAFA,3879,Butea monosperma,alive,37,9,trampled,0,collar
901,APA5_CAFA,APA5,CAFA,3914,Butea monosperma,dead,NA,NA,drought,0,NA
902,APA15_CPFA,APA15,CPFA,3874,Wrightia tinctoria,alive,60,12,none,0,regular_growth
903,APA15_CPFA,APA15,CPFA,3872,Wrightia tinctoria,dead,NA,NA,trampled,0,NA
904,APA15_CPFA,APA15,CPFA,3867,Wrightia tinctoria,dead,NA,NA,trampled,0,NA
905,APA15_CPFA,APA15,CPFA,3869,Wrightia tinctoria,alive,105,25,none,0,regular_growth
906,APA15_CPFA,APA15,CPFA,3868,Wrightia tinctoria,alive,12,5,none,0,regular_growth
907,APA15_CPFA,APA15,CPFA,3871,Wrightia tinctoria,alive,160,30,none,0,regular_growth
908,APA15_CPFA,APA15,CPFA,3870,Wrightia tinctoria,alive,110,25,none,0,regular_growth
909,APA21_CPFA,APA21,CPFA,4926,Dalbergia paniculata,alive,28,1.4,none,0,regular_growth
910,APA21_CPFA,APA21,CPFA,4925,Dalbergia paniculata,alive,9,1.4,none,0,regular_growth
911,APA21_CPFA,APA21,CPFA,4954,Wrightia tinctoria,alive,15,0.9,none,0,regular_growth
912,APA21_CPFA,APA21,CPFA,4923,Erythroxylum monogynum,alive,26,0.8,none,0,regular_growth
913,APA21_CPFA,APA21,CPFA,4921,Dalbergia paniculata,alive,44,0.5,none,0,regular_growth
914,APA21_CPFA,APA21,CPFA,4919,Dalbergia paniculata,alive,120,1.8,drought,0,epicormic
915,APA21_CPFA,APA21,CPFA,4922,Wrightia tinctoria,alive,42,1.3,drought,0,epicormic
916,APA21_CPFA,APA21,CPFA,4920,Wrightia tinctoria,alive,37,1.5,none,0,regular_growth
917,APA12_Control,APA12,Control,4788,Dalbergia paniculata,dead,NA,NA,fire,210,NA
918,APA12_Control,APA12,Control,4909,Wrightia tinctoria,alive,62,1.3,fire,140,collar
919,APA12_Control,APA12,Control,4908,Dalbergia paniculata,alive,80,2.2,fire,140,collar
920,APA12_Control,APA12,Control,4907,Dalbergia paniculata,alive,24,0.3,fire,160,collar
921,APA12_Control,APA12,Control,4906,Dalbergia paniculata,alive,56,1.2,fire,150,collar
922,APA12_Control,APA12,Control,4905,Dalbergia paniculata,alive,60,0.8,fire,150,collar
923,APA12_Control,APA12,Control,4904,Azadirachata indica,alive,50,0.8,fire,140,collar
924,APA12_Control,APA12,Control,4903,Cassia fistula,alive,20,1.5,fire,100,collar
925,APA12_Control,APA12,Control,4902,Cassia fistula,alive,62,0.9,fire,100,collar
926,APA12_Control,APA12,Control,4901,Cassia fistula,alive,65,2.6,fire,160,collar
927,APA12_Control,APA12,Control,4800,Cassia fistula,alive,106,1.1,fire,40,epicormic
928,APA12_Control,APA12,Control,4799,Cassia fistula,alive,80,1.6,fire,150,collar
929,APA12_Control,APA12,Control,4798,Dalbergia paniculata,alive,46,1.4,fire,150,collar
930,APA12_Control,APA12,Control,4797,Cassia fistula,alive,40,0.7,fire,140,collar
931,APA12_Control,APA12,Control,4796,Cassia fistula,alive,60,1.9,fire,110,collar
932,APA12_Control,APA12,Control,4795,Dalbergia paniculata,alive,70,1.4,fire,140,collar
933,APA12_Control,APA12,Control,4792,Dalbergia paniculata,alive,45,0.6,fire,150,collar
934,APA12_Control,APA12,Control,4793,Wrightia tinctoria,alive,38,2.1,fire,110,collar
935,APA12_Control,APA12,Control,4790,Cassia fistula,alive,37,1.9,fire,100,collar
936,APA12_Control,APA12,Control,4791,Cassia fistula,alive,24,1.3,fire,100,collar
937,APA12_Control,APA12,Control,4789,Azadirachata indica,alive,40,1.9,fire,100,collar
938,APA12_CAFA,APA12,CAFA,4917,Azadirachata indica,alive,66,1.1,browsed,0,epicormic
939,APA12_CAFA,APA12,CAFA,4918,Dolichandrone atrovirens,alive,107,2.2,browsed,0,axillary
940,APA12_CAFA,APA12,CAFA,4916,Albizia amara,alive,23,1.1,browsed,0,axillary
941,APA12_CAFA,APA12,CAFA,4915,Dalbergia paniculata,alive,153,3.1,browsed,0,axillary
942,APA12_CAFA,APA12,CAFA,4914,Albizia amara,alive,43,2.1,browsed,0,axillary
943,APA12_CAFA,APA12,CAFA,4911,Erythroxylum monogynum,alive,47,1.9,browsed,0,epicormic
944,APA12_CAFA,APA12,CAFA,4913,Unknown,alive,100,1.1,browsed,0,axillary
945,APA12_CAFA,APA12,CAFA,4912,Azadirachata indica,alive,12,0.7,trampled,0,collar
946,APA12_CAFA,APA12,CAFA,4910,Azadirachata indica,alive,54,1.5,trampled,0,collar
947,APA21_CAFA,APA21,CAFA,4951,Dolichandrone atrovirens,alive,40,0.9,browsed,0,axillary
948,APA21_CAFA,APA21,CAFA,4950,Wrightia tinctoria,alive,135,2.4,browsed,0,axillary
949,APA21_CAFA,APA21,CAFA,4949,Dalbergia paniculata,alive,110,2.1,browsed,0,axillary
950,APA21_CAFA,APA21,CAFA,4927,Premna tomentosa,alive,200,3.3,drought,0,axillary
951,APA21_CAFA,APA21,CAFA,4928,Premna tomentosa,alive,140,2.1,drought,0,axillary
952,APA21_CAFA,APA21,CAFA,4945,Dalbergia paniculata,alive,50,0.9,browsed,0,axillary
953,APA21_CAFA,APA21,CAFA,4946,Dalbergia paniculata,alive,42,1.2,browsed,0,axillary
954,APA21_CAFA,APA21,CAFA,4947,Cassia fistula,alive,34,1.1,browsed,0,axillary
955,APA21_CAFA,APA21,CAFA,4944,Dalbergia paniculata,alive,25,0.7,trampled,0,axillary
956,APA21_CAFA,APA21,CAFA,4943,Dalbergia paniculata,alive,77,1.2,browsed,0,axillary
957,APA21_CAFA,APA21,CAFA,4942,Premna tomentosa,alive,84,1.8,browsed,0,axillary
958,APA21_CAFA,APA21,CAFA,4941,Dalbergia paniculata,alive,70,0.7,trampled,0,axillary
959,APA21_CAFA,APA21,CAFA,4940,Azadirachata indica,alive,60,0.6,browsed,0,axillary
960,APA21_CAFA,APA21,CAFA,4939,Dalbergia paniculata,alive,36,0.6,browsed,0,axillary
961,APA21_CAFA,APA21,CAFA,4938,Dalbergia paniculata,alive,100,1.1,browsed,0,axillary
962,APA21_CAFA,APA21,CAFA,4930,Cassia fistula,alive,37,0.9,trampled,0,axillary
963,APA21_CAFA,APA21,CAFA,4937,Azadirachata indica,alive,40,0.5,browsed,0,epicormic
964,APA21_CAFA,APA21,CAFA,4936,Dalbergia paniculata,alive,50,0.6,browsed,0,axillary
965,APA21_CAFA,APA21,CAFA,4931,Premna tomentosa,alive,205,4.3,browsed,0,axillary
966,APA21_CAFA,APA21,CAFA,4932,Azadirachata indica,alive,85,1.1,browsed,0,axillary
967,APA21_CAFA,APA21,CAFA,4933,Dalbergia paniculata,alive,120,1.5,browsed,0,axillary
968,APA21_CAFA,APA21,CAFA,4934,Wrightia tinctoria,alive,140,1.5,browsed,0,axillary
969,APA1_Control,APA1,Control,1180,Dalbergia paniculata,alive,0.5,7,fire,1.7,axillary
970,APA1_Control,APA1,Control,1181,Wrightia tinctoria,alive,0.9,1.1,fire,2,axillary
971,APA1_Control,APA1,Control,1182,Wrightia tinctoria,alive,0.96,1.4,none,0,regular_growth
972,APA1_Control,APA1,Control,1183,Dolichandrone atrovirens,alive,0.92,2.8,none,0,regular_growth
973,APA1_Control,APA1,Control,1184,Cassia fistula,alive,147,2.5,none,0,regular_growth
974,APA1_Control,APA1,Control,1179,Wrightia tinctoria,alive,0.86,4,fire,2,axillary
975,APA1_Control,APA1,Control,1185,Wrightia tinctoria,alive,0.91,2.3,none,0,regular_growth
976,APA19_CAFA,APA19,CAFA,1011,Chloroxylon swietenia,alive,0.87,2.3,browsed,0,axillary
977,APA19_CAFA,APA19,CAFA,1013,Chloroxylon swietenia,alive,0.71,8,browsed,0,axillary
978,APA19_CAFA,APA19,CAFA,1015,Chloroxylon swietenia,alive,0.8,1.4,browsed,0,axillary
979,APA19_CAFA,APA19,CAFA,1029,Chloroxylon swietenia,alive,0.93,2.4,none,0,regular_growth
980,APA19_CAFA,APA19,CAFA,1030,Chloroxylon swietenia,alive,135,2.7,none,0,regular_growth
981,APA19_CAFA,APA19,CAFA,1028,Chloroxylon swietenia,alive,0.8,2.1,none,0,regular_growth
982,APA19_CAFA,APA19,CAFA,1027,Chloroxylon swietenia,alive,0.42,9,browsed,0,epicormic
983,APA19_CAFA,APA19,CAFA,1022,Chloroxylon swietenia,alive,0.89,2.1,browsed,0,axillary
984,APA19_CAFA,APA19,CAFA,1017,Dalbergia paniculata,alive,0.63,7,trampled,0,axillary
985,APA19_CAFA,APA19,CAFA,1016,Dalbergia paniculata,alive,0.36,1.5,browsed,0,axillary
986,APA19_CAFA,APA19,CAFA,1014,Chloroxylon swietenia,alive,109,1.7,browsed,0,axillary
987,APA19_CAFA,APA19,CAFA,1008,Chloroxylon swietenia,alive,0.61,8,browsed,0,axillary
988,APA2_CAFA,APA2,CAFA,1127,Annona squamosa,alive,180,2.2,none,0,regular_growth
989,APA2_CAFA,APA2,CAFA,1225,Dalbergia paniculata,alive,1.3,2.6,none,0,regular_growth
990,APA2_CAFA,APA2,CAFA,1224,Acacia chundra,alive,0.9,1.7,none,0,regular_growth
991,APA2_CAFA,APA2,CAFA,1226,Chloroxylon swietenia,alive,149,2.5,none,0,regular_growth
992,APA2_CAFA,APA2,CAFA,1223,Azadirachata indica,alive,0.61,9,trampled,0,axillary
993,APA2_CAFA,APA2,CAFA,1122,Dalbergia paniculata,alive,180,2.5,none,0,regular_growth
994,APA2_CAFA,APA2,CAFA,1120,Dalbergia paniculata,alive,0.75,1,none,0,regular_growth
995,APA2_CAFA,APA2,CAFA,1221,Dalbergia paniculata,alive,0.45,6,none,0,regular_growth
996,APA2_CAFA,APA2,CAFA,1109,Dalbergia paniculata,alive,140,2.1,none,0,regular_growth
997,APA2_CAFA,APA2,CAFA,1106,Wrightia tinctoria,alive,130,2.1,none,0,regular_growth
998,APA1_CAFA,APA1,CAFA,3448,Holoptelia intergrifolia,alive,0.88,1.5,none,0,regular_growth
999,APA1_CAFA,APA1,CAFA,3450,Pongamia pinnata,alive,0.45,1,none,0,regular_growth
1000,APA1_CAFA,APA1,CAFA,3451,Dalbergia paniculata,alive,0.92,1.4,none,0,regular_growth
1001,APA1_CAFA,APA1,CAFA,3449,Cassia fistula,alive,105,1.8,none,0,regular_growth
1002,APA1_CAFA,APA1,CAFA,3453,Dalbergia paniculata,alive,0.98,1.8,none,0,regular_growth
1003,APA1_CAFA,APA1,CAFA,3458,Cassia fistula,alive,0.97,1.3,trampled,0,axillary
1004,APA1_CAFA,APA1,CAFA,3457,Cassia fistula,alive,0.83,1.7,drought,0,axillary
1005,APA1_CAFA,APA1,CAFA,3459,Cassia fistula,alive,0.85,1.5,none,0,regular_growth
1006,APA1_CAFA,APA1,CAFA,3462,Pongamia pinnata,alive,0.9,1.3,drought,0,axillary
1007,APA1_CAFA,APA1,CAFA,3463,Wrightia tinctoria,alive,110,3.6,drought,0,axillary
1008,APA1_CAFA,APA1,CAFA,3464,Dalbergia paniculata,alive,130,2.8,none,0,regular_growth
1009,APA1_CAFA,APA1,CAFA,3460,Wrightia tinctoria,alive,0.95,1.3,none,0,regular_growth
1010,APA1_CAFA,APA1,CAFA,3455,Dalbergia paniculata,dead,NA,NA,drought,0,NA
